subject_id,name,source_name,gender,preassigned_axis,birth_date,birth_time,utc_offset,birth_place,latitude,longitude,rodden_rating,source_row_key,birth_source,candidate_source,role_family,role_qid,wikidata_id,wikidata_sitelinks,seed_origin,selection_information_used,event_collection_started,astrology_scored,split,final_det_key,audit_scope,wd_label,wd_description,wd_dob_values,wd_dob_precisions,wd_birth_places,wd_gender_qids,birth_place_match,gender_match,linkage_status
V5CONFIRM_001,Tracy Austin,Tracy Austin,female,COMPETITIVE,1962-12-12,06:18,-08:00,"Redondo Beach, CA, United States",33.845,-118.387,AA,TracyAustin1962,Frozen VedAstro PersonList-15k snapshot,V5_WAVE_A,,,,,WAVE2_ROLE_ONLY_EXPANSION,ROLE_CATEGORY_ONLY;IDENTITY_CHECK_ALLOWED;NO_EVENT_OUTCOME;NO_CHRONOLOGY;NO_ASTROLOGY,False,False,CONFIRM,02e0e33ae718ec558a2226448aff3db1e3f34afc85475836e0bd25c80e8bf35d,CONFIRM,,,,,,,,,PASS_LEGACY_WAVE_A
V5CONFIRM_002,Barbara Jordan,Barbara Jordan,female,COMPETITIVE,1936-02-21,14:30,-06:00,"Houston, TX, United States",29.761,-95.37,AA,BarbaraJordan1936,Frozen VedAstro PersonList-15k snapshot,V5_WIKIDATA_EXPANSION,tennis_player,Q10833314,Q53570,,V5_WIKIDATA_ROLE_ONLY_EXPANSION,ROLE_CATEGORY_ONLY;IDENTITY_LABEL;NO_EVENT_OUTCOME;NO_CHRONOLOGY;NO_PAIRABILITY;NO_ASTROLOGY;NO_CONTROL,False,False,CONFIRM,064e67f2b0c32e507d3e40a47aa669459d13cb7b727d9abdbb8bfca192bb5039,CONFIRM,Barbara Jordan,US American tennis player,1957-04-02,11,Milwaukee,Q6581072,False,True,LIKELY_IDENTITY_MISMATCH
V5CONFIRM_003,Pauline Betz,Pauline Betz,female,COMPETITIVE,1919-08-06,02:50,-04:00,"Dayton, OH, United States",39.761,-84.192,AA,PaulineBetz1919,Frozen VedAstro PersonList-15k snapshot,V5_WIKIDATA_EXPANSION,tennis_player,Q10833314,Q53331,,V5_WIKIDATA_ROLE_ONLY_EXPANSION,ROLE_CATEGORY_ONLY;IDENTITY_LABEL;NO_EVENT_OUTCOME;NO_CHRONOLOGY;NO_PAIRABILITY;NO_ASTROLOGY;NO_CONTROL,False,False,CONFIRM,1240b119ec165569783833ebb8b1cc2baeb409d7cfb140c3914db52c7c8fd462,CONFIRM,Pauline Betz,American tennis player (1919–2011),1919-08-06,11,Dayton,Q6581072,True,True,PASS_EXACT_DOB
V5CONFIRM_004,Doris Hart,Doris Hart,female,COMPETITIVE,1925-06-20,07:00,-05:00,"Saint Louis, MO, United States",38.635,-90.201,AA,DorisHart1925,Frozen VedAstro PersonList-15k snapshot,V5_WIKIDATA_EXPANSION,tennis_player,Q10833314,Q53564,,V5_WIKIDATA_ROLE_ONLY_EXPANSION,ROLE_CATEGORY_ONLY;IDENTITY_LABEL;NO_EVENT_OUTCOME;NO_CHRONOLOGY;NO_PAIRABILITY;NO_ASTROLOGY;NO_CONTROL,False,False,CONFIRM,18111e72b1624428dc416f58e675abe0f67618fde12122b950fa43481b365371,CONFIRM,Doris Hart,American tennis player (1925–2015),1925-06-20,11,St. Louis,Q6581072,False,True,PASS_EXACT_DOB
V5CONFIRM_005,Fabrice Tiozzo,Fabrice Tiozzo,male,COMPETITIVE,1969-05-08,08:30,+01:00,"Saint-Denis, France",48.936,2.365,AA,FabriceTiozzo1969,Frozen VedAstro PersonList-15k snapshot,V5_WIKIDATA_EXPANSION,boxer,Q11338576,Q717369,,V5_WIKIDATA_ROLE_ONLY_EXPANSION,ROLE_CATEGORY_ONLY;IDENTITY_LABEL;NO_EVENT_OUTCOME;NO_CHRONOLOGY;NO_PAIRABILITY;NO_ASTROLOGY;NO_CONTROL,False,False,CONFIRM,0081994afe33f2a2ad4bdb44c57364f51caddfd8085d283fe278bd023d6603d7,CONFIRM,Fabrice Tiozzo,French boxer,1969-05-08,11,Saint-Denis,Q6581097,True,True,PASS_EXACT_DOB
V5CONFIRM_006,Marcel Cerdan,Marcel Cerdan,male,COMPETITIVE,1916-07-22,21:00,+01:00,"Sidi Bel Abbes, Algeria",35.191,-0.635,AA,MarcelCerdan1916,Frozen VedAstro PersonList-15k snapshot,V5_WIKIDATA_EXPANSION,boxer,Q11338576,Q347201,,V5_WIKIDATA_ROLE_ONLY_EXPANSION,ROLE_CATEGORY_ONLY;IDENTITY_LABEL;NO_EVENT_OUTCOME;NO_CHRONOLOGY;NO_PAIRABILITY;NO_ASTROLOGY;NO_CONTROL,False,False,CONFIRM,0285d04557cc9eb84b93297085203cb688f024b66c7ac1e563a872b1ce909e5f,CONFIRM,Marcel Cerdan,French boxer (1916-1949),1916-07-22,11,Sidi Bel Abbès,Q6581097,True,True,PASS_EXACT_DOB
V5CONFIRM_007,Jamie Murray,Jamie Murray,male,COMPETITIVE,1986-02-13,02:01,+00:00,"Glasgow, United Kingdom",55.866,-4.257,AA,JamieMurray1986,Frozen VedAstro PersonList-15k snapshot,V5_WIKIDATA_EXPANSION,tennis_player,Q10833314,Q317820,,V5_WIKIDATA_ROLE_ONLY_EXPANSION,ROLE_CATEGORY_ONLY;IDENTITY_LABEL;NO_EVENT_OUTCOME;NO_CHRONOLOGY;NO_PAIRABILITY;NO_ASTROLOGY;NO_CONTROL,False,False,CONFIRM,0294218da9cc7db46ab286157de7e7933d0f4e86d25929c5ba7a44efa724493d,CONFIRM,Jamie Murray,British tennis player (born 1986),1986-02-13,11,Dunblane,Q6581097,False,True,PASS_EXACT_DOB
V5CONFIRM_008,Zora Folley,Zora Folley,male,COMPETITIVE,1931-05-27,22:53,-05:00,"Dallas, TX, United States",32.778,-96.796,AA,ZoraFolley1931,Frozen VedAstro PersonList-15k snapshot,V5_WIKIDATA_EXPANSION,boxer,Q11338576,Q220464,,V5_WIKIDATA_ROLE_ONLY_EXPANSION,ROLE_CATEGORY_ONLY;IDENTITY_LABEL;NO_EVENT_OUTCOME;NO_CHRONOLOGY;NO_PAIRABILITY;NO_ASTROLOGY;NO_CONTROL,False,False,CONFIRM,05285f65ba7a2f92358282e6adf5dbf8e42a9a883372569bc5b19793f1e87a6f,CONFIRM,Zora Folley,American boxer (1931–1972),1932-05-27,11,Dallas,Q6581097,True,True,REVIEW_DOB_DISCREPANCY_SAME_PLACE
V5CONFIRM_009,Hans Günter Winkler,Hans Günter Winkler,male,COMPETITIVE,1926-07-24,04:30,+01:00,"Wuppertal, Germany",51.256,7.151,AA,HansGünterWinkler1926,Frozen VedAstro PersonList-15k snapshot,V5_WIKIDATA_EXPANSION,athlete,Q2066131,Q62177,,V5_WIKIDATA_ROLE_ONLY_EXPANSION,ROLE_CATEGORY_ONLY;IDENTITY_LABEL;NO_EVENT_OUTCOME;NO_CHRONOLOGY;NO_PAIRABILITY;NO_ASTROLOGY;NO_CONTROL,False,False,CONFIRM,075c9366f2bd7c8f233f51101577b0c9533fb8e8e7c38c5775e578182fd5cf97,CONFIRM,Hans Günter Winkler,German equestrian (1926–2018),1926-07-24,11,Barmen,Q6581097,False,True,PASS_EXACT_DOB
V5CONFIRM_010,Rubin Carter,Rubin Carter,male,COMPETITIVE,1937-05-06,11:45,-04:00,"William Paterson University of New Jersey, NJ, United States",40.948,-74.199,AA,RubinCarter1937,Frozen VedAstro PersonList-15k snapshot,V5_WIKIDATA_EXPANSION,boxer,Q11338576,Q452772,,V5_WIKIDATA_ROLE_ONLY_EXPANSION,ROLE_CATEGORY_ONLY;IDENTITY_LABEL;NO_EVENT_OUTCOME;NO_CHRONOLOGY;NO_PAIRABILITY;NO_ASTROLOGY;NO_CONTROL,False,False,CONFIRM,08eb57fbe9d1cd7d82ddf4054584dec3913724e1e14349aade7692f9a76571ec,CONFIRM,Rubin Carter,American boxer (1937–2014),1937-05-06,11,Clifton,Q6581097,False,True,PASS_EXACT_DOB
V5CONFIRM_011,Pierre Pellizza,Pierre Pellizza,male,COMPETITIVE,1917-07-10,20:00,+01:00,"Lardy, France",48.522,2.266,AA,PierrePellizza1917,Frozen VedAstro PersonList-15k snapshot,V5_WIKIDATA_EXPANSION,tennis_player,Q10833314,Q3386551,,V5_WIKIDATA_ROLE_ONLY_EXPANSION,ROLE_CATEGORY_ONLY;IDENTITY_LABEL;NO_EVENT_OUTCOME;NO_CHRONOLOGY;NO_PAIRABILITY;NO_ASTROLOGY;NO_CONTROL,False,False,CONFIRM,096a916a18555d02e1d63d504f54d88ea26f3a66aa60c43676a79293cb7eca5c,CONFIRM,Pierre Pellizza,French tennis player (1917-1974),1917-07-10,11,Lourdes,Q6581097,False,True,PASS_EXACT_DOB
V5CONFIRM_012,Denny Moyer,Denny Moyer,male,COMPETITIVE,1939-08-08,10:51,-08:00,"Portland, OR, United States",45.516,-122.681,AA,DennyMoyer1939,Frozen VedAstro PersonList-15k snapshot,V5_WIKIDATA_EXPANSION,boxer,Q11338576,Q545389,,V5_WIKIDATA_ROLE_ONLY_EXPANSION,ROLE_CATEGORY_ONLY;IDENTITY_LABEL;NO_EVENT_OUTCOME;NO_CHRONOLOGY;NO_PAIRABILITY;NO_ASTROLOGY;NO_CONTROL,False,False,CONFIRM,0a30c91d0a16a48e5ad882b76c1821ef58258f24d559de6a7daad1ebf4baf1ec,CONFIRM,Denny Moyer,American boxer,1939-08-08,11,Portland,Q6581097,True,True,PASS_EXACT_DOB
V5CONFIRM_013,Ronnie Harris,Ronnie Harris,male,COMPETITIVE,1948-09-03,02:58,-04:00,"Canton, OH, United States",40.797,-81.377,AA,RonnieHarris1948,Frozen VedAstro PersonList-15k snapshot,V5_WIKIDATA_EXPANSION,boxer,Q11338576,Q1344009,,V5_WIKIDATA_ROLE_ONLY_EXPANSION,ROLE_CATEGORY_ONLY;IDENTITY_LABEL;NO_EVENT_OUTCOME;NO_CHRONOLOGY;NO_PAIRABILITY;NO_ASTROLOGY;NO_CONTROL,False,False,CONFIRM,0b4d0a436669769be8fbf8d434e4fc56fc75a5e24de27bca31e24bd2d8e58b57,CONFIRM,Ronnie Harris,American boxer,1948-09-03,11,Canton,Q6581097,True,True,PASS_EXACT_DOB
V5CONFIRM_014,Henry Cooper,Henry Cooper,male,COMPETITIVE,1934-05-03,06:30,+01:00,"London, United Kingdom",51.5,-0.126,AA,HenryCooper1934,Frozen VedAstro PersonList-15k snapshot,V5_WIKIDATA_EXPANSION,boxer,Q11338576,Q381694,,V5_WIKIDATA_ROLE_ONLY_EXPANSION,ROLE_CATEGORY_ONLY;IDENTITY_LABEL;NO_EVENT_OUTCOME;NO_CHRONOLOGY;NO_PAIRABILITY;NO_ASTROLOGY;NO_CONTROL,False,False,CONFIRM,0dd387b959686bbc8849e5a4bae4a108f2ac457143204eef6b24738304e65db6,CONFIRM,Henry Cooper,British boxer (1934–2011),1934-05-03,11,London,Q6581097,True,True,PASS_EXACT_DOB
V5CONFIRM_015,Brian J. White,Brian J. White,male,COMPETITIVE,1973-04-21,20:59,-05:00,"Boston, MA, United States",42.359,-71.059,AA,BrianJ.White1973,Frozen VedAstro PersonList-15k snapshot,V5_WIKIDATA_EXPANSION,athlete,Q2066131,Q1762270,,V5_WIKIDATA_ROLE_ONLY_EXPANSION,ROLE_CATEGORY_ONLY;IDENTITY_LABEL;NO_EVENT_OUTCOME;NO_CHRONOLOGY;NO_PAIRABILITY;NO_ASTROLOGY;NO_CONTROL,False,False,CONFIRM,1006592847b76e08ba78c9e10b4133ade0d390002685f0075788ce459c0eceba,CONFIRM,Brian J. White,American actor,1975-04-21,11,Boston,Q6581097,True,True,REVIEW_DOB_DISCREPANCY_SAME_PLACE
V5CONFIRM_016,Boomer Esiason,Boomer Esiason,male,COMPETITIVE,1961-04-17,23:43,-05:00,"West Islip, NY, United States",40.709,-73.298,AA,BoomerEsiason1961,Frozen VedAstro PersonList-15k snapshot,V5_WAVE_A,,,,,WAVE2_ROLE_ONLY_EXPANSION,ROLE_CATEGORY_ONLY;IDENTITY_CHECK_ALLOWED;NO_EVENT_OUTCOME;NO_CHRONOLOGY;NO_ASTROLOGY,False,False,CONFIRM,1101868e7fe97b2055189d9d9a4dd625b22e63d0832312a2530159f35661a822,CONFIRM,,,,,,,,,PASS_LEGACY_WAVE_A
V5CONFIRM_017,Patrick Vieira,Patrick Vieira,male,COMPETITIVE,1976-06-23,23:05,+00:00,"Dakar, Dakar, Senegal",14.695,-17.449,AA,PatrickVieira1976,Frozen VedAstro PersonList-15k snapshot,V5_WAVE_A,,,,,WAVE2_ROLE_ONLY_EXPANSION,ROLE_CATEGORY_ONLY;IDENTITY_CHECK_ALLOWED;NO_EVENT_OUTCOME;NO_CHRONOLOGY;NO_ASTROLOGY,False,False,CONFIRM,12dc30bafa1e7f7179e4ed9c8c1465382b0025870e014a147b0c9ce2b47cdb88,CONFIRM,,,,,,,,,PASS_LEGACY_WAVE_A
V5CONFIRM_018,Sergi Bruguera,Sergi Bruguera,male,COMPETITIVE,1971-01-16,20:00,+01:00,"Barcelona, Spain",41.388,2.17,AA,SergiBruguera1971,Frozen VedAstro PersonList-15k snapshot,V5_WIKIDATA_EXPANSION,tennis_player,Q10833314,Q311177,,V5_WIKIDATA_ROLE_ONLY_EXPANSION,ROLE_CATEGORY_ONLY;IDENTITY_LABEL;NO_EVENT_OUTCOME;NO_CHRONOLOGY;NO_PAIRABILITY;NO_ASTROLOGY;NO_CONTROL,False,False,CONFIRM,13f9172914c69357efc3ec8c2779da6d38ddd009b8dbaf5f86595b38551a5537,CONFIRM,Sergi Bruguera,Spanish tennis player,1971-01-16,11,Barcelona,Q6581097,True,True,PASS_EXACT_DOB
V5CONFIRM_019,Dieter Thoma,Dieter Thoma,male,COMPETITIVE,1969-10-19,12:35,+01:00,"Hinterzarten, Germany",47.903,8.106,AA,DieterThoma1969,Frozen VedAstro PersonList-15k snapshot,V5_WIKIDATA_EXPANSION,athlete,Q2066131,Q61703,,V5_WIKIDATA_ROLE_ONLY_EXPANSION,ROLE_CATEGORY_ONLY;IDENTITY_LABEL;NO_EVENT_OUTCOME;NO_CHRONOLOGY;NO_PAIRABILITY;NO_ASTROLOGY;NO_CONTROL,False,False,CONFIRM,164931888ecf9d92c7e49fe0be6a6268a6a92ce315c7f739e02595b49d013905,CONFIRM,Dieter Thoma,ski jumper,1969-10-19,11,Hinterzarten,Q6581097,True,True,PASS_EXACT_DOB
V5CONFIRM_020,Maurizio Stecca,Maurizio Stecca,male,COMPETITIVE,1963-03-09,04:00,+01:00,"Santarcangelo di Romagna, Italia",44.065,12.45,AA,MaurizioStecca1963,Frozen VedAstro PersonList-15k snapshot,V5_WIKIDATA_EXPANSION,boxer,Q11338576,Q580903,,V5_WIKIDATA_ROLE_ONLY_EXPANSION,ROLE_CATEGORY_ONLY;IDENTITY_LABEL;NO_EVENT_OUTCOME;NO_CHRONOLOGY;NO_PAIRABILITY;NO_ASTROLOGY;NO_CONTROL,False,False,CONFIRM,17302deeebfddfd046a6f93501fb975b1d1ce22f0c80218e91f7da32dee08ef5,CONFIRM,Maurizio Stecca,Italian boxer,1963-03-09,11,Santarcangelo di Romagna,Q6581097,True,True,PASS_EXACT_DOB
V5CONFIRM_021,Mattiwilda Dobbs,Mattiwilda Dobbs,female,PROJECT,1925-07-11,12:25,-04:00,"Atlanta, GA, United States",33.749,-84.392,AA,MattiwildaDobbs1925,Frozen VedAstro PersonList-15k snapshot,V5_WIKIDATA_EXPANSION,singer,Q177220,Q180896,,V5_WIKIDATA_ROLE_ONLY_EXPANSION,ROLE_CATEGORY_ONLY;IDENTITY_LABEL;NO_EVENT_OUTCOME;NO_CHRONOLOGY;NO_PAIRABILITY;NO_ASTROLOGY;NO_CONTROL,False,False,CONFIRM,001a1da8b5d0e82d5d5e219d8ca434c2610012332b0236c17c1713116c7162ea,CONFIRM,Mattiwilda Dobbs,American coloratura soprano singer,1925-07-11,11,Atlanta,Q6581072,True,True,PASS_EXACT_DOB
V5CONFIRM_022,Arielle Dombasle,Arielle Dombasle,female,PROJECT,1953-04-27,20:34,-04:00,"Hartford, CT, United States",41.766,-72.673,AA,ArielleDombasle1953,Frozen VedAstro PersonList-15k snapshot,V5_WIKIDATA_EXPANSION,film_director,Q2526255,Q284731,,V5_WIKIDATA_ROLE_ONLY_EXPANSION,ROLE_CATEGORY_ONLY;IDENTITY_LABEL;NO_EVENT_OUTCOME;NO_CHRONOLOGY;NO_PAIRABILITY;NO_ASTROLOGY;NO_CONTROL,False,False,CONFIRM,00d77d749affc9373f9ef764cb55178f9f0cda73fdc4f4d7455de8bf8381d32f,CONFIRM,Arielle Dombasle,American-born French-Mexican actress and singer,1953-04-27,11,Hartford,Q6581072,True,True,PASS_EXACT_DOB
V5CONFIRM_023,Belinda Carlisle,Belinda Carlisle,female,PROJECT,1958-08-17,19:17,-07:00,"Los Angeles, CA, United States",34.052,-118.243,AA,BelindaCarlisle1958,Frozen VedAstro PersonList-15k snapshot,V5_WIKIDATA_EXPANSION,singer,Q177220,Q233959,,V5_WIKIDATA_ROLE_ONLY_EXPANSION,ROLE_CATEGORY_ONLY;IDENTITY_LABEL;NO_EVENT_OUTCOME;NO_CHRONOLOGY;NO_PAIRABILITY;NO_ASTROLOGY;NO_CONTROL,False,False,CONFIRM,010da31110797e0fa212ef95100e6c1e3b91630ca23fa90218412dfe5b3e4f9b,CONFIRM,Belinda Carlisle,American singer,1958-08-17,11,Hollywood,Q6581072,False,True,PASS_EXACT_DOB
V5CONFIRM_024,Nadine Trintignant,Nadine Trintignant,female,PROJECT,1934-11-11,03:30,+00:00,"Nice, France",43.703,7.266,AA,NadineTrintignant1934,Frozen VedAstro PersonList-15k snapshot,V5_WIKIDATA_EXPANSION,film_director,Q2526255,Q266222,,V5_WIKIDATA_ROLE_ONLY_EXPANSION,ROLE_CATEGORY_ONLY;IDENTITY_LABEL;NO_EVENT_OUTCOME;NO_CHRONOLOGY;NO_PAIRABILITY;NO_ASTROLOGY;NO_CONTROL,False,False,CONFIRM,0295b67aa913ec2a70aa515d7115433241b3f62437569d0c8f2c6cd6e518c1ce,CONFIRM,Nadine Trintignant,French filmmaker and novelist (born 1934),1934-11-11,11,Nice,Q6581072,True,True,PASS_EXACT_DOB
V5CONFIRM_025,Katharine McPhee,Katharine McPhee,female,PROJECT,1984-03-25,00:05,-08:00,"Los Angeles, CA, United States",34.052,-118.243,AA,KatharineMcPhee1984,Frozen VedAstro PersonList-15k snapshot,V5_WIKIDATA_EXPANSION,singer,Q177220,Q229282,,V5_WIKIDATA_ROLE_ONLY_EXPANSION,ROLE_CATEGORY_ONLY;IDENTITY_LABEL;NO_EVENT_OUTCOME;NO_CHRONOLOGY;NO_PAIRABILITY;NO_ASTROLOGY;NO_CONTROL,False,False,CONFIRM,041119434edf7b9b91765e6af433e11ccaec7f3d9a85c270ed655873133c925f,CONFIRM,Katharine McPhee,"American recording artist, singer and songwriter",1984-03-25,11,Los Angeles,Q6581072,True,True,PASS_EXACT_DOB
V5CONFIRM_026,Marilyn Manson,Marilyn Manson,male,PROJECT,1969-01-05,20:05,-05:00,"Canton, OH, United States",40.797,-81.377,AA,MarilynManson1969,Frozen VedAstro PersonList-15k snapshot,V5_WIKIDATA_EXPANSION,musician,Q639669,Q186327,,V5_WIKIDATA_ROLE_ONLY_EXPANSION,ROLE_CATEGORY_ONLY;IDENTITY_LABEL;NO_EVENT_OUTCOME;NO_CHRONOLOGY;NO_PAIRABILITY;NO_ASTROLOGY;NO_CONTROL,False,False,CONFIRM,0021d8c6a9a6591227807bc639372a23bee47a4c6f75440270e86b5531dc3113,CONFIRM,Marilyn Manson,American musician (born 1969),1969-01-05,11,Canton,Q6581097,True,True,PASS_EXACT_DOB
V5CONFIRM_027,David Morse,David Morse,male,PROJECT,1953-10-11,22:38,-05:00,"Beverly, MA, United States",42.552,-70.883,AA,DavidMorse1953,Frozen VedAstro PersonList-15k snapshot,V5_WIKIDATA_EXPANSION,film_director,Q2526255,Q296370,,V5_WIKIDATA_ROLE_ONLY_EXPANSION,ROLE_CATEGORY_ONLY;IDENTITY_LABEL;NO_EVENT_OUTCOME;NO_CHRONOLOGY;NO_PAIRABILITY;NO_ASTROLOGY;NO_CONTROL,False,False,CONFIRM,00b2981e230e4e618e6767528382b6a0099013ef5413d7b0df184cd9adc86a57,CONFIRM,David Morse,American actor,1953-10-11,11,Beverly,Q6581097,True,True,PASS_EXACT_DOB
V5CONFIRM_028,Michael Richards,Michael Richards,male,PROJECT,1949-07-24,04:43,-08:00,"Culver City, CA, United States",34.022,-118.394,AA,MichaelRichards1949,Frozen VedAstro PersonList-15k snapshot,V5_WIKIDATA_EXPANSION,singer,Q177220,Q314945,,V5_WIKIDATA_ROLE_ONLY_EXPANSION,ROLE_CATEGORY_ONLY;IDENTITY_LABEL;NO_EVENT_OUTCOME;NO_CHRONOLOGY;NO_PAIRABILITY;NO_ASTROLOGY;NO_CONTROL,False,False,CONFIRM,00f8326bda2dfb5bee915f12a785625ab5907d5885e96abc077cf35af6666f0d,CONFIRM,Michael Richards,American actor and comedian,1949-07-24,11,Culver City,Q6581097,True,True,PASS_EXACT_DOB
V5CONFIRM_029,Matt Dillon,Matt Dillon,male,PROJECT,1964-02-18,06:05,-05:00,"New Rochelle, NY, United States",40.912,-73.782,AA,MattDillon1964,Frozen VedAstro PersonList-15k snapshot,V5_WIKIDATA_EXPANSION,film_director,Q2526255,Q193070,,V5_WIKIDATA_ROLE_ONLY_EXPANSION,ROLE_CATEGORY_ONLY;IDENTITY_LABEL;NO_EVENT_OUTCOME;NO_CHRONOLOGY;NO_PAIRABILITY;NO_ASTROLOGY;NO_CONTROL,False,False,CONFIRM,016898cbdea9d683de619488ccbca9972eb150b61a2af7b5d00443cd176168c3,CONFIRM,Matt Dillon,American actor,1964-02-18,11,New Rochelle,Q6581097,True,True,PASS_EXACT_DOB
V5CONFIRM_030,Marco Ferreri,Marco Ferreri,male,PROJECT,1928-05-11,19:00,+01:00,"Milan, Italy",45.464,9.188,AA,MarcoFerreri1928,Frozen VedAstro PersonList-15k snapshot,V5_WIKIDATA_EXPANSION,actor,Q33999,Q53018,,V5_WIKIDATA_ROLE_ONLY_EXPANSION,ROLE_CATEGORY_ONLY;IDENTITY_LABEL;NO_EVENT_OUTCOME;NO_CHRONOLOGY;NO_PAIRABILITY;NO_ASTROLOGY;NO_CONTROL,False,False,CONFIRM,019927d4f6e90ccbde213159f2b864949d5c82da24277e907b7ab70f2d5d8f6f,CONFIRM,Marco Ferreri,"Italian film director, screenwriter and actor (1928—1997)",1928-05-11,11,Milan,Q6581097,True,True,PASS_EXACT_DOB
V5CONFIRM_031,Gregory Peck,Gregory Peck,male,PROJECT,1916-04-05,08:00,-08:00,"La Jolla, CA, United States",32.855,-117.25,AA,GregoryPeck1916,Frozen VedAstro PersonList-15k snapshot,V5_WAVE_A,,,,,WAVE2_ROLE_ONLY_EXPANSION,ROLE_CATEGORY_ONLY;IDENTITY_CHECK_ALLOWED;NO_EVENT_OUTCOME;NO_CHRONOLOGY;NO_ASTROLOGY,False,False,CONFIRM,01e9645edff8072b1a00708f6b851d30413215576272fe6fcb0c84fc7bfc34ec,CONFIRM,,,,,,,,,PASS_LEGACY_WAVE_A
V5CONFIRM_032,Wayne Marshall,Wayne Marshall,male,PROJECT,1976-05-27,22:42,-04:00,"Waltham, MA, United States",42.376,-71.239,AA,WayneMarshall1976,Frozen VedAstro PersonList-15k snapshot,V5_WIKIDATA_EXPANSION,musician,Q639669,Q348230,,V5_WIKIDATA_ROLE_ONLY_EXPANSION,ROLE_CATEGORY_ONLY;IDENTITY_LABEL;NO_EVENT_OUTCOME;NO_CHRONOLOGY;NO_PAIRABILITY;NO_ASTROLOGY;NO_CONTROL,False,False,CONFIRM,01f8b61e32f8f476accae703548d12d563d33d692541357eba40ae231e1b46c0,CONFIRM,Wayne Marshall,"British pianist, organist and conductor",1961-01-13|1961-01-31,11,Oldham,Q6581097,False,True,LIKELY_IDENTITY_MISMATCH
V5CONFIRM_033,Hélène Grimaud,Hélène Grimaud,female,PROJECT,1969-11-07,11:30,+01:00,"Aix-en-Provence, France",43.525,5.454,AA,HélèneGrimaud1969,Frozen VedAstro PersonList-15k snapshot,V5_WIKIDATA_EXPANSION,musician,Q639669,Q253845,,V5_WIKIDATA_ROLE_ONLY_EXPANSION,ROLE_CATEGORY_ONLY;IDENTITY_LABEL;NO_EVENT_OUTCOME;NO_CHRONOLOGY;NO_PAIRABILITY;NO_ASTROLOGY;NO_CONTROL,False,False,CONFIRM,043af878b51e86cb535d831d31092ec9f90647260ca56a33f32acf8f0488b226,CONFIRM,Hélène Grimaud,French pianist,1969-11-07,11,Aix-en-Provence,Q6581072,True,True,PASS_EXACT_DOB
V5CONFIRM_034,Mamie Van Doren,Mamie Van Doren,female,PROJECT,1931-02-06,17:00,-06:00,"Rowena, SD, United States",43.52,-96.557,AA,MamieVanDoren1931,Frozen VedAstro PersonList-15k snapshot,V5_WIKIDATA_EXPANSION,singer,Q177220,Q264596,,V5_WIKIDATA_ROLE_ONLY_EXPANSION,ROLE_CATEGORY_ONLY;IDENTITY_LABEL;NO_EVENT_OUTCOME;NO_CHRONOLOGY;NO_PAIRABILITY;NO_ASTROLOGY;NO_CONTROL,False,False,CONFIRM,04965546023896aad7f375cd3af273495e735bb0bf802c3bd880f17e52faa559,CONFIRM,Mamie Van Doren,American actress,1931-02-06,11,Rowena,Q6581072,True,True,PASS_EXACT_DOB
V5CONFIRM_035,Harry Belafonte,Harry Belafonte,male,PROJECT,1927-03-01,10:30,-05:00,"New York, NY, United States",40.713,-74.007,AA,HarryBelafonte1927,Frozen VedAstro PersonList-15k snapshot,V5_WIKIDATA_EXPANSION,musician,Q639669,Q214959,,V5_WIKIDATA_ROLE_ONLY_EXPANSION,ROLE_CATEGORY_ONLY;IDENTITY_LABEL;NO_EVENT_OUTCOME;NO_CHRONOLOGY;NO_PAIRABILITY;NO_ASTROLOGY;NO_CONTROL,False,False,CONFIRM,04c79c31ec30faa597112ea871a10517caaad3d76ccea75e93ad0a5a01be4089,CONFIRM,Harry Belafonte,"American singer, actor and civil rights activist (1927–2023)",1927-03-01,11,Seraing||New York City,Q6581097,True,True,PASS_EXACT_DOB
V5CONFIRM_036,Jim Morrison,Jim Morrison,male,PROJECT,1943-12-08,11:55,-04:00,"Melbourne Beach, FL, United States",28.068,-80.558,AA,JimMorrison1943,Frozen VedAstro PersonList-15k snapshot,V5_WIKIDATA_EXPANSION,actor,Q33999,Q44301,,V5_WIKIDATA_ROLE_ONLY_EXPANSION,ROLE_CATEGORY_ONLY;IDENTITY_LABEL;NO_EVENT_OUTCOME;NO_CHRONOLOGY;NO_PAIRABILITY;NO_ASTROLOGY;NO_CONTROL,False,False,CONFIRM,04e4ffe3eb0b338173619d992847ded23f519ebed42af6c72bc7105ca0659206,CONFIRM,Jim Morrison,American singer and poet; lead vocalist of The Doors (1943–1971),1943-12-08,11,Melbourne,Q6581097,True,True,PASS_EXACT_DOB
V5CONFIRM_037,Oliver Stone,Oliver Stone,male,PROJECT,1946-09-15,09:58,-04:00,"New York, NY, United States",40.713,-74.007,AA,OliverStone1946,Frozen VedAstro PersonList-15k snapshot,V5_WIKIDATA_EXPANSION,film_director,Q2526255,Q179497,,V5_WIKIDATA_ROLE_ONLY_EXPANSION,ROLE_CATEGORY_ONLY;IDENTITY_LABEL;NO_EVENT_OUTCOME;NO_CHRONOLOGY;NO_PAIRABILITY;NO_ASTROLOGY;NO_CONTROL,False,False,CONFIRM,05114c6a29cf87c51c7d95fa10740cbdfcbcb83a72db4e74988e6f8885b56de4,CONFIRM,Oliver Stone,"American film director, screenwriter, and producer (born 1946)",1946-09-15,11,New York City,Q6581097,True,True,PASS_EXACT_DOB
V5CONFIRM_038,Chris Farley,Chris Farley,male,PROJECT,1964-02-15,15:34,-06:00,"Madison, WI, United States",43.074,-89.385,AA,ChrisFarley1964,Frozen VedAstro PersonList-15k snapshot,V5_WIKIDATA_EXPANSION,singer,Q177220,Q311752,,V5_WIKIDATA_ROLE_ONLY_EXPANSION,ROLE_CATEGORY_ONLY;IDENTITY_LABEL;NO_EVENT_OUTCOME;NO_CHRONOLOGY;NO_PAIRABILITY;NO_ASTROLOGY;NO_CONTROL,False,False,CONFIRM,0516a2077b87d931e549cc1237e31b9a7f24c8d90236b39861205cd9102db8df,CONFIRM,Chris Farley,American actor and comedian (1964–1997),1964-02-15,11,Madison,Q6581097,True,True,PASS_EXACT_DOB
V5CONFIRM_039,Eriprando Visconti,Eriprando Visconti,male,PROJECT,1932-09-24,08:15,+01:00,"Milan, Italy",45.464,9.188,AA,EriprandoVisconti1932,Frozen VedAstro PersonList-15k snapshot,V5_WIKIDATA_EXPANSION,film_director,Q2526255,Q327346,,V5_WIKIDATA_ROLE_ONLY_EXPANSION,ROLE_CATEGORY_ONLY;IDENTITY_LABEL;NO_EVENT_OUTCOME;NO_CHRONOLOGY;NO_PAIRABILITY;NO_ASTROLOGY;NO_CONTROL,False,False,CONFIRM,052d1438526797653460aad1b8dc8d43c874afe64027806568aa45bcda187abd,CONFIRM,Eriprando Visconti,Italian film director,1932-09-24,11,Milan,Q6581097,True,True,PASS_EXACT_DOB
V5CONFIRM_040,Claire Keim,Claire Keim,female,PROJECT,1975-07-08,18:30,+01:00,"Senlis, France",49.204,2.586,AA,ClaireKeim1975,Frozen VedAstro PersonList-15k snapshot,V5_WIKIDATA_EXPANSION,singer,Q177220,Q281352,,V5_WIKIDATA_ROLE_ONLY_EXPANSION,ROLE_CATEGORY_ONLY;IDENTITY_LABEL;NO_EVENT_OUTCOME;NO_CHRONOLOGY;NO_PAIRABILITY;NO_ASTROLOGY;NO_CONTROL,False,False,CONFIRM,054c5a9feb238709d185f3d969e0d5561a9c4c90ade1d2309b2177820bc0d34f,CONFIRM,Claire Keim,French actress and singer,1975-00-00|1975-07-08,9|11,Senlis,Q6581072,True,True,PASS_EXACT_DOB
V5CONFIRM_041,Orson Welles,Orson Welles,male,PROJECT,1915-05-06,07:00,-06:00,"Kenosha, WI, United States",42.588,-87.823,AA,OrsonWelles1915,Frozen VedAstro PersonList-15k snapshot,V5_WAVE_A,,,,,WAVE2_ROLE_ONLY_EXPANSION,ROLE_CATEGORY_ONLY;IDENTITY_CHECK_ALLOWED;NO_EVENT_OUTCOME;NO_CHRONOLOGY;NO_ASTROLOGY,False,False,CONFIRM,05cb53127ed6220e4491bd19725fa05c3d88abdbf041f0027f78abea158c64f4,CONFIRM,,,,,,,,,PASS_LEGACY_WAVE_A
V5CONFIRM_042,Annie Sprinkle,Annie Sprinkle,female,PROJECT,1954-07-23,11:34,-04:00,"Philadelphia, PA, United States",39.951,-75.166,AA,AnnieSprinkle1954,Frozen VedAstro PersonList-15k snapshot,V5_WIKIDATA_EXPANSION,film_director,Q2526255,Q433576,,V5_WIKIDATA_ROLE_ONLY_EXPANSION,ROLE_CATEGORY_ONLY;IDENTITY_LABEL;NO_EVENT_OUTCOME;NO_CHRONOLOGY;NO_PAIRABILITY;NO_ASTROLOGY;NO_CONTROL,False,False,CONFIRM,0626e8ef575a2211828c589562d08395c7f4873a220c56c5b02e46194fbad150,CONFIRM,Annie Sprinkle,American sex educator and artist (born 1954),1954-07-23,11,Philadelphia,Q6581072,True,True,PASS_EXACT_DOB
V5CONFIRM_043,Margherita Buy,Margherita Buy,female,PROJECT,1962-01-15,12:40,+01:00,"Rome, Italy",41.891,12.494,AA,MargheritaBuy1962,Frozen VedAstro PersonList-15k snapshot,V5_WIKIDATA_EXPANSION,film_director,Q2526255,Q201617,,V5_WIKIDATA_ROLE_ONLY_EXPANSION,ROLE_CATEGORY_ONLY;IDENTITY_LABEL;NO_EVENT_OUTCOME;NO_CHRONOLOGY;NO_PAIRABILITY;NO_ASTROLOGY;NO_CONTROL,False,False,CONFIRM,062e6ebff312abbf8cc9e607d60584f9459fc13f78e85546f9b801edc67d4583,CONFIRM,Margherita Buy,Italian actress,1962-01-15,11,Rome,Q6581072,True,True,PASS_EXACT_DOB
V5CONFIRM_044,Nathalie Delon,Nathalie Delon,female,PROJECT,1941-08-01,19:00,+01:00,"Oujda, L'Oriental, Morocco",34.679,-1.919,AA,NathalieDelon1941,Frozen VedAstro PersonList-15k snapshot,V5_WIKIDATA_EXPANSION,film_director,Q2526255,Q461186,,V5_WIKIDATA_ROLE_ONLY_EXPANSION,ROLE_CATEGORY_ONLY;IDENTITY_LABEL;NO_EVENT_OUTCOME;NO_CHRONOLOGY;NO_PAIRABILITY;NO_ASTROLOGY;NO_CONTROL,False,False,CONFIRM,06a090890667c1b3274d1492b7f8adcb6da025dc3a8c5e507def0cae06500b83,CONFIRM,Nathalie Delon,French actress and director (1941–2021),1941-08-01,11,Oujda,Q6581072,True,True,PASS_EXACT_DOB
V5CONFIRM_045,Robert Bresson,Robert Bresson,male,PROJECT,1901-09-25,13:45,+00:09,"Bromont-Lamothe, France",45.84,2.819,AA,RobertBresson1901,Frozen VedAstro PersonList-15k snapshot,V5_WIKIDATA_EXPANSION,film_director,Q2526255,Q55391,,V5_WIKIDATA_ROLE_ONLY_EXPANSION,ROLE_CATEGORY_ONLY;IDENTITY_LABEL;NO_EVENT_OUTCOME;NO_CHRONOLOGY;NO_PAIRABILITY;NO_ASTROLOGY;NO_CONTROL,False,False,CONFIRM,06ad80245ecb6caa18a465bf1fac651926c6ee44f4cef183268a8bc55aeae168,CONFIRM,Robert Bresson,French film director (1901–1999),1901-09-25,11,Bromont-Lamothe,Q6581097,True,True,PASS_EXACT_DOB
V5CONFIRM_046,Christina Onassis,Christina Onassis,female,STATUS,1950-12-11,15:00,-05:00,"New York, NY, United States",40.713,-74.007,AA,ChristinaOnassis1950,Frozen VedAstro PersonList-15k snapshot,V5_WIKIDATA_EXPANSION,businessperson,Q43845,Q241812,,V5_WIKIDATA_ROLE_ONLY_EXPANSION,ROLE_CATEGORY_ONLY;IDENTITY_LABEL;NO_EVENT_OUTCOME;NO_CHRONOLOGY;NO_PAIRABILITY;NO_ASTROLOGY;NO_CONTROL,False,False,CONFIRM,77af41747ca576fe9318e04101f60e1d5b048ed27ba429beaf7178a1f4ff6e13,CONFIRM,Christina Onassis,"American born Greek/Argentine businesswoman, socialite, and heiress to the Onassis fortune (1950-1988)",1950-12-11,11,Manhattan,Q6581072,False,True,PASS_EXACT_DOB
V5CONFIRM_047,Liliane Bettencourt,Liliane Bettencourt,female,STATUS,1922-10-21,09:00,+00:00,"Paris, France",48.857,2.351,AA,LilianeBettencourt1922,Frozen VedAstro PersonList-15k snapshot,V5_WIKIDATA_EXPANSION,businessperson,Q43845,Q297804,,V5_WIKIDATA_ROLE_ONLY_EXPANSION,ROLE_CATEGORY_ONLY;IDENTITY_LABEL;NO_EVENT_OUTCOME;NO_CHRONOLOGY;NO_PAIRABILITY;NO_ASTROLOGY;NO_CONTROL,False,False,CONFIRM,934922bed52cece4490d6b2ecc3624a453ed6b283bc7e3332c984682a9c6c7e3,CONFIRM,Liliane Bettencourt,"French heiress, socialite and businesswoman",1922-10-21,11,Paris|7th arrondissement of Paris,Q6581072,True,True,PASS_EXACT_DOB
V5CONFIRM_048,Christie Hefner,Christie Hefner,female,STATUS,1952-11-08,16:32,-06:00,"Chicago, IL, United States",41.883,-87.632,AA,ChristieHefner1952,Frozen VedAstro PersonList-15k snapshot,V5_WIKIDATA_EXPANSION,businessperson,Q43845,Q509163,,V5_WIKIDATA_ROLE_ONLY_EXPANSION,ROLE_CATEGORY_ONLY;IDENTITY_LABEL;NO_EVENT_OUTCOME;NO_CHRONOLOGY;NO_PAIRABILITY;NO_ASTROLOGY;NO_CONTROL,False,False,CONFIRM,941e23afe6475d3cbfdeeaa99d39d9e9e1f7c0ed984bef936ed7ea75ac411133,CONFIRM,Christie Hefner,American businesswoman,1952-11-08,11,Wilmette,Q6581072,False,True,PASS_EXACT_DOB
V5CONFIRM_049,Marina Berlusconi,Marina Berlusconi,female,STATUS,1966-08-10,17:50,+02:00,"Milan, Italy",45.464,9.188,AA,MarinaBerlusconi1966,Frozen VedAstro PersonList-15k snapshot,V5_WIKIDATA_EXPANSION,businessperson,Q43845,Q468797,,V5_WIKIDATA_ROLE_ONLY_EXPANSION,ROLE_CATEGORY_ONLY;IDENTITY_LABEL;NO_EVENT_OUTCOME;NO_CHRONOLOGY;NO_PAIRABILITY;NO_ASTROLOGY;NO_CONTROL,False,False,CONFIRM,a018159f15384199de6650a3cb240e5353bab9a994eccfccc0b8833c82a306ba,CONFIRM,Marina Berlusconi,Italian businesswoman,1966-08-10,11,Milan,Q6581072,True,True,PASS_EXACT_DOB
V5CONFIRM_050,Andrea Ypsilanti,Andrea Ypsilanti,female,STATUS,1957-04-08,03:45,+01:00,"Rüsselsheim am Main, Germany",49.995,8.411,AA,AndreaYpsilanti1957,Frozen VedAstro PersonList-15k snapshot,V5_WIKIDATA_EXPANSION,politician,Q82955,Q61577,,V5_WIKIDATA_ROLE_ONLY_EXPANSION,ROLE_CATEGORY_ONLY;IDENTITY_LABEL;NO_EVENT_OUTCOME;NO_CHRONOLOGY;NO_PAIRABILITY;NO_ASTROLOGY;NO_CONTROL,False,False,CONFIRM,eb6643b6f0ff1dad39ac9c9d184a50532f347b48fd04af10ace7fc40248e2234,CONFIRM,Andrea Ypsilanti,German politician,1957-04-08,11,Rüsselsheim am Main,Q6581072,True,True,PASS_EXACT_DOB
V5CONFIRM_051,Sonia Rykiel,Sonia Rykiel,female,STATUS,1930-05-25,23:55,+01:00,"Paris, France",48.857,2.351,AA,SoniaRykiel1930,Frozen VedAstro PersonList-15k snapshot,V5_WIKIDATA_EXPANSION,businessperson,Q43845,Q237944,,V5_WIKIDATA_ROLE_ONLY_EXPANSION,ROLE_CATEGORY_ONLY;IDENTITY_LABEL;NO_EVENT_OUTCOME;NO_CHRONOLOGY;NO_PAIRABILITY;NO_ASTROLOGY;NO_CONTROL,False,False,CONFIRM,f16abca1806a184393ee4757a2fde2e03129e4e1d75cac329ddcd71a9de39c76,CONFIRM,Sonia Rykiel,French fashion designer (1930-2016),1930-01-01|1930-05-25,9|11,14th arrondissement of Paris,Q6581072,False,True,PASS_EXACT_DOB
V5CONFIRM_052,Rachida Dati,Rachida Dati,female,STATUS,1965-11-27,15:30,+01:00,"Saint-Rémy-sur-Avre, France",48.763,1.242,AA,RachidaDati1965,Frozen VedAstro PersonList-15k snapshot,V5_WIKIDATA_EXPANSION,politician,Q82955,Q27182,,V5_WIKIDATA_ROLE_ONLY_EXPANSION,ROLE_CATEGORY_ONLY;IDENTITY_LABEL;NO_EVENT_OUTCOME;NO_CHRONOLOGY;NO_PAIRABILITY;NO_ASTROLOGY;NO_CONTROL,False,False,CONFIRM,fc04227391e1bda5ac947e9f84296840fa7521f89efc9713763a7a60b1a4b3fe,CONFIRM,Rachida Dati,French politician and magistrate,1965-11-27,11,Saint-Rémy,Q6581072,True,True,PASS_EXACT_DOB
V5CONFIRM_053,Malcolm X,Malcolm X,male,STATUS,1925-05-19,22:25,-05:00,"Omaha, NE, United States",41.259,-95.937,AA,MalcolmX1925,Frozen VedAstro PersonList-15k snapshot,V5_WIKIDATA_EXPANSION,politician,Q82955,Q43303,,V5_WIKIDATA_ROLE_ONLY_EXPANSION,ROLE_CATEGORY_ONLY;IDENTITY_LABEL;NO_EVENT_OUTCOME;NO_CHRONOLOGY;NO_PAIRABILITY;NO_ASTROLOGY;NO_CONTROL,False,False,CONFIRM,02b4d4c7b72ddb2e41738579055a4e51323e8365b61840abf8fdd0eb0d48fe8b,CONFIRM,Malcolm X,American Black rights activist (1925–1965),1925-05-19,11,Omaha,Q6581097,True,True,PASS_EXACT_DOB
V5CONFIRM_054,Charles Wilson,Charles Wilson,male,STATUS,1909-05-16,06:00,+00:00,"Glasgow, United Kingdom",55.866,-4.257,AA,CharlesWilson1909,Frozen VedAstro PersonList-15k snapshot,V5_WIKIDATA_EXPANSION,businessperson,Q43845,Q1066474,,V5_WIKIDATA_ROLE_ONLY_EXPANSION,ROLE_CATEGORY_ONLY;IDENTITY_LABEL;NO_EVENT_OUTCOME;NO_CHRONOLOGY;NO_PAIRABILITY;NO_ASTROLOGY;NO_CONTROL,False,False,CONFIRM,02d96207bf5ca9ee8f921901e5eed516b75493c286076258ad6fd10a32440cbc,CONFIRM,Charles Wilson,journalist,2000-01-01,7,Glasgow,Q6581097,True,True,REVIEW_MISSING_OR_LOW_PRECISION_DOB
V5CONFIRM_055,Umberto Agnelli,Umberto Agnelli,male,STATUS,1934-10-30,16:00,+01:00,"Lausanne, Switzerland",46.52,6.632,AA,UmbertoAgnelli1934,Frozen VedAstro PersonList-15k snapshot,V5_WIKIDATA_EXPANSION,businessperson,Q43845,Q967846,,V5_WIKIDATA_ROLE_ONLY_EXPANSION,ROLE_CATEGORY_ONLY;IDENTITY_LABEL;NO_EVENT_OUTCOME;NO_CHRONOLOGY;NO_PAIRABILITY;NO_ASTROLOGY;NO_CONTROL,False,False,CONFIRM,037a451a0369d79e93bcbb381e81f051fbade329a2218a231053d99741e2935b,CONFIRM,Umberto Agnelli,Italian entrepreneur and politician (1934-2004),1934-11-01,11,Lausanne,Q6581097,True,True,REVIEW_DOB_DISCREPANCY_SAME_PLACE
V5CONFIRM_056,Hans Fritzsche,Hans Fritzsche,male,STATUS,1900-04-21,01:15,+01:00,"Bochum, Germany",51.482,7.212,AA,HansFritzsche1900,Frozen VedAstro PersonList-15k snapshot,V5_WIKIDATA_EXPANSION,politician,Q82955,Q58620,,V5_WIKIDATA_ROLE_ONLY_EXPANSION,ROLE_CATEGORY_ONLY;IDENTITY_LABEL;NO_EVENT_OUTCOME;NO_CHRONOLOGY;NO_PAIRABILITY;NO_ASTROLOGY;NO_CONTROL,False,False,CONFIRM,10bbdf9b32e5769d864c45bea47bf564466cfdd67a753a33168400027ebaff9c,CONFIRM,Hans Fritzsche,German Nazi official (1900-1953); International Military Tribunal defendant,1900-04-21,11,Bochum,Q6581097,True,True,PASS_EXACT_DOB
V5CONFIRM_057,Daniel Wildenstein,Daniel Wildenstein,male,STATUS,1917-09-11,18:00,+01:00,"Verrières-le-Buisson, France",48.746,2.267,AA,DanielWildenstein1917,Frozen VedAstro PersonList-15k snapshot,V5_WIKIDATA_EXPANSION,businessperson,Q43845,Q723358,,V5_WIKIDATA_ROLE_ONLY_EXPANSION,ROLE_CATEGORY_ONLY;IDENTITY_LABEL;NO_EVENT_OUTCOME;NO_CHRONOLOGY;NO_PAIRABILITY;NO_ASTROLOGY;NO_CONTROL,False,False,CONFIRM,1592d2bb0631298a074fd23d49fc9e6fc047c29caab04fbca07c765bd40c3bb2,CONFIRM,Daniel Wildenstein,"art dealer and historian, race horse owner and breeder (1917 – 2001)",1917-01-01|1917-09-11,9|11,Verrières-le-Buisson,Q6581097,True,True,PASS_EXACT_DOB
V5CONFIRM_058,Marc Veyrat,Marc Veyrat,male,STATUS,1950-05-08,17:30,+01:00,"Annecy, France",45.9,6.128,AA,MarcVeyrat1950,Frozen VedAstro PersonList-15k snapshot,V5_WIKIDATA_EXPANSION,businessperson,Q43845,Q1225410,,V5_WIKIDATA_ROLE_ONLY_EXPANSION,ROLE_CATEGORY_ONLY;IDENTITY_LABEL;NO_EVENT_OUTCOME;NO_CHRONOLOGY;NO_PAIRABILITY;NO_ASTROLOGY;NO_CONTROL,False,False,CONFIRM,1aacb3988204a56369c70b75a86083a08c06e53db904283779b3c147dde038ac,CONFIRM,Marc Veyrat,French chef,1950-05-08,11,Annecy,Q6581097,True,True,PASS_EXACT_DOB
V5CONFIRM_059,Hermann Fegelein,Hermann Fegelein,male,STATUS,1906-10-30,09:00,+01:00,"Ansbach, Germany",49.301,10.571,AA,HermannFegelein1906,Frozen VedAstro PersonList-15k snapshot,V5_WIKIDATA_EXPANSION,politician,Q82955,Q57676,,V5_WIKIDATA_ROLE_ONLY_EXPANSION,ROLE_CATEGORY_ONLY;IDENTITY_LABEL;NO_EVENT_OUTCOME;NO_CHRONOLOGY;NO_PAIRABILITY;NO_ASTROLOGY;NO_CONTROL,False,False,CONFIRM,1c3c00e4df149d58ad655710295e82824ec58b6299d66dbbe3379d4464863f4f,CONFIRM,Hermann Fegelein,German lieutenant general in the Waffen-SS (1906–1945),1906-10-30,11,Ansbach,Q6581097,True,True,PASS_EXACT_DOB
V5CONFIRM_060,Walter Dirks,Walter Dirks,male,STATUS,1901-08-01,05:00,+01:00,"Dortmund, Germany",51.511,7.464,AA,WalterDirks1901,Frozen VedAstro PersonList-15k snapshot,V5_WIKIDATA_EXPANSION,politician,Q82955,Q95445,,V5_WIKIDATA_ROLE_ONLY_EXPANSION,ROLE_CATEGORY_ONLY;IDENTITY_LABEL;NO_EVENT_OUTCOME;NO_CHRONOLOGY;NO_PAIRABILITY;NO_ASTROLOGY;NO_CONTROL,False,False,CONFIRM,21ca3e6e11d6d6d8c8947632107f4c2aa8c52acaed05a80abbe365e2fd92a74c,CONFIRM,Walter Dirks,German journalist (1901-1991),1901-01-08,11,Dortmund,Q6581097,True,True,REVIEW_DOB_DISCREPANCY_SAME_PLACE
V5CONFIRM_061,Marco Pannella,Marco Pannella,male,STATUS,1930-05-02,02:34,+01:00,"Teramo, Italy",42.661,13.699,AA,MarcoPannella1930,Frozen VedAstro PersonList-15k snapshot,V5_WIKIDATA_EXPANSION,politician,Q82955,Q47651,,V5_WIKIDATA_ROLE_ONLY_EXPANSION,ROLE_CATEGORY_ONLY;IDENTITY_LABEL;NO_EVENT_OUTCOME;NO_CHRONOLOGY;NO_PAIRABILITY;NO_ASTROLOGY;NO_CONTROL,False,False,CONFIRM,23fb8e3fd570c5b1603d18220c59c3d9f144d74dd96f4f249f9d6503a1170367,CONFIRM,Marco Pannella,Italian politician and activist (1930-2016),1930-05-02,11,Teramo,Q6581097,True,True,PASS_EXACT_DOB
V5CONFIRM_062,Johannes Rau,Johannes Rau,male,STATUS,1931-01-16,05:00,+01:00,"Wuppertal, Germany",51.256,7.151,AA,JohannesRau1931,Frozen VedAstro PersonList-15k snapshot,V5_WIKIDATA_EXPANSION,politician,Q82955,Q2551,,V5_WIKIDATA_ROLE_ONLY_EXPANSION,ROLE_CATEGORY_ONLY;IDENTITY_LABEL;NO_EVENT_OUTCOME;NO_CHRONOLOGY;NO_PAIRABILITY;NO_ASTROLOGY;NO_CONTROL,False,False,CONFIRM,2522ef3990a3027b975961706de503226fcbee8c1ad63fb3bc854a2445040b4b,CONFIRM,Johannes Rau,"German politician (SPD), 8th president of Germany from 1999 until 2004 (1931–2006)",1931-01-16,11,Wuppertal,Q6581097,True,True,PASS_EXACT_DOB
V5CONFIRM_063,Jack Welch,Jack Welch,male,STATUS,1935-11-19,10:30,-05:00,"Peabody, MA, United States",42.535,-70.929,AA,JackWelch1935,Frozen VedAstro PersonList-15k snapshot,V5_WAVE_A,,,,,WAVE2_ROLE_ONLY_EXPANSION,ROLE_CATEGORY_ONLY;IDENTITY_CHECK_ALLOWED;NO_EVENT_OUTCOME;NO_CHRONOLOGY;NO_ASTROLOGY,False,False,CONFIRM,26a5152e34b944baf0bf5427ebb5aada47c0fd77bc4409cf334ba594c8791d8d,CONFIRM,,,,,,,,,PASS_LEGACY_WAVE_A
V5CONFIRM_064,Bobby Rahal,Bobby Rahal,male,STATUS,1953-01-10,13:27,-05:00,"Medina, OH, United States",41.136,-81.864,AA,BobbyRahal1953,Frozen VedAstro PersonList-15k snapshot,V5_WIKIDATA_EXPANSION,businessperson,Q43845,Q172255,,V5_WIKIDATA_ROLE_ONLY_EXPANSION,ROLE_CATEGORY_ONLY;IDENTITY_LABEL;NO_EVENT_OUTCOME;NO_CHRONOLOGY;NO_PAIRABILITY;NO_ASTROLOGY;NO_CONTROL,False,False,CONFIRM,27a4c5d7a8cbb94a8ec5ca0b9f4d3a363567e4ca8b44c4af3a970691a2fe0d6d,CONFIRM,Bobby Rahal,American racecar driver,1953-01-10,11,Medina,Q6581097,True,True,PASS_EXACT_DOB
V5CONFIRM_065,Jürgen Wagner,Jürgen Wagner,male,STATUS,1901-09-09,07:00,+01:00,"Strasburg (Uckermark), Germany",53.506,13.751,AA,JürgenWagner1901,Frozen VedAstro PersonList-15k snapshot,V5_WIKIDATA_EXPANSION,politician,Q82955,Q75518,,V5_WIKIDATA_ROLE_ONLY_EXPANSION,ROLE_CATEGORY_ONLY;IDENTITY_LABEL;NO_EVENT_OUTCOME;NO_CHRONOLOGY;NO_PAIRABILITY;NO_ASTROLOGY;NO_CONTROL,False,False,CONFIRM,2879988ce2d8e09a0b2b39bf3c8f2c93cdca80e9c70c9175d9ad6d4a16fceee1,CONFIRM,Jürgen Wagner,"German SS brigade leader, major general of the Waffen-SS and war criminal (1901–1947)",1901-09-09,11,Strasbourg,Q6581097,False,True,PASS_EXACT_DOB
V5CONFIRM_066,Fritz Fischer,Fritz Fischer,male,STATUS,1908-03-05,20:00,+01:00,"Ludwigsstadt, Germany",50.485,11.389,AA,FritzFischer1908,Frozen VedAstro PersonList-15k snapshot,V5_WIKIDATA_EXPANSION,politician,Q82955,Q61533,,V5_WIKIDATA_ROLE_ONLY_EXPANSION,ROLE_CATEGORY_ONLY;IDENTITY_LABEL;NO_EVENT_OUTCOME;NO_CHRONOLOGY;NO_PAIRABILITY;NO_ASTROLOGY;NO_CONTROL,False,False,CONFIRM,2bb9eadfb94ea6de27f63693f706c09e9fb3733ecbe55296481f19e138a09c38,CONFIRM,Fritz Fischer,"German SS officer and concentration camp doctor, convicted war criminal (1912-2003)",1912-10-05,11,Tegel,Q6581097,False,True,LIKELY_IDENTITY_MISMATCH
V5CONFIRM_067,Seymour Cray,Seymour Cray,male,STATUS,1925-09-28,08:30,-06:00,"Chippewa Falls, WI, United States",44.938,-91.392,AA,SeymourCray1925,Frozen VedAstro PersonList-15k snapshot,V5_WIKIDATA_EXPANSION,businessperson,Q43845,Q92765,,V5_WIKIDATA_ROLE_ONLY_EXPANSION,ROLE_CATEGORY_ONLY;IDENTITY_LABEL;NO_EVENT_OUTCOME;NO_CHRONOLOGY;NO_PAIRABILITY;NO_ASTROLOGY;NO_CONTROL,False,False,CONFIRM,2ecf70ca450f6a2dee8a56a891420b0cf58f4a5ac56d03e8c3cad847d5cf191f,CONFIRM,Seymour Cray,"Applied mathematician, computer scientist, and electrical engineer (1925–1996)",1925-09-28,11,Chippewa Falls,Q6581097,True,True,PASS_EXACT_DOB
V5CONFIRM_068,Gianfranco Fini,Gianfranco Fini,male,STATUS,1952-01-03,20:40,+01:00,"Bologna, Italy",44.494,11.347,AA,GianfrancoFini1952,Frozen VedAstro PersonList-15k snapshot,V5_WIKIDATA_EXPANSION,politician,Q82955,Q47583,,V5_WIKIDATA_ROLE_ONLY_EXPANSION,ROLE_CATEGORY_ONLY;IDENTITY_LABEL;NO_EVENT_OUTCOME;NO_CHRONOLOGY;NO_PAIRABILITY;NO_ASTROLOGY;NO_CONTROL,False,False,CONFIRM,34398bdc9bf6526981c2695df4ffae485f7c7cc81da0b6bbeaada8b5f8594b7c,CONFIRM,Gianfranco Fini,Italian politician (born 1952),1952-01-03,11,Bologna,Q6581097,True,True,PASS_EXACT_DOB
V5CONFIRM_069,Heinrich Hellwege,Heinrich Hellwege,male,STATUS,1908-08-18,21:30,+01:00,"Neuenkirchen-Vörden, Deutschland",52.51,8.069,AA,HeinrichHellwege1908,Frozen VedAstro PersonList-15k snapshot,V5_WIKIDATA_EXPANSION,politician,Q82955,Q72669,,V5_WIKIDATA_ROLE_ONLY_EXPANSION,ROLE_CATEGORY_ONLY;IDENTITY_LABEL;NO_EVENT_OUTCOME;NO_CHRONOLOGY;NO_PAIRABILITY;NO_ASTROLOGY;NO_CONTROL,False,False,CONFIRM,345b3ae656253ad9534030d05037d017b1e8fa85192cc50526d8ec73db684db7,CONFIRM,Heinrich Hellwege,German politician (1908-1991),1908-08-18,11,Neuenkirchen,Q6581097,True,True,PASS_EXACT_DOB
V5CONFIRM_070,Guy,Guy,male,STATUS,1974-02-08,09:35,+01:00,"Neuilly-sur-Seine, France",48.884,2.273,AA,Guy1974,Frozen VedAstro PersonList-15k snapshot,V5_WIKIDATA_EXPANSION,politician,Q82955,Q28531,,V5_WIKIDATA_ROLE_ONLY_EXPANSION,ROLE_CATEGORY_ONLY;IDENTITY_LABEL;NO_EVENT_OUTCOME;NO_CHRONOLOGY;NO_PAIRABILITY;NO_ASTROLOGY;NO_CONTROL,False,False,CONFIRM,37aa453283a6a5f437008c4bfb2d04446d67f1f5a617e89c55bff41d57f27b8a,CONFIRM,Guy,Count of Flanders (1251-1305),1225-00-00|1226-01-01,9,Champagne,Q6581097,False,True,REVIEW_MISSING_OR_LOW_PRECISION_DOB
V5CONFIRM_071,Jack Valenti,Jack Valenti,male,STATUS,1921-09-05,20:30,-05:00,"Houston, TX, United States",29.761,-95.37,AA,JackValenti1921,Frozen VedAstro PersonList-15k snapshot,V5_WIKIDATA_EXPANSION,businessperson,Q43845,Q1380767,,V5_WIKIDATA_ROLE_ONLY_EXPANSION,ROLE_CATEGORY_ONLY;IDENTITY_LABEL;NO_EVENT_OUTCOME;NO_CHRONOLOGY;NO_PAIRABILITY;NO_ASTROLOGY;NO_CONTROL,False,False,CONFIRM,3998f9b4ff8b3311cf7bd892c4fbcbac0fe7e3341bd1b0b55eebca50555825fc,CONFIRM,Jack Valenti,American political advisor and lobbyist who served as a Special Assistant to U.S. President Lyndon B. Johnson; also President of the MPAA (1921-2007),1921-09-05,11,Houston,Q6581097,True,True,PASS_EXACT_DOB
V5CONFIRM_072,Camilo Cienfuegos,Camilo Cienfuegos,male,STATUS,1932-02-06,07:00,-05:00,"Havana, Havana, Cuba",23.128,-82.39,AA,CamiloCienfuegos1932,Frozen VedAstro PersonList-15k snapshot,V5_WIKIDATA_EXPANSION,politician,Q82955,Q26853,,V5_WIKIDATA_ROLE_ONLY_EXPANSION,ROLE_CATEGORY_ONLY;IDENTITY_LABEL;NO_EVENT_OUTCOME;NO_CHRONOLOGY;NO_PAIRABILITY;NO_ASTROLOGY;NO_CONTROL,False,False,CONFIRM,3a0a4edcdf25eced2894a77cf00f4524ac8ed509e447ad6f7930cbddf58225f7,CONFIRM,Camilo Cienfuegos,Cuban revolutionary fighter and guerilla (1932–1959),1932-02-06,11,Havana,Q6581097,True,True,PASS_EXACT_DOB
V5CONFIRM_073,Jimmy Osmond,Jimmy Osmond,male,STATUS,1963-04-16,06:23,-08:00,"Los Angeles, CA, United States",34.052,-118.243,AA,JimmyOsmond1963,Frozen VedAstro PersonList-15k snapshot,V5_WIKIDATA_EXPANSION,businessperson,Q43845,Q1689414,,V5_WIKIDATA_ROLE_ONLY_EXPANSION,ROLE_CATEGORY_ONLY;IDENTITY_LABEL;NO_EVENT_OUTCOME;NO_CHRONOLOGY;NO_PAIRABILITY;NO_ASTROLOGY;NO_CONTROL,False,False,CONFIRM,3bb5162e88739a081d64d4bdcc4638d5f332fe7ba46fe506521f07497644fd73,CONFIRM,Jimmy Osmond,singer from the United States and member of The Osmonds,1963-04-16,11,Canoga Park,Q6581097,False,True,PASS_EXACT_DOB
V5CONFIRM_074,Horst Wessel,Horst Wessel,male,STATUS,1907-10-09,19:30,+01:00,"Bielefeld, Germany",52.023,8.533,AA,HorstWessel1907,Frozen VedAstro PersonList-15k snapshot,V5_WIKIDATA_EXPANSION,politician,Q82955,Q57163,,V5_WIKIDATA_ROLE_ONLY_EXPANSION,ROLE_CATEGORY_ONLY;IDENTITY_LABEL;NO_EVENT_OUTCOME;NO_CHRONOLOGY;NO_PAIRABILITY;NO_ASTROLOGY;NO_CONTROL,False,False,CONFIRM,3c5aa1b4839e16d19de3aa61f3d3e4e43beaadee9f4804aa9c488ec045271f7c,CONFIRM,Horst Wessel,SA officer (1907-1930),1907-10-09,11,Bielefeld,Q6581097,True,True,PASS_EXACT_DOB
V5CONFIRM_075,Gerd Bucerius,Gerd Bucerius,male,STATUS,1906-05-19,20:00,+01:00,"Hamm, Germany",51.68,7.817,AA,GerdBucerius1906,Frozen VedAstro PersonList-15k snapshot,V5_WIKIDATA_EXPANSION,politician,Q82955,Q78109,,V5_WIKIDATA_ROLE_ONLY_EXPANSION,ROLE_CATEGORY_ONLY;IDENTITY_LABEL;NO_EVENT_OUTCOME;NO_CHRONOLOGY;NO_PAIRABILITY;NO_ASTROLOGY;NO_CONTROL,False,False,CONFIRM,3dd5363095e61ae738dafbd4248738e409566fd0a4f5d2557175abbc514c2214,CONFIRM,Gerd Bucerius,German politician and journalist (1906-1995),1906-05-19,11,Hamm,Q6581097,True,True,PASS_EXACT_DOB
V5CONFIRM_076,François Fillon,François Fillon,male,STATUS,1954-03-04,21:15,+01:00,"Le Mans, France",48.008,0.199,AA,FrançoisFillon1954,Frozen VedAstro PersonList-15k snapshot,V5_WIKIDATA_EXPANSION,politician,Q82955,Q101410,,V5_WIKIDATA_ROLE_ONLY_EXPANSION,ROLE_CATEGORY_ONLY;IDENTITY_LABEL;NO_EVENT_OUTCOME;NO_CHRONOLOGY;NO_PAIRABILITY;NO_ASTROLOGY;NO_CONTROL,False,False,CONFIRM,3f25e1a315505588b736c86370f485d63d729242c2cc885659726a94f6c19c03,CONFIRM,François Fillon,prime minister of France (2007-2012),1954-03-04,11,Le Mans,Q6581097,True,True,PASS_EXACT_DOB
V5CONFIRM_077,Michel Rocard,Michel Rocard,male,STATUS,1930-08-23,09:00,+01:00,"Courbevoie, France",48.897,2.257,AA,MichelRocard1930,Frozen VedAstro PersonList-15k snapshot,V5_WAVE_A,,,,,WAVE2_ROLE_ONLY_EXPANSION,ROLE_CATEGORY_ONLY;IDENTITY_CHECK_ALLOWED;NO_EVENT_OUTCOME;NO_CHRONOLOGY;NO_ASTROLOGY,False,False,CONFIRM,47bee85dc0d5c6d1b256a0c66ad2e0ecb0e516b6c94f53757f9b146f66c8af08,CONFIRM,,,,,,,,,PASS_LEGACY_WAVE_A
V5CONFIRM_078,Frank Lorenzo,Frank Lorenzo,male,STATUS,1940-05-19,13:15,-04:00,"New York, NY, United States",40.713,-74.007,AA,FrankLorenzo1940,Frozen VedAstro PersonList-15k snapshot,V5_WIKIDATA_EXPANSION,businessperson,Q43845,Q1443680,,V5_WIKIDATA_ROLE_ONLY_EXPANSION,ROLE_CATEGORY_ONLY;IDENTITY_LABEL;NO_EVENT_OUTCOME;NO_CHRONOLOGY;NO_PAIRABILITY;NO_ASTROLOGY;NO_CONTROL,False,False,CONFIRM,47d2a5ff8497be1355eb5382d7990c36a09ea0dfa333b318216995e8c3354073,CONFIRM,Frank Lorenzo,American businessman and philanthropist,1940-05-19,11,New York City,Q6581097,True,True,PASS_EXACT_DOB
V5CONFIRM_079,Daniel Hechter,Daniel Hechter,male,STATUS,1938-07-30,14:30,+01:00,"Paris, France",48.857,2.351,AA,DanielHechter1938,Frozen VedAstro PersonList-15k snapshot,V5_WIKIDATA_EXPANSION,businessperson,Q43845,Q711826,,V5_WIKIDATA_ROLE_ONLY_EXPANSION,ROLE_CATEGORY_ONLY;IDENTITY_LABEL;NO_EVENT_OUTCOME;NO_CHRONOLOGY;NO_PAIRABILITY;NO_ASTROLOGY;NO_CONTROL,False,False,CONFIRM,4abd68dc322571bc733bbb4c1f9f7dc7d66c1dd25beda6f24990e44c4b31ef4c,CONFIRM,Daniel Hechter,French fashion designer (born 1938),1938-07-30,11,Paris,Q6581097,True,True,PASS_EXACT_DOB
V5CONFIRM_080,Gustav Knuth,Gustav Knuth,male,STATUS,1901-07-07,04:00,+01:00,"Brunswick, Germany",52.264,10.526,AA,GustavKnuth1901,Frozen VedAstro PersonList-15k snapshot,V5_WIKIDATA_EXPANSION,politician,Q82955,Q69382,,V5_WIKIDATA_ROLE_ONLY_EXPANSION,ROLE_CATEGORY_ONLY;IDENTITY_LABEL;NO_EVENT_OUTCOME;NO_CHRONOLOGY;NO_PAIRABILITY;NO_ASTROLOGY;NO_CONTROL,False,False,CONFIRM,4fe9eb2a382bdc5113bf97a6e09932f2f7a9a83677692e394fec353f42a99c1b,CONFIRM,Gustav Knuth,actor (1901-1987),1901-07-07,11,Brunswick,Q6581097,True,True,PASS_EXACT_DOB
