event_id,subject_id,name,year,axis,polarity,description,measurement_basis,source,taxonomy_confirmed,source_confirmed,v4_expansion_observation
V4EXP_MLV2_DEV_001_PROJECT_NEG_2014,MLV2_DEV_001,Aaron Eckhart,2014,PROJECT,negative,"I, Frankenstein produced weak worldwide box office relative to its production budget.",commercial_underperformance,"{'verification_status': 'CONFIRMED_PUBLIC_SOURCE_RESEARCH_2026-08-16', 'url': 'https://www.the-numbers.com/movie/I-Frankenstein', 'reference': 'https://www.the-numbers.com/movie/I-Frankenstein', 'lineage_event_id': None, 'lineage_file': None}",True,True,True
V4EXP_MLV2_DEV_001_PROJECT_POS_2016,MLV2_DEV_001,Aaron Eckhart,2016,PROJECT,positive,Sully became a strong worldwide box-office success.,commercial_success,"{'verification_status': 'CONFIRMED_PUBLIC_SOURCE_RESEARCH_2026-08-16', 'url': 'https://www.the-numbers.com/movie/Sully', 'reference': 'https://www.the-numbers.com/movie/Sully', 'lineage_event_id': None, 'lineage_file': None}",True,True,True
V4EXP_MLV2_DEV_011_PROJECT_NEG_2002,MLV2_DEV_011,Antonio Banderas,2002,PROJECT,negative,Ballistic: Ecks vs. Sever was a severe financial and critical failure.,commercial_failure,"{'verification_status': 'CONFIRMED_PUBLIC_SOURCE_RESEARCH_2026-08-16', 'url': 'https://www.the-numbers.com/movie/Ballistic-Ecks-vs-Sever', 'reference': 'https://www.the-numbers.com/movie/Ballistic-Ecks-vs-Sever', 'lineage_event_id': None, 'lineage_file': None}",True,True,True
V4EXP_MLV2_DEV_011_PROJECT_POS_2011,MLV2_DEV_011,Antonio Banderas,2011,PROJECT,positive,Puss in Boots became a large worldwide box-office success.,commercial_success,"{'verification_status': 'CONFIRMED_PUBLIC_SOURCE_RESEARCH_2026-08-16', 'url': 'https://www.the-numbers.com/movie/Puss-in-Boots', 'reference': 'https://www.the-numbers.com/movie/Puss-in-Boots', 'lineage_event_id': None, 'lineage_file': None}",True,True,True
V4EXP_NEWDEV2_027_COMPETITIVE_NEG_1963,NEWDEV2_027,Billie Jean King,1963,COMPETITIVE,negative,Lost the Wimbledon singles final.,explicit_outcome,"{'verification_status': 'CONFIRMED_PUBLIC_SOURCE_RESEARCH_2026-08-16', 'url': 'https://www.wtatennis.com/legends/110100/billie-jean-king/record', 'reference': 'https://www.wtatennis.com/legends/110100/billie-jean-king/record', 'lineage_event_id': None, 'lineage_file': None}",True,True,True
V4EXP_NEWDEV2_027_COMPETITIVE_POS_1966,NEWDEV2_027,Billie Jean King,1966,COMPETITIVE,positive,Won the Wimbledon singles title.,explicit_outcome,"{'verification_status': 'CONFIRMED_PUBLIC_SOURCE_RESEARCH_2026-08-16', 'url': 'https://www.wtatennis.com/legends/110100/billie-jean-king/record', 'reference': 'https://www.wtatennis.com/legends/110100/billie-jean-king/record', 'lineage_event_id': None, 'lineage_file': None}",True,True,True
V4EXP_NEWDEV2_027_COMPETITIVE_NEG_1969,NEWDEV2_027,Billie Jean King,1969,COMPETITIVE,negative,Lost the Wimbledon singles final.,explicit_outcome,"{'verification_status': 'CONFIRMED_PUBLIC_SOURCE_RESEARCH_2026-08-16', 'url': 'https://www.wtatennis.com/legends/110100/billie-jean-king/record', 'reference': 'https://www.wtatennis.com/legends/110100/billie-jean-king/record', 'lineage_event_id': None, 'lineage_file': None}",True,True,True
V4EXP_NEWDEV2_027_COMPETITIVE_NEG_1970,NEWDEV2_027,Billie Jean King,1970,COMPETITIVE,negative,Lost the Wimbledon singles final.,explicit_outcome,"{'verification_status': 'CONFIRMED_PUBLIC_SOURCE_RESEARCH_2026-08-16', 'url': 'https://www.wtatennis.com/legends/110100/billie-jean-king/record', 'reference': 'https://www.wtatennis.com/legends/110100/billie-jean-king/record', 'lineage_event_id': None, 'lineage_file': None}",True,True,True
V4EXP_NEWDEV2_027_COMPETITIVE_POS_1972,NEWDEV2_027,Billie Jean King,1972,COMPETITIVE,positive,Won the Wimbledon singles title.,explicit_outcome,"{'verification_status': 'CONFIRMED_PUBLIC_SOURCE_RESEARCH_2026-08-16', 'url': 'https://www.wtatennis.com/legends/110100/billie-jean-king/record', 'reference': 'https://www.wtatennis.com/legends/110100/billie-jean-king/record', 'lineage_event_id': None, 'lineage_file': None}",True,True,True
V4EXP_NEWDEV2_029_COMPETITIVE_NEG_1969,NEWDEV2_029,Billy Casper,1969,COMPETITIVE,negative,Finished tied for second at the Masters.,explicit_outcome,"{'verification_status': 'CONFIRMED_PREVIOUS_V4_REVIEW', 'url': None, 'reference': 'Golf major historical results', 'lineage_event_id': 'NEWDEV2_029_E002', 'lineage_file': 'V4_CAREER_TAXONOMY_SOURCE_REVIEWED_414.csv'}",True,True,True
V4EXP_NEWDEV2_029_COMPETITIVE_POS_1970,NEWDEV2_029,Billy Casper,1970,COMPETITIVE,positive,Won the Masters Tournament.,explicit_outcome,"{'verification_status': 'CONFIRMED_PUBLIC_SOURCE_RESEARCH_2026-08-16', 'url': 'https://www.pga.com/story/past-winners-of-the-masters-tournament', 'reference': 'https://www.pga.com/story/past-winners-of-the-masters-tournament', 'lineage_event_id': None, 'lineage_file': None}",True,True,True
V4EXP_MLV2_DEV_012_PROJECT_NEG_1998,MLV2_DEV_012,Billy Crystal,1998,PROJECT,negative,My Giant produced weak box-office results.,commercial_failure,"{'verification_status': 'CONFIRMED_PUBLIC_SOURCE_RESEARCH_2026-08-16', 'url': 'https://www.the-numbers.com/movie/My-Giant', 'reference': 'https://www.the-numbers.com/movie/My-Giant', 'lineage_event_id': None, 'lineage_file': None}",True,True,True
V4EXP_MLV2_DEV_012_PROJECT_POS_1999,MLV2_DEV_012,Billy Crystal,1999,PROJECT,positive,Analyze This became a major box-office success.,commercial_success,"{'verification_status': 'CONFIRMED_PUBLIC_SOURCE_RESEARCH_2026-08-16', 'url': 'https://www.the-numbers.com/movie/Analyze-This', 'reference': 'https://www.the-numbers.com/movie/Analyze-This', 'lineage_event_id': None, 'lineage_file': None}",True,True,True
V4EXP_NEWDEV2_031_COMPETITIVE_NEG_1976,NEWDEV2_031,Billy Martin,1976,COMPETITIVE,negative,Managed the Yankees in a World Series loss.,explicit_outcome,"{'verification_status': 'CONFIRMED_PUBLIC_SOURCE_RESEARCH_2026-08-16', 'url': 'https://www.mlb.com/postseason/history/1976', 'reference': 'https://www.mlb.com/postseason/history/1976', 'lineage_event_id': None, 'lineage_file': None}",True,True,True
V4EXP_NEWDEV2_031_COMPETITIVE_POS_1977,NEWDEV2_031,Billy Martin,1977,COMPETITIVE,positive,Managed the Yankees to a World Series championship.,explicit_outcome,"{'verification_status': 'CONFIRMED_PUBLIC_SOURCE_RESEARCH_2026-08-16', 'url': 'https://www.mlb.com/postseason/history/1977', 'reference': 'https://www.mlb.com/postseason/history/1977', 'lineage_event_id': None, 'lineage_file': None}",True,True,True
V4EXP_NEWDEV2_002_PROJECT_NEG_1969,NEWDEV2_002,Bob Fosse,1969,PROJECT,negative,Sweet Charity was a costly box-office disappointment.,overall_project_failure,"{'verification_status': 'CONFIRMED_PUBLIC_SOURCE_RESEARCH_2026-08-16', 'url': 'https://www.tcm.com/articles/87919/sweet-charity', 'reference': 'https://www.tcm.com/articles/87919/sweet-charity', 'lineage_event_id': None, 'lineage_file': None}",True,True,True
V4EXP_NEWDEV2_002_PROJECT_POS_1972,NEWDEV2_002,Bob Fosse,1972,PROJECT,positive,Cabaret became a major successful film and awards landmark.,overall_project_success,"{'verification_status': 'CONFIRMED_PUBLIC_SOURCE_RESEARCH_2026-08-16', 'url': 'https://www.tcm.com/articles/25853/cabaret', 'reference': 'https://www.tcm.com/articles/25853/cabaret', 'lineage_event_id': None, 'lineage_file': None}",True,True,True
V4EXP_NEWDEV2_005_COMPETITIVE_NEG_1975,NEWDEV2_005,Bob Knight,1975,COMPETITIVE,negative,Indiana finished 31-1 after losing in the NCAA Elite Eight.,explicit_outcome,"{'verification_status': 'CONFIRMED_PUBLIC_SOURCE_RESEARCH_2026-08-16', 'url': 'https://www.bobknight.com/coaching-record', 'reference': 'https://www.bobknight.com/coaching-record', 'lineage_event_id': None, 'lineage_file': None}",True,True,True
V4EXP_NEWDEV2_005_COMPETITIVE_POS_1976,NEWDEV2_005,Bob Knight,1976,COMPETITIVE,positive,Indiana completed a 32-0 season and won the NCAA championship.,explicit_outcome,"{'verification_status': 'CONFIRMED_PUBLIC_SOURCE_RESEARCH_2026-08-16', 'url': 'https://www.bobknight.com/coaching-record', 'reference': 'https://www.bobknight.com/coaching-record', 'lineage_event_id': None, 'lineage_file': None}",True,True,True
V4EXP_NEWDEV2_005_STATUS_NEG_2000,NEWDEV2_005,Bob Knight,2000,STATUS,negative,Was fired as Indiana head coach.,role_loss,"{'verification_status': 'CONFIRMED_PUBLIC_SOURCE_RESEARCH_2026-08-16', 'url': 'https://texastech.com/news/2001/3/23/knight_returns_to_coaching_at_texas_tech', 'reference': 'https://texastech.com/news/2001/3/23/knight_returns_to_coaching_at_texas_tech', 'lineage_event_id': None, 'lineage_file': None}",True,True,True
V4EXP_NEWDEV2_005_STATUS_POS_2001,NEWDEV2_005,Bob Knight,2001,STATUS,positive,Was hired as Texas Tech head coach.,role_gain,"{'verification_status': 'CONFIRMED_PUBLIC_SOURCE_RESEARCH_2026-08-16', 'url': 'https://texastech.com/news/2001/3/23/knight_returns_to_coaching_at_texas_tech', 'reference': 'https://texastech.com/news/2001/3/23/knight_returns_to_coaching_at_texas_tech', 'lineage_event_id': None, 'lineage_file': None}",True,True,True
V4EXP_MLV2_DEV_068_COMPETITIVE_NEG_1973,MLV2_DEV_068,Chris Evert,1973,COMPETITIVE,negative,Lost the Roland Garros singles final.,explicit_outcome,"{'verification_status': 'CONFIRMED_PUBLIC_SOURCE_RESEARCH_2026-08-16', 'url': 'https://www.wtatennis.com/legends/50020/chris-evert/record', 'reference': 'https://www.wtatennis.com/legends/50020/chris-evert/record', 'lineage_event_id': None, 'lineage_file': None}",True,True,True
V4EXP_MLV2_DEV_068_COMPETITIVE_POS_1974,MLV2_DEV_068,Chris Evert,1974,COMPETITIVE,positive,Won the Roland Garros singles title.,explicit_outcome,"{'verification_status': 'CONFIRMED_PUBLIC_SOURCE_RESEARCH_2026-08-16', 'url': 'https://www.wtatennis.com/legends/50020/chris-evert/record', 'reference': 'https://www.wtatennis.com/legends/50020/chris-evert/record', 'lineage_event_id': None, 'lineage_file': None}",True,True,True
V4EXP_MLV2_DEV_068_COMPETITIVE_NEG_1978,MLV2_DEV_068,Chris Evert,1978,COMPETITIVE,negative,Lost the Wimbledon singles final.,explicit_outcome,"{'verification_status': 'CONFIRMED_PUBLIC_SOURCE_RESEARCH_2026-08-16', 'url': 'https://www.wtatennis.com/legends/50020/chris-evert/record', 'reference': 'https://www.wtatennis.com/legends/50020/chris-evert/record', 'lineage_event_id': None, 'lineage_file': None}",True,True,True
V4EXP_MLV2_DEV_068_COMPETITIVE_NEG_1979,MLV2_DEV_068,Chris Evert,1979,COMPETITIVE,negative,Lost the Wimbledon singles final.,explicit_outcome,"{'verification_status': 'CONFIRMED_PUBLIC_SOURCE_RESEARCH_2026-08-16', 'url': 'https://www.wtatennis.com/legends/50020/chris-evert/record', 'reference': 'https://www.wtatennis.com/legends/50020/chris-evert/record', 'lineage_event_id': None, 'lineage_file': None}",True,True,True
V4EXP_MLV2_DEV_068_COMPETITIVE_NEG_1981,MLV2_DEV_068,Chris Evert,1981,COMPETITIVE,negative,Lost the Australian Open singles final.,explicit_outcome,"{'verification_status': 'CONFIRMED_PUBLIC_SOURCE_RESEARCH_2026-08-16', 'url': 'https://www.wtatennis.com/legends/50020/chris-evert/record', 'reference': 'https://www.wtatennis.com/legends/50020/chris-evert/record', 'lineage_event_id': None, 'lineage_file': None}",True,True,True
V4EXP_MLV2_DEV_068_COMPETITIVE_POS_1981,MLV2_DEV_068,Chris Evert,1981,COMPETITIVE,positive,Won the Wimbledon singles title.,explicit_outcome,"{'verification_status': 'CONFIRMED_PUBLIC_SOURCE_RESEARCH_2026-08-16', 'url': 'https://www.wtatennis.com/legends/50020/chris-evert/record', 'reference': 'https://www.wtatennis.com/legends/50020/chris-evert/record', 'lineage_event_id': None, 'lineage_file': None}",True,True,True
V4EXP_MLV2_DEV_068_COMPETITIVE_POS_1982,MLV2_DEV_068,Chris Evert,1982,COMPETITIVE,positive,Won the Australian Open singles title.,explicit_outcome,"{'verification_status': 'CONFIRMED_PUBLIC_SOURCE_RESEARCH_2026-08-16', 'url': 'https://www.wtatennis.com/legends/50020/chris-evert/record', 'reference': 'https://www.wtatennis.com/legends/50020/chris-evert/record', 'lineage_event_id': None, 'lineage_file': None}",True,True,True
V4EXP_MLV2_DEV_068_COMPETITIVE_NEG_1984,MLV2_DEV_068,Chris Evert,1984,COMPETITIVE,negative,Lost the Roland Garros singles final.,explicit_outcome,"{'verification_status': 'CONFIRMED_PUBLIC_SOURCE_RESEARCH_2026-08-16', 'url': 'https://www.wtatennis.com/legends/50020/chris-evert/record', 'reference': 'https://www.wtatennis.com/legends/50020/chris-evert/record', 'lineage_event_id': None, 'lineage_file': None}",True,True,True
V4EXP_MLV2_DEV_068_COMPETITIVE_POS_1985,MLV2_DEV_068,Chris Evert,1985,COMPETITIVE,positive,Won the Roland Garros singles title.,explicit_outcome,"{'verification_status': 'CONFIRMED_PUBLIC_SOURCE_RESEARCH_2026-08-16', 'url': 'https://www.wtatennis.com/legends/50020/chris-evert/record', 'reference': 'https://www.wtatennis.com/legends/50020/chris-evert/record', 'lineage_event_id': None, 'lineage_file': None}",True,True,True
V4EXP_MLV2_DEV_057_PROJECT_NEG_2007,MLV2_DEV_057,Diane Keaton,2007,PROJECT,negative,Because I Said So was heavily criticized and retained as a source-confirmed negative project observation in the V4 review.,overall_project_failure,"{'verification_status': 'CONFIRMED_PREVIOUS_V4_REVIEW', 'url': None, 'reference': 'Los Angeles Times / Rotten Tomatoes', 'lineage_event_id': 'MLV2_DEV_057_E0003', 'lineage_file': 'V4_CAREER_TAXONOMY_SOURCE_REVIEWED_414.csv'}",True,True,True
V4EXP_MLV2_DEV_057_PROJECT_POS_2018,MLV2_DEV_057,Diane Keaton,2018,PROJECT,positive,Book Club became a large commercial hit relative to budget.,commercial_success,"{'verification_status': 'CONFIRMED_PUBLIC_SOURCE_RESEARCH_2026-08-16', 'url': 'https://www.the-numbers.com/movie/Book-Club-%282018%29', 'reference': 'https://www.the-numbers.com/movie/Book-Club-%282018%29', 'lineage_event_id': None, 'lineage_file': None}",True,True,True
V4EXP_NEWDEV2_081_PROJECT_NEG_2019,NEWDEV2_081,Elizabeth Banks,2019,PROJECT,negative,Charlie's Angels had weak box office relative to production budget and expectations.,commercial_underperformance,"{'verification_status': 'CONFIRMED_PUBLIC_SOURCE_RESEARCH_2026-08-16', 'url': 'https://www.the-numbers.com/movie/Charlies-Angels-%282019%29', 'reference': 'https://www.the-numbers.com/movie/Charlies-Angels-%282019%29', 'lineage_event_id': None, 'lineage_file': None}",True,True,True
V4EXP_NEWDEV2_081_PROJECT_POS_2023,NEWDEV2_081,Elizabeth Banks,2023,PROJECT,positive,Cocaine Bear exceeded expectations and produced materially stronger theatrical performance.,commercial_success,"{'verification_status': 'CONFIRMED_PUBLIC_SOURCE_RESEARCH_2026-08-16', 'url': 'https://www.the-numbers.com/movie/Cocaine-Bear-%282023%29', 'reference': 'https://www.the-numbers.com/movie/Cocaine-Bear-%282023%29', 'lineage_event_id': None, 'lineage_file': None}",True,True,True
V4EXP_NEWDEV2_084_PROJECT_NEG_2013,NEWDEV2_084,Elizabeth Olsen,2013,PROJECT,negative,Oldboy was a commercial failure.,commercial_failure,"{'verification_status': 'CONFIRMED_PUBLIC_SOURCE_RESEARCH_2026-08-16', 'url': 'https://www.the-numbers.com/movie/Oldboy-%282013%29', 'reference': 'https://www.the-numbers.com/movie/Oldboy-%282013%29', 'lineage_event_id': None, 'lineage_file': None}",True,True,True
V4EXP_NEWDEV2_084_PROJECT_POS_2021,NEWDEV2_084,Elizabeth Olsen,2021,PROJECT,positive,WandaVision became a major critically acclaimed and Emmy-nominated success.,project_success,"{'verification_status': 'CONFIRMED_PUBLIC_SOURCE_RESEARCH_2026-08-16', 'url': 'https://www.vanityfair.com/hollywood/2021/06/wandavision-was-elizabeth-olsens-exercise-in-reclaiming-her-and-wandas-power-little-gold-men', 'reference': 'https://www.vanityfair.com/hollywood/2021/06/wandavision-was-elizabeth-olsens-exercise-in-reclaiming-her-and-wandas-power-little-gold-men', 'lineage_event_id': None, 'lineage_file': None}",True,True,True
V4EXP_NEWDEV2_065_COMPETITIVE_NEG_1974,NEWDEV2_065,George Foreman,1974,COMPETITIVE,negative,Lost the heavyweight title to Muhammad Ali.,explicit_outcome,"{'verification_status': 'CONFIRMED_PUBLIC_SOURCE_RESEARCH_2026-08-16', 'url': 'https://www.reuters.com/sports/american-boxing-legend-george-foreman-dead-76-family-says-2025-03-22/', 'reference': 'https://www.reuters.com/sports/american-boxing-legend-george-foreman-dead-76-family-says-2025-03-22/', 'lineage_event_id': None, 'lineage_file': None}",True,True,True
V4EXP_NEWDEV2_065_COMPETITIVE_NEG_1991,NEWDEV2_065,George Foreman,1991,COMPETITIVE,negative,Lost a heavyweight title challenge to Evander Holyfield.,explicit_outcome,"{'verification_status': 'CONFIRMED_PUBLIC_SOURCE_RESEARCH_2026-08-16', 'url': 'https://www.reuters.com/sports/american-boxing-legend-george-foreman-dead-76-family-says-2025-03-22/', 'reference': 'https://www.reuters.com/sports/american-boxing-legend-george-foreman-dead-76-family-says-2025-03-22/', 'lineage_event_id': None, 'lineage_file': None}",True,True,True
V4EXP_NEWDEV2_065_COMPETITIVE_POS_1994,NEWDEV2_065,George Foreman,1994,COMPETITIVE,positive,Regained the heavyweight championship by knocking out Michael Moorer.,explicit_outcome,"{'verification_status': 'CONFIRMED_PUBLIC_SOURCE_RESEARCH_2026-08-16', 'url': 'https://www.reuters.com/sports/american-boxing-legend-george-foreman-dead-76-family-says-2025-03-22/', 'reference': 'https://www.reuters.com/sports/american-boxing-legend-george-foreman-dead-76-family-says-2025-03-22/', 'lineage_event_id': None, 'lineage_file': None}",True,True,True
V4EXP_NEWDEV2_066_STATUS_NEG_2010,NEWDEV2_066,George Galloway,2010,STATUS,negative,Lost the Poplar and Limehouse parliamentary election.,election_loss,"{'verification_status': 'CONFIRMED_PREVIOUS_V4_REVIEW', 'url': None, 'reference': 'The Guardian election coverage', 'lineage_event_id': 'NEWDEV2_066_E002', 'lineage_file': 'V4_CAREER_TAXONOMY_SOURCE_REVIEWED_414.csv'}",True,True,True
V4EXP_NEWDEV2_066_STATUS_POS_2012,NEWDEV2_066,George Galloway,2012,STATUS,positive,Won the Bradford West by-election and returned to Parliament.,election_win,"{'verification_status': 'CONFIRMED_PUBLIC_SOURCE_RESEARCH_2026-08-16', 'url': 'https://www.parliament.uk/business/news/news-by-year/2012/march/george-galloway-new-mp-for-bradford-west/', 'reference': 'https://www.parliament.uk/business/news/news-by-year/2012/march/george-galloway-new-mp-for-bradford-west/', 'lineage_event_id': None, 'lineage_file': None}",True,True,True
V4EXP_NEWDEV2_066_STATUS_NEG_2015,NEWDEV2_066,George Galloway,2015,STATUS,negative,Lost his parliamentary seat in the 2015 general election.,election_loss,"{'verification_status': 'CONFIRMED_PUBLIC_SOURCE_RESEARCH_2026-08-16', 'url': 'https://apnews.com/article/britain-gaza-israel-george-galloway-election-rochdale-d81f0a1674b342e71a228b5d76d35563', 'reference': 'https://apnews.com/article/britain-gaza-israel-george-galloway-election-rochdale-d81f0a1674b342e71a228b5d76d35563', 'lineage_event_id': None, 'lineage_file': None}",True,True,True
V4EXP_NEWDEV2_066_STATUS_POS_2024,NEWDEV2_066,George Galloway,2024,STATUS,positive,Won the Rochdale by-election and returned to Parliament.,election_win,"{'verification_status': 'CONFIRMED_PUBLIC_SOURCE_RESEARCH_2026-08-16', 'url': 'https://apnews.com/article/britain-gaza-israel-george-galloway-election-rochdale-d81f0a1674b342e71a228b5d76d35563', 'reference': 'https://apnews.com/article/britain-gaza-israel-george-galloway-election-rochdale-d81f0a1674b342e71a228b5d76d35563', 'lineage_event_id': None, 'lineage_file': None}",True,True,True
V4EXP_MLV2_DEV_027_PROJECT_NEG_1999,MLV2_DEV_027,Jamie Lee Curtis,1999,PROJECT,negative,Virus was a major critical/commercial failure.,commercial_failure,"{'verification_status': 'CONFIRMED_PUBLIC_SOURCE_RESEARCH_2026-08-16', 'url': 'https://www.the-numbers.com/movie/Virus', 'reference': 'https://www.the-numbers.com/movie/Virus', 'lineage_event_id': None, 'lineage_file': None}",True,True,True
V4EXP_MLV2_DEV_027_PROJECT_POS_2003,MLV2_DEV_027,Jamie Lee Curtis,2003,PROJECT,positive,Freaky Friday became a major commercial success.,commercial_success,"{'verification_status': 'CONFIRMED_PUBLIC_SOURCE_RESEARCH_2026-08-16', 'url': 'https://www.the-numbers.com/movie/Freaky-Friday-%282003%29', 'reference': 'https://www.the-numbers.com/movie/Freaky-Friday-%282003%29', 'lineage_event_id': None, 'lineage_file': None}",True,True,True
V4EXP_MLV2_DEV_028_PROJECT_NEG_1990,MLV2_DEV_028,Jane Curtin,1990,PROJECT,negative,Working It Out was canceled after a short run.,project_cancellation,"{'verification_status': 'CONFIRMED_PUBLIC_SOURCE_RESEARCH_2026-08-16', 'url': 'https://www.latimes.com/archives/la-xpm-1990-12-06-ca-8319-story.html', 'reference': 'https://www.latimes.com/archives/la-xpm-1990-12-06-ca-8319-story.html', 'lineage_event_id': None, 'lineage_file': None}",True,True,True
V4EXP_MLV2_DEV_028_PROJECT_POS_1996,MLV2_DEV_028,Jane Curtin,1996,PROJECT,positive,3rd Rock from the Sun premiered and became a long-running Emmy-winning sitcom.,project_success,"{'verification_status': 'CONFIRMED_PUBLIC_SOURCE_RESEARCH_2026-08-16', 'url': 'https://people.com/what-happened-to-cast-of-3rd-rock-from-the-sun-11889454', 'reference': 'https://people.com/what-happened-to-cast-of-3rd-rock-from-the-sun-11889454', 'lineage_event_id': None, 'lineage_file': None}",True,True,True
V4EXP_MLV2_DEV_003_PROJECT_NEG_2012,MLV2_DEV_003,Jennifer Aniston,2012,PROJECT,negative,Wanderlust failed to recoup its production budget theatrically.,commercial_failure,"{'verification_status': 'CONFIRMED_PUBLIC_SOURCE_RESEARCH_2026-08-16', 'url': 'https://www.the-numbers.com/movie/Wanderlust', 'reference': 'https://www.the-numbers.com/movie/Wanderlust', 'lineage_event_id': None, 'lineage_file': None}",True,True,True
V4EXP_MLV2_DEV_003_PROJECT_POS_2013,MLV2_DEV_003,Jennifer Aniston,2013,PROJECT,positive,We're the Millers became a major commercial hit.,commercial_success,"{'verification_status': 'CONFIRMED_PUBLIC_SOURCE_RESEARCH_2026-08-16', 'url': 'https://www.the-numbers.com/movie/Were-the-Millers', 'reference': 'https://www.the-numbers.com/movie/Were-the-Millers', 'lineage_event_id': None, 'lineage_file': None}",True,True,True
V4EXP_MLV2_DEV_063_PROJECT_NEG_2016,MLV2_DEV_063,John Krasinski,2016,PROJECT,negative,The Hollars had very limited theatrical box office.,low_commercial_reach,"{'verification_status': 'CONFIRMED_PUBLIC_SOURCE_RESEARCH_2026-08-16', 'url': 'https://www.the-numbers.com/movie/Hollars-The', 'reference': 'https://www.the-numbers.com/movie/Hollars-The', 'lineage_event_id': None, 'lineage_file': None}",True,True,True
V4EXP_MLV2_DEV_063_PROJECT_POS_2018,MLV2_DEV_063,John Krasinski,2018,PROJECT,positive,A Quiet Place became a large commercial hit relative to budget.,commercial_success,"{'verification_status': 'CONFIRMED_PUBLIC_SOURCE_RESEARCH_2026-08-16', 'url': 'https://www.the-numbers.com/movie/Quiet-Place-A-%282018%29', 'reference': 'https://www.the-numbers.com/movie/Quiet-Place-A-%282018%29', 'lineage_event_id': None, 'lineage_file': None}",True,True,True
V4EXP_MLV2_DEV_032_STATUS_NEG_2012,MLV2_DEV_032,Jon Huntsman,2012,STATUS,negative,Ended his presidential campaign after a disappointing New Hampshire result and insufficient support to continue.,election_campaign_loss,"{'verification_status': 'CONFIRMED_PUBLIC_SOURCE_RESEARCH_2026-08-16', 'url': 'https://www.gq.com/story/huntsmans-out-why-now', 'reference': 'https://www.gq.com/story/huntsmans-out-why-now', 'lineage_event_id': None, 'lineage_file': None}",True,True,True
V4EXP_MLV2_DEV_032_STATUS_POS_2017,MLV2_DEV_032,Jon Huntsman,2017,STATUS,positive,Was appointed U.S. Ambassador to Russia.,appointment_gain,"{'verification_status': 'CONFIRMED_PUBLIC_SOURCE_RESEARCH_2026-08-16', 'url': 'https://history.state.gov/departmenthistory/people/huntsman-jon-m', 'reference': 'https://history.state.gov/departmenthistory/people/huntsman-jon-m', 'lineage_event_id': None, 'lineage_file': None}",True,True,True
V4EXP_MLV2_DEV_005_PROJECT_NEG_1996,MLV2_DEV_005,Julia Roberts,1996,PROJECT,negative,Mary Reilly was a critical and box-office failure.,overall_project_failure,"{'verification_status': 'CONFIRMED_PUBLIC_SOURCE_RESEARCH_2026-08-16', 'url': 'https://www.vanityfair.com/news/1999/06/canoodling-with-julia', 'reference': 'https://www.vanityfair.com/news/1999/06/canoodling-with-julia', 'lineage_event_id': None, 'lineage_file': None}",True,True,True
V4EXP_MLV2_DEV_005_PROJECT_POS_1997,MLV2_DEV_005,Julia Roberts,1997,PROJECT,positive,My Best Friend's Wedding became a major box-office success.,commercial_success,"{'verification_status': 'CONFIRMED_PUBLIC_SOURCE_RESEARCH_2026-08-16', 'url': 'https://www.the-numbers.com/movie/My-Best-Friends-Wedding', 'reference': 'https://www.the-numbers.com/movie/My-Best-Friends-Wedding', 'lineage_event_id': None, 'lineage_file': None}",True,True,True
V4EXP_MLV2_DEV_007_PROJECT_NEG_2009,MLV2_DEV_007,Julie Delpy,2009,PROJECT,negative,The Countess had limited commercial impact and mixed-to-negative reception.,overall_project_failure,"{'verification_status': 'CONFIRMED_PREVIOUS_V4_REVIEW', 'url': None, 'reference': 'film archives / Rotten Tomatoes', 'lineage_event_id': 'MLV2_DEV_007_E0003', 'lineage_file': 'V4_CAREER_TAXONOMY_SOURCE_REVIEWED_414.csv'}",True,True,True
V4EXP_MLV2_DEV_007_PROJECT_POS_2013,MLV2_DEV_007,Julie Delpy,2013,PROJECT,positive,Before Midnight achieved strong box office relative to its small production scale and broad acclaim.,commercial_success,"{'verification_status': 'CONFIRMED_PUBLIC_SOURCE_RESEARCH_2026-08-16', 'url': 'https://www.the-numbers.com/movie/Before-Midnight', 'reference': 'https://www.the-numbers.com/movie/Before-Midnight', 'lineage_event_id': None, 'lineage_file': None}",True,True,True
V4EXP_MLV2_DEV_036_PROJECT_NEG_2013,MLV2_DEV_036,Laura Dern,2013,PROJECT,negative,Enlightened was canceled after two seasons despite critical acclaim.,project_cancellation,"{'verification_status': 'CONFIRMED_PUBLIC_SOURCE_RESEARCH_2026-08-16', 'url': 'https://time.com/5722419/best-tv-shows-2010s-decade/', 'reference': 'https://time.com/5722419/best-tv-shows-2010s-decade/', 'lineage_event_id': None, 'lineage_file': None}",True,True,True
V4EXP_MLV2_DEV_036_PROJECT_POS_2017,MLV2_DEV_036,Laura Dern,2017,PROJECT,positive,Big Little Lies became a major Emmy-winning television success.,project_success,"{'verification_status': 'CONFIRMED_PUBLIC_SOURCE_RESEARCH_2026-08-16', 'url': 'https://www.televisionacademy.com/shows/big-little-lies', 'reference': 'https://www.televisionacademy.com/shows/big-little-lies', 'lineage_event_id': None, 'lineage_file': None}",True,True,True
V4EXP_MLV2_DEV_040_PROJECT_NEG_2005,MLV2_DEV_040,Lisa Kudrow,2005,PROJECT,negative,The Comeback was canceled after its first season.,project_cancellation,"{'verification_status': 'CONFIRMED_PUBLIC_SOURCE_RESEARCH_2026-08-16', 'url': 'https://www.vogue.com/article/lisa-kudrow-saying-goodbye-to-valerie-cherish-the-comeback', 'reference': 'https://www.vogue.com/article/lisa-kudrow-saying-goodbye-to-valerie-cherish-the-comeback', 'lineage_event_id': None, 'lineage_file': None}",True,True,True
V4EXP_MLV2_DEV_040_PROJECT_POS_2014,MLV2_DEV_040,Lisa Kudrow,2014,PROJECT,positive,The Comeback was revived for a second season years later.,project_revived,"{'verification_status': 'CONFIRMED_PUBLIC_SOURCE_RESEARCH_2026-08-16', 'url': 'https://www.vogue.com/article/lisa-kudrow-saying-goodbye-to-valerie-cherish-the-comeback', 'reference': 'https://www.vogue.com/article/lisa-kudrow-saying-goodbye-to-valerie-cherish-the-comeback', 'lineage_event_id': None, 'lineage_file': None}",True,True,True
V4EXP_MLV2_DEV_043_COMPETITIVE_NEG_1968,MLV2_DEV_043,Mark Spitz,1968,COMPETITIVE,negative,"Won silver, not gold, in the Olympic 100m butterfly.",explicit_outcome,"{'verification_status': 'CONFIRMED_PUBLIC_SOURCE_RESEARCH_2026-08-16', 'url': 'https://www.olympedia.org/athletes/51572', 'reference': 'https://www.olympedia.org/athletes/51572', 'lineage_event_id': None, 'lineage_file': None}",True,True,True
V4EXP_MLV2_DEV_043_COMPETITIVE_POS_1972,MLV2_DEV_043,Mark Spitz,1972,COMPETITIVE,positive,Won Olympic gold in the 100m butterfly in world-record time.,explicit_outcome,"{'verification_status': 'CONFIRMED_PUBLIC_SOURCE_RESEARCH_2026-08-16', 'url': 'https://www.olympedia.org/athletes/51572', 'reference': 'https://www.olympedia.org/athletes/51572', 'lineage_event_id': None, 'lineage_file': None}",True,True,True
V4EXP_MLV2_DEV_044_PROJECT_NEG_2005,MLV2_DEV_044,Matthew McConaughey,2005,PROJECT,negative,Sahara generated a large documented financial loss.,financial_failure,"{'verification_status': 'CONFIRMED_PUBLIC_SOURCE_RESEARCH_2026-08-16', 'url': 'https://www.latimes.com/business/la-fi-movie15apr15-story.html', 'reference': 'https://www.latimes.com/business/la-fi-movie15apr15-story.html', 'lineage_event_id': None, 'lineage_file': None}",True,True,True
V4EXP_MLV2_DEV_044_PROJECT_POS_2013,MLV2_DEV_044,Matthew McConaughey,2013,PROJECT,positive,Dallas Buyers Club earned strong box office relative to its small budget and major awards recognition.,commercial_success,"{'verification_status': 'CONFIRMED_PUBLIC_SOURCE_RESEARCH_2026-08-16', 'url': 'https://www.the-numbers.com/movie/Dallas-Buyers-Club', 'reference': 'https://www.the-numbers.com/movie/Dallas-Buyers-Club', 'lineage_event_id': None, 'lineage_file': None}",True,True,True
V4EXP_NEWDEV2_092_COMPETITIVE_NEG_2002,NEWDEV2_092,Michael Llodra,2002,COMPETITIVE,negative,Finished runner-up in Australian Open men's doubles.,explicit_outcome,"{'verification_status': 'CONFIRMED_PUBLIC_SOURCE_RESEARCH_2026-08-16', 'url': 'https://ausopen.com/history/honour-roll/mens-doubles', 'reference': 'https://ausopen.com/history/honour-roll/mens-doubles', 'lineage_event_id': None, 'lineage_file': None}",True,True,True
V4EXP_NEWDEV2_092_COMPETITIVE_POS_2003,NEWDEV2_092,Michael Llodra,2003,COMPETITIVE,positive,Won Australian Open men's doubles.,explicit_outcome,"{'verification_status': 'CONFIRMED_PUBLIC_SOURCE_RESEARCH_2026-08-16', 'url': 'https://ausopen.com/history/honour-roll/mens-doubles', 'reference': 'https://ausopen.com/history/honour-roll/mens-doubles', 'lineage_event_id': None, 'lineage_file': None}",True,True,True
V4EXP_NEWDEV2_089_STATUS_NEG_1988,NEWDEV2_089,Robert Byrd,1988,STATUS,negative,Lost the Democratic Senate leadership contest to George Mitchell.,leadership_loss,"{'verification_status': 'CONFIRMED_PREVIOUS_V4_REVIEW', 'url': None, 'reference': 'U.S. Senate Historical Office / LA Times', 'lineage_event_id': 'NEWDEV2_089_E002', 'lineage_file': 'V4_CAREER_TAXONOMY_SOURCE_REVIEWED_414.csv'}",True,True,True
V4EXP_NEWDEV2_089_STATUS_POS_1989,NEWDEV2_089,Robert Byrd,1989,STATUS,positive,Became President pro tempore of the U.S. Senate.,appointment_gain,"{'verification_status': 'CONFIRMED_PUBLIC_SOURCE_RESEARCH_2026-08-16', 'url': 'https://www.senate.gov/about/officers-staff/president-pro-tempore/presidents-pro-tempore.htm', 'reference': 'https://www.senate.gov/about/officers-staff/president-pro-tempore/presidents-pro-tempore.htm', 'lineage_event_id': None, 'lineage_file': None}",True,True,True
V4EXP_MLV2_DEV_051_PROJECT_NEG_2011,MLV2_DEV_051,Steve Martin,2011,PROJECT,negative,The Big Year was a large box-office failure relative to budget.,commercial_failure,"{'verification_status': 'CONFIRMED_PUBLIC_SOURCE_RESEARCH_2026-08-16', 'url': 'https://www.the-numbers.com/movie/Big-Year-The', 'reference': 'https://www.the-numbers.com/movie/Big-Year-The', 'lineage_event_id': None, 'lineage_file': None}",True,True,True
V4EXP_MLV2_DEV_051_PROJECT_POS_2021,MLV2_DEV_051,Steve Martin,2021,PROJECT,positive,Only Murders in the Building launched as a major streaming comedy hit.,project_success,"{'verification_status': 'CONFIRMED_PUBLIC_SOURCE_RESEARCH_2026-08-16', 'url': 'https://www.televisionacademy.com/features/news/press-releases/emmy-magazine-2022-05', 'reference': 'https://www.televisionacademy.com/features/news/press-releases/emmy-magazine-2022-05', 'lineage_event_id': None, 'lineage_file': None}",True,True,True
V4EXP_NEWDEV2_036_COMPETITIVE_NEG_2012,NEWDEV2_036,Tom Brady,2012,COMPETITIVE,negative,New England lost Super Bowl XLVI to the Giants.,explicit_outcome,"{'verification_status': 'CONFIRMED_PUBLIC_SOURCE_RESEARCH_2026-08-16', 'url': 'https://www.patriots.com/press-room/super-bowl-xlvi', 'reference': 'https://www.patriots.com/press-room/super-bowl-xlvi', 'lineage_event_id': None, 'lineage_file': None}",True,True,True
V4EXP_NEWDEV2_036_COMPETITIVE_POS_2015,NEWDEV2_036,Tom Brady,2015,COMPETITIVE,positive,New England defeated Seattle in Super Bowl XLIX.,explicit_outcome,"{'verification_status': 'CONFIRMED_PUBLIC_SOURCE_RESEARCH_2026-08-16', 'url': 'https://www.patriots.com/press-room/super-bowl-xlix', 'reference': 'https://www.patriots.com/press-room/super-bowl-xlix', 'lineage_event_id': None, 'lineage_file': None}",True,True,True
V4EXP_NEWDEV2_036_COMPETITIVE_NEG_2018,NEWDEV2_036,Tom Brady,2018,COMPETITIVE,negative,New England lost Super Bowl LII to Philadelphia.,explicit_outcome,"{'verification_status': 'CONFIRMED_PUBLIC_SOURCE_RESEARCH_2026-08-16', 'url': 'https://www.patriots.com/press-room/super-bowl-lii', 'reference': 'https://www.patriots.com/press-room/super-bowl-lii', 'lineage_event_id': None, 'lineage_file': None}",True,True,True
V4EXP_NEWDEV2_036_COMPETITIVE_POS_2019,NEWDEV2_036,Tom Brady,2019,COMPETITIVE,positive,New England defeated the Rams in Super Bowl LIII.,explicit_outcome,"{'verification_status': 'CONFIRMED_PUBLIC_SOURCE_RESEARCH_2026-08-16', 'url': 'https://www.patriots.com/press-room/super-bowl-liii', 'reference': 'https://www.patriots.com/press-room/super-bowl-liii', 'lineage_event_id': None, 'lineage_file': None}",True,True,True
V4EXP_NEWDEV2_041_STATUS_NEG_1994,NEWDEV2_041,Tom Foley,1994,STATUS,negative,Lost reelection to the U.S. House while serving as Speaker.,election_loss,"{'verification_status': 'CONFIRMED_PUBLIC_SOURCE_RESEARCH_2026-08-16', 'url': 'https://history.house.gov/People/Detail/13275', 'reference': 'https://history.house.gov/People/Detail/13275', 'lineage_event_id': None, 'lineage_file': None}",True,True,True
V4EXP_NEWDEV2_041_STATUS_POS_1997,NEWDEV2_041,Tom Foley,1997,STATUS,positive,Became U.S. Ambassador to Japan.,appointment_gain,"{'verification_status': 'CONFIRMED_PUBLIC_SOURCE_RESEARCH_2026-08-16', 'url': 'https://history.state.gov/departmenthistory/people/foley-thomas-stephen', 'reference': 'https://history.state.gov/departmenthistory/people/foley-thomas-stephen', 'lineage_event_id': None, 'lineage_file': None}",True,True,True
V4EXP_NEWDEV2_042_COMPETITIVE_NEG_1991,NEWDEV2_042,Tom Glavine,1991,COMPETITIVE,negative,Atlanta lost the 1991 World Series.,explicit_outcome,"{'verification_status': 'CONFIRMED_PUBLIC_SOURCE_RESEARCH_2026-08-16', 'url': 'https://www.mlb.com/braves/history/timeline', 'reference': 'https://www.mlb.com/braves/history/timeline', 'lineage_event_id': None, 'lineage_file': None}",True,True,True
V4EXP_NEWDEV2_042_COMPETITIVE_NEG_1992,NEWDEV2_042,Tom Glavine,1992,COMPETITIVE,negative,Atlanta lost the 1992 World Series.,explicit_outcome,"{'verification_status': 'CONFIRMED_PUBLIC_SOURCE_RESEARCH_2026-08-16', 'url': 'https://www.mlb.com/braves/history/timeline', 'reference': 'https://www.mlb.com/braves/history/timeline', 'lineage_event_id': None, 'lineage_file': None}",True,True,True
V4EXP_NEWDEV2_042_COMPETITIVE_POS_1995,NEWDEV2_042,Tom Glavine,1995,COMPETITIVE,positive,Atlanta won the 1995 World Series; Glavine was the decisive Game 6 starter and World Series MVP.,explicit_outcome,"{'verification_status': 'CONFIRMED_PUBLIC_SOURCE_RESEARCH_2026-08-16', 'url': 'https://www.mlb.com/news/1995-world-series-recap', 'reference': 'https://www.mlb.com/news/1995-world-series-recap', 'lineage_event_id': None, 'lineage_file': None}",True,True,True
V4EXP_NEWDEV2_054_PROJECT_NEG_1970,NEWDEV2_054,Toni Morrison,1970,PROJECT,negative,The Bluest Eye had limited initial commercial reception.,low_initial_reception,"{'verification_status': 'CONFIRMED_PUBLIC_SOURCE_RESEARCH_2026-08-16', 'url': 'https://www.newyorker.com/magazine/2003/10/27/ghosts-in-the-house', 'reference': 'https://www.newyorker.com/magazine/2003/10/27/ghosts-in-the-house', 'lineage_event_id': None, 'lineage_file': None}",True,True,True
V4EXP_NEWDEV2_054_PROJECT_POS_1987,NEWDEV2_054,Toni Morrison,1987,PROJECT,positive,Beloved became an immediate major literary success.,major_project_success,"{'verification_status': 'CONFIRMED_PUBLIC_SOURCE_RESEARCH_2026-08-16', 'url': 'https://www.newyorker.com/magazine/2003/10/27/ghosts-in-the-house', 'reference': 'https://www.newyorker.com/magazine/2003/10/27/ghosts-in-the-house', 'lineage_event_id': None, 'lineage_file': None}",True,True,True
V4EXP_NEWDEV2_056_COMPETITIVE_NEG_2008,NEWDEV2_056,Tony Estanguet,2008,COMPETITIVE,negative,Failed to reach the Beijing Olympic C1 final.,explicit_outcome,"{'verification_status': 'CONFIRMED_PUBLIC_SOURCE_RESEARCH_2026-08-16', 'url': 'https://www.theguardian.com/sport/article/2024/jul/21/tony-estanguet-paris-olympic-gold-sebastian-coe', 'reference': 'https://www.theguardian.com/sport/article/2024/jul/21/tony-estanguet-paris-olympic-gold-sebastian-coe', 'lineage_event_id': None, 'lineage_file': None}",True,True,True
V4EXP_NEWDEV2_056_COMPETITIVE_POS_2009,NEWDEV2_056,Tony Estanguet,2009,COMPETITIVE,positive,Won the C1 world championship.,explicit_outcome,"{'verification_status': 'CONFIRMED_PUBLIC_SOURCE_RESEARCH_2026-08-16', 'url': 'https://www.theguardian.com/sport/article/2024/jul/21/tony-estanguet-paris-olympic-gold-sebastian-coe', 'reference': 'https://www.theguardian.com/sport/article/2024/jul/21/tony-estanguet-paris-olympic-gold-sebastian-coe', 'lineage_event_id': None, 'lineage_file': None}",True,True,True
V4EXP_NEWDEV2_056_COMPETITIVE_POS_2010,NEWDEV2_056,Tony Estanguet,2010,COMPETITIVE,positive,Won the C1 world championship.,explicit_outcome,"{'verification_status': 'CONFIRMED_PUBLIC_SOURCE_RESEARCH_2026-08-16', 'url': 'https://www.theguardian.com/sport/article/2024/jul/21/tony-estanguet-paris-olympic-gold-sebastian-coe', 'reference': 'https://www.theguardian.com/sport/article/2024/jul/21/tony-estanguet-paris-olympic-gold-sebastian-coe', 'lineage_event_id': None, 'lineage_file': None}",True,True,True
V4EXP_NEWDEV2_056_COMPETITIVE_POS_2012,NEWDEV2_056,Tony Estanguet,2012,COMPETITIVE,positive,Won Olympic C1 gold in London.,explicit_outcome,"{'verification_status': 'CONFIRMED_PUBLIC_SOURCE_RESEARCH_2026-08-16', 'url': 'https://www.theguardian.com/sport/article/2024/jul/21/tony-estanguet-paris-olympic-gold-sebastian-coe', 'reference': 'https://www.theguardian.com/sport/article/2024/jul/21/tony-estanguet-paris-olympic-gold-sebastian-coe', 'lineage_event_id': None, 'lineage_file': None}",True,True,True
V4EXP_NEWDEV2_059_COMPETITIVE_NEG_1957,NEWDEV2_059,Tony Kubek,1957,COMPETITIVE,negative,The Yankees lost the 1957 World Series while Kubek played in the series.,explicit_outcome,"{'verification_status': 'CONFIRMED_PUBLIC_SOURCE_RESEARCH_2026-08-16', 'url': 'https://www.mlb.com/postseason/history/1957', 'reference': 'https://www.mlb.com/postseason/history/1957', 'lineage_event_id': None, 'lineage_file': None}",True,True,True
V4EXP_NEWDEV2_059_COMPETITIVE_POS_1958,NEWDEV2_059,Tony Kubek,1958,COMPETITIVE,positive,The Yankees won the 1958 World Series with Kubek on the roster.,explicit_outcome,"{'verification_status': 'CONFIRMED_PUBLIC_SOURCE_RESEARCH_2026-08-16', 'url': 'https://www.mlb.com/postseason/history/1958', 'reference': 'https://www.mlb.com/postseason/history/1958', 'lineage_event_id': None, 'lineage_file': None}",True,True,True
V4EXP_NEWDEV2_059_COMPETITIVE_NEG_1960,NEWDEV2_059,Tony Kubek,1960,COMPETITIVE,negative,The Yankees lost the 1960 World Series while Kubek played in the series.,explicit_outcome,"{'verification_status': 'CONFIRMED_PUBLIC_SOURCE_RESEARCH_2026-08-16', 'url': 'https://www.mlb.com/postseason/history/1960', 'reference': 'https://www.mlb.com/postseason/history/1960', 'lineage_event_id': None, 'lineage_file': None}",True,True,True
V4EXP_NEWDEV2_059_COMPETITIVE_POS_1961,NEWDEV2_059,Tony Kubek,1961,COMPETITIVE,positive,The Yankees won the 1961 World Series with Kubek on the roster.,explicit_outcome,"{'verification_status': 'CONFIRMED_PUBLIC_SOURCE_RESEARCH_2026-08-16', 'url': 'https://www.mlb.com/postseason/history/1961', 'reference': 'https://www.mlb.com/postseason/history/1961', 'lineage_event_id': None, 'lineage_file': None}",True,True,True
V4EXP_NEWDEV2_060_COMPETITIVE_NEG_2013,NEWDEV2_060,Tony Parker,2013,COMPETITIVE,negative,San Antonio lost the 2013 NBA Finals.,explicit_outcome,"{'verification_status': 'CONFIRMED_PUBLIC_SOURCE_RESEARCH_2026-08-16', 'url': 'https://www.nba.com/watch/list/collection/nba-finals-2013', 'reference': 'https://www.nba.com/watch/list/collection/nba-finals-2013', 'lineage_event_id': None, 'lineage_file': None}",True,True,True
V4EXP_NEWDEV2_060_COMPETITIVE_POS_2014,NEWDEV2_060,Tony Parker,2014,COMPETITIVE,positive,San Antonio won the 2014 NBA championship.,explicit_outcome,"{'verification_status': 'CONFIRMED_PUBLIC_SOURCE_RESEARCH_2026-08-16', 'url': 'https://www.nba.com/news/history-season-review-2013-14', 'reference': 'https://www.nba.com/news/history-season-review-2013-14', 'lineage_event_id': None, 'lineage_file': None}",True,True,True
V4EXP_NEWDEV2_100_PROJECT_NEG_2000,NEWDEV2_100,Tony Shalhoub,2000,PROJECT,negative,Stark Raving Mad ended after one season.,project_cancellation,"{'verification_status': 'CONFIRMED_PUBLIC_SOURCE_RESEARCH_2026-08-16', 'url': 'https://www.usanetwork.com/usa-insider/what-has-monk-tony-shalhoub-been-in', 'reference': 'https://www.usanetwork.com/usa-insider/what-has-monk-tony-shalhoub-been-in', 'lineage_event_id': None, 'lineage_file': None}",True,True,True
V4EXP_NEWDEV2_100_PROJECT_POS_2002,NEWDEV2_100,Tony Shalhoub,2002,PROJECT,positive,"Monk premiered and became a long-running, award-winning series.",project_success,"{'verification_status': 'CONFIRMED_PUBLIC_SOURCE_RESEARCH_2026-08-16', 'url': 'https://www.usanetwork.com/usa-insider/what-has-monk-tony-shalhoub-been-in', 'reference': 'https://www.usanetwork.com/usa-insider/what-has-monk-tony-shalhoub-been-in', 'lineage_event_id': None, 'lineage_file': None}",True,True,True
V4EXP_MLV2_DEV_054_PROJECT_NEG_1998,MLV2_DEV_054,Uma Thurman,1998,PROJECT,negative,The Avengers underperformed its production budget at the worldwide box office.,commercial_failure,"{'verification_status': 'CONFIRMED_PUBLIC_SOURCE_RESEARCH_2026-08-16', 'url': 'https://www.the-numbers.com/movie/Avengers-The-%281998%29', 'reference': 'https://www.the-numbers.com/movie/Avengers-The-%281998%29', 'lineage_event_id': None, 'lineage_file': None}",True,True,True
V4EXP_MLV2_DEV_054_PROJECT_POS_2003,MLV2_DEV_054,Uma Thurman,2003,PROJECT,positive,Kill Bill: Volume 1 became a strong commercial success.,commercial_success,"{'verification_status': 'CONFIRMED_PUBLIC_SOURCE_RESEARCH_2026-08-16', 'url': 'https://www.the-numbers.com/movie/Kill-Bill-Volume-1-%282003%29', 'reference': 'https://www.the-numbers.com/movie/Kill-Bill-Volume-1-%282003%29', 'lineage_event_id': None, 'lineage_file': None}",True,True,True
