repeat,fold,pair_id,subject_id,axis,candidate_margin,candidate_correct,control_margin,control_correct
0,0,V4UD_001_P01,V4UD_001,COMPETITIVE,1.2703488731066492,1.0,9.0,1.0
0,0,V4UD_014_P01,V4UD_014,COMPETITIVE,-0.3078440085257132,0.0,5.0,1.0
0,0,V4UD_015_P01,V4UD_015,COMPETITIVE,0.0995361418549602,1.0,1.0,1.0
0,0,V4UD_017_P01,V4UD_017,COMPETITIVE,0.22951099097947913,1.0,3.0,1.0
0,0,V4UD_018_P01,V4UD_018,COMPETITIVE,0.010930401376082163,1.0,-2.0,0.0
0,0,V4UD_030_P01,V4UD_030,COMPETITIVE,-0.18917525212477712,0.0,-12.0,0.0
0,0,V4UD_046_P01,V4UD_046,PROJECT,0.4456815656750602,1.0,4.0,1.0
0,0,V4UD_049_P01,V4UD_049,PROJECT,0.862907209821569,1.0,6.0,1.0
0,0,V4UD_051_P01,V4UD_051,PROJECT,0.41805960474223314,1.0,-2.0,0.0
0,0,V4UD_074_P01,V4UD_074,STATUS,0.12396478411517707,1.0,2.0,1.0
0,0,V4UD_078_P01,V4UD_078,STATUS,0.4013222133850108,1.0,-17.0,0.0
0,0,V4UD_088_P01,V4UD_088,STATUS,0.6867619396808257,1.0,-7.0,0.0
0,0,V4UD_093_P01,V4UD_093,STATUS,-1.5206140272346962,0.0,-5.0,0.0
0,0,V4UDW2_002_P01,V4UDW2_002,COMPETITIVE,-0.21708308984486127,0.0,-1.0,0.0
0,0,V4UDW2_007_P01,V4UDW2_007,PROJECT,-0.593175546905175,0.0,20.0,1.0
0,0,V4UDW2_009_P01,V4UDW2_009,PROJECT,-0.213595151213849,0.0,-8.0,0.0
0,0,V4UDW2_015_P01,V4UDW2_015,STATUS,-0.8364354876720465,0.0,-1.0,0.0
0,0,V4UDW2_021_P01,V4UDW2_021,STATUS,0.021876942721509657,1.0,1.0,1.0
0,0,V4UDW2_023_P01,V4UDW2_023,STATUS,-0.2078214146744265,0.0,-5.0,0.0
0,0,V4UDW2_030_P01,V4UDW2_030,STATUS,0.9003852081458762,1.0,0.0,0.0
0,0,V4UDW2_036_P01,V4UDW2_036,STATUS,0.30788935921024974,1.0,-3.0,0.0
0,1,V4UD_009_P01,V4UD_009,COMPETITIVE,-1.0428414319144756,0.0,2.0,1.0
0,1,V4UD_010_P01,V4UD_010,COMPETITIVE,0.42641413508176546,1.0,-1.0,0.0
0,1,V4UD_002_P01,V4UD_002,COMPETITIVE,-0.6169526026361475,0.0,-3.0,0.0
0,1,V4UD_003_P01,V4UD_003,COMPETITIVE,0.7944428948217835,1.0,-4.0,0.0
0,1,V4UD_020_P01,V4UD_020,COMPETITIVE,-0.25588411297517977,0.0,6.0,1.0
0,1,V4UD_027_P01,V4UD_027,COMPETITIVE,-1.06752855976085,0.0,-3.0,0.0
0,1,V4UD_042_P01,V4UD_042,PROJECT,-1.089448073796431,0.0,-2.0,0.0
0,1,V4UD_043_P01,V4UD_043,PROJECT,0.5773038804753757,1.0,-12.0,0.0
0,1,V4UD_050_P01,V4UD_050,PROJECT,0.9396943175077358,1.0,-10.0,0.0
0,1,V4UD_057_P01,V4UD_057,STATUS,0.35457156469717216,1.0,0.0,0.0
0,1,V4UD_065_P01,V4UD_065,STATUS,-0.8743148574244668,0.0,-22.0,0.0
0,1,V4UD_066_P01,V4UD_066,STATUS,-0.15001865641584633,0.0,7.0,1.0
0,1,V4UD_080_P01,V4UD_080,STATUS,0.6378539521238346,1.0,3.0,1.0
0,1,V4UD_084_P01,V4UD_084,STATUS,1.144563393118415,1.0,2.0,1.0
0,1,V4UD_094_P01,V4UD_094,STATUS,0.9760183853213243,1.0,7.0,1.0
0,1,V4UD_098_P01,V4UD_098,STATUS,0.2321189929689771,1.0,7.0,1.0
0,1,V4UDW2_004_P01,V4UDW2_004,PROJECT,0.635649305771768,1.0,2.0,1.0
0,1,V4UDW2_005_P01,V4UDW2_005,PROJECT,0.09002080710761139,1.0,3.0,1.0
0,1,V4UDW2_016_P01,V4UDW2_016,STATUS,-0.7007586012590598,0.0,-3.0,0.0
0,1,V4UDW2_029_P01,V4UDW2_029,STATUS,0.11883187282624857,1.0,5.0,1.0
0,2,V4UD_016_P01,V4UD_016,COMPETITIVE,1.0495392032693096,1.0,-1.0,0.0
0,2,V4UD_019_P01,V4UD_019,COMPETITIVE,-0.7528758202293416,0.0,-6.0,0.0
0,2,V4UD_021_P01,V4UD_021,COMPETITIVE,-0.5448406840547835,0.0,5.0,1.0
0,2,V4UD_023_P01,V4UD_023,COMPETITIVE,0.6549529475986483,1.0,-1.0,0.0
0,2,V4UD_024_P01,V4UD_024,COMPETITIVE,0.6908514099392339,1.0,20.0,1.0
0,2,V4UD_026_P01,V4UD_026,COMPETITIVE,-0.253876993437727,0.0,2.0,1.0
0,2,V4UD_039_P01,V4UD_039,PROJECT,-0.9296137821680639,0.0,7.0,1.0
0,2,V4UD_031_P01,V4UD_031,PROJECT,-1.1067797596202693,0.0,3.0,1.0
0,2,V4UD_040_P01,V4UD_040,PROJECT,0.6323632907337293,1.0,-3.0,0.0
0,2,V4UD_053_P01,V4UD_053,PROJECT,-0.3466550599080946,0.0,0.0,0.0
0,2,V4UD_061_P01,V4UD_061,STATUS,-0.5652707538004739,0.0,9.0,1.0
0,2,V4UD_069_P01,V4UD_069,STATUS,-0.43144798962794084,0.0,-15.0,0.0
0,2,V4UD_081_P01,V4UD_081,STATUS,0.1824004495474027,1.0,4.0,1.0
0,2,V4UD_085_P01,V4UD_085,STATUS,0.0860439053631208,1.0,1.0,1.0
0,2,V4UD_091_P01,V4UD_091,STATUS,-0.24159240864369586,0.0,10.0,1.0
0,2,V4UDW2_006_P01,V4UDW2_006,PROJECT,0.5445425992207581,1.0,14.0,1.0
0,2,V4UDW2_020_P01,V4UDW2_020,STATUS,-0.2408759659280139,0.0,8.0,1.0
0,2,V4UDW2_022_P01,V4UDW2_022,STATUS,0.2046848714110901,1.0,8.0,1.0
0,2,V4UDW2_043_P01,V4UDW2_043,STATUS,0.32218825261987305,1.0,2.0,1.0
0,2,V4UDW2_044_P01,V4UDW2_044,STATUS,-0.3042694530204006,0.0,-2.0,0.0
0,3,V4UD_008_P01,V4UD_008,COMPETITIVE,0.13890527121566298,1.0,0.0,0.0
0,3,V4UD_013_P01,V4UD_013,COMPETITIVE,-0.8578691689080494,0.0,10.0,1.0
0,3,V4UD_004_P01,V4UD_004,COMPETITIVE,0.6625547075136021,1.0,6.0,1.0
0,3,V4UD_022_P01,V4UD_022,COMPETITIVE,-0.5770609668347478,0.0,-3.0,0.0
0,3,V4UD_029_P01,V4UD_029,COMPETITIVE,-1.3871992160151343,0.0,4.0,1.0
0,3,V4UD_033_P01,V4UD_033,PROJECT,-0.11452177314675781,0.0,-9.0,0.0
0,3,V4UD_048_P01,V4UD_048,PROJECT,1.3069284281935418,1.0,14.0,1.0
0,3,V4UD_052_P01,V4UD_052,PROJECT,-0.8095433120166617,0.0,1.0,1.0
0,3,V4UD_054_P01,V4UD_054,PROJECT,-0.18256937641323043,0.0,4.0,1.0
0,3,V4UD_060_P01,V4UD_060,STATUS,0.33104269730280195,1.0,-11.0,0.0
0,3,V4UD_063_P01,V4UD_063,STATUS,0.29975800046643636,1.0,0.0,0.0
0,3,V4UD_082_P01,V4UD_082,STATUS,0.32731620234094455,1.0,1.0,1.0
0,3,V4UD_086_P01,V4UD_086,STATUS,-1.3006036580559663,0.0,10.0,1.0
0,3,V4UD_089_P01,V4UD_089,STATUS,0.05975568309460945,1.0,-11.0,0.0
0,3,V4UDW2_001_P01,V4UDW2_001,COMPETITIVE,-0.3184764275905202,0.0,5.0,1.0
0,3,V4UDW2_010_P01,V4UDW2_010,PROJECT,1.2648721805227354,1.0,-4.0,0.0
0,3,V4UDW2_018_P01,V4UDW2_018,STATUS,1.4386549554680712,1.0,-7.0,0.0
0,3,V4UDW2_034_P01,V4UDW2_034,STATUS,-0.8923727824239213,0.0,-1.0,0.0
0,3,V4UDW2_038_P01,V4UDW2_038,STATUS,1.9019455775984724,1.0,-15.0,0.0
0,3,V4UDW2_040_P01,V4UDW2_040,STATUS,0.6476964908552084,1.0,11.0,1.0
0,4,V4UD_007_P01,V4UD_007,COMPETITIVE,0.49997800041413715,1.0,0.0,0.0
0,4,V4UD_012_P01,V4UD_012,COMPETITIVE,0.6765693612237992,1.0,5.0,1.0
0,4,V4UD_025_P01,V4UD_025,COMPETITIVE,-1.4300803913246414,0.0,8.0,1.0
0,4,V4UD_005_P01,V4UD_005,COMPETITIVE,0.5196826309488551,1.0,1.0,1.0
0,4,V4UD_006_P01,V4UD_006,COMPETITIVE,0.2639473101222101,1.0,-2.0,0.0
0,4,V4UD_036_P01,V4UD_036,PROJECT,-0.09580161185745055,0.0,5.0,1.0
0,4,V4UD_038_P01,V4UD_038,PROJECT,0.15687884591433154,1.0,-1.0,0.0
0,4,V4UD_032_P01,V4UD_032,PROJECT,-0.25964811066933646,0.0,2.0,1.0
0,4,V4UD_044_P01,V4UD_044,PROJECT,0.5635471616021053,1.0,3.0,1.0
0,4,V4UD_055_P01,V4UD_055,PROJECT,-0.16942503395865705,0.0,18.0,1.0
0,4,V4UD_076_P01,V4UD_076,STATUS,0.468276667499984,1.0,-1.0,0.0
0,4,V4UD_077_P01,V4UD_077,STATUS,-0.8085185097332034,0.0,-11.0,0.0
0,4,V4UD_083_P01,V4UD_083,STATUS,0.7863099049298296,1.0,12.0,1.0
0,4,V4UD_092_P01,V4UD_092,STATUS,-0.012743821184688406,0.0,2.0,1.0
0,4,V4UD_100_P01,V4UD_100,STATUS,-0.07324371317086441,0.0,10.0,1.0
0,4,V4UDW2_003_P01,V4UDW2_003,COMPETITIVE,-0.08433904390714668,0.0,-1.0,0.0
0,4,V4UDW2_013_P01,V4UDW2_013,STATUS,-0.009052400293729876,0.0,11.0,1.0
0,4,V4UDW2_019_P01,V4UDW2_019,STATUS,-0.30669296691985654,0.0,-6.0,0.0
0,4,V4UDW2_024_P01,V4UDW2_024,STATUS,1.6387468651764556,1.0,-8.0,0.0
0,4,V4UDW2_026_P01,V4UDW2_026,STATUS,-0.5341864494615932,0.0,-1.0,0.0
1,0,V4UD_007_P01,V4UD_007,COMPETITIVE,0.7918982075047785,1.0,0.0,0.0
1,0,V4UD_012_P01,V4UD_012,COMPETITIVE,0.05607242431653069,1.0,5.0,1.0
1,0,V4UD_014_P01,V4UD_014,COMPETITIVE,-0.06835292600009277,0.0,5.0,1.0
1,0,V4UD_019_P01,V4UD_019,COMPETITIVE,-0.9693975399941362,0.0,-6.0,0.0
1,0,V4UD_005_P01,V4UD_005,COMPETITIVE,0.15086275505997013,1.0,1.0,1.0
1,0,V4UD_026_P01,V4UD_026,COMPETITIVE,0.5713402438538038,1.0,2.0,1.0
1,0,V4UD_040_P01,V4UD_040,PROJECT,-0.27486767722835764,0.0,-3.0,0.0
1,0,V4UD_050_P01,V4UD_050,PROJECT,0.6893205054929429,1.0,-10.0,0.0
1,0,V4UD_055_P01,V4UD_055,PROJECT,0.2829791971173215,1.0,18.0,1.0
1,0,V4UD_066_P01,V4UD_066,STATUS,-0.4073604403512943,0.0,7.0,1.0
1,0,V4UD_069_P01,V4UD_069,STATUS,-0.9651623245342698,0.0,-15.0,0.0
1,0,V4UD_081_P01,V4UD_081,STATUS,-0.7565207670779847,0.0,4.0,1.0
1,0,V4UD_083_P01,V4UD_083,STATUS,0.28731244370092307,1.0,12.0,1.0
1,0,V4UD_084_P01,V4UD_084,STATUS,-0.9675202128574916,0.0,2.0,1.0
1,0,V4UD_091_P01,V4UD_091,STATUS,0.6375817278230121,1.0,10.0,1.0
1,0,V4UDW2_003_P01,V4UDW2_003,COMPETITIVE,-0.5100133794515832,0.0,-1.0,0.0
1,0,V4UDW2_005_P01,V4UDW2_005,PROJECT,0.23054622700681124,1.0,3.0,1.0
1,0,V4UDW2_009_P01,V4UDW2_009,PROJECT,0.1012580384973081,1.0,-8.0,0.0
1,0,V4UDW2_024_P01,V4UDW2_024,STATUS,-3.495811533383276,0.0,-8.0,0.0
1,0,V4UDW2_026_P01,V4UDW2_026,STATUS,0.9706789194733353,1.0,-1.0,0.0
1,0,V4UDW2_034_P01,V4UDW2_034,STATUS,0.07086271782731085,1.0,-1.0,0.0
1,1,V4UD_008_P01,V4UD_008,COMPETITIVE,0.6615316780950213,1.0,0.0,0.0
1,1,V4UD_009_P01,V4UD_009,COMPETITIVE,0.4055956200330136,1.0,2.0,1.0
1,1,V4UD_017_P01,V4UD_017,COMPETITIVE,0.09009554064124353,1.0,3.0,1.0
1,1,V4UD_021_P01,V4UD_021,COMPETITIVE,-2.4005000936292724,0.0,5.0,1.0
1,1,V4UD_023_P01,V4UD_023,COMPETITIVE,-0.19818191089014786,0.0,-1.0,0.0
1,1,V4UD_006_P01,V4UD_006,COMPETITIVE,-0.254764275046247,0.0,-2.0,0.0
1,1,V4UD_038_P01,V4UD_038,PROJECT,1.306428509211398,1.0,-1.0,0.0
1,1,V4UD_031_P01,V4UD_031,PROJECT,0.24928793897377888,1.0,3.0,1.0
1,1,V4UD_043_P01,V4UD_043,PROJECT,0.8821775388562824,1.0,-12.0,0.0
1,1,V4UD_053_P01,V4UD_053,PROJECT,-0.005797897195482234,0.0,0.0,0.0
1,1,V4UD_060_P01,V4UD_060,STATUS,-0.41038444087446435,0.0,-11.0,0.0
1,1,V4UD_076_P01,V4UD_076,STATUS,1.0258150658957277,1.0,-1.0,0.0
1,1,V4UD_082_P01,V4UD_082,STATUS,0.5765398453102011,1.0,1.0,1.0
1,1,V4UDW2_010_P01,V4UDW2_010,PROJECT,0.6232869019013599,1.0,-4.0,0.0
1,1,V4UDW2_015_P01,V4UDW2_015,STATUS,-1.1527003903227249,0.0,-1.0,0.0
1,1,V4UDW2_016_P01,V4UDW2_016,STATUS,-1.6225368416848156,0.0,-3.0,0.0
1,1,V4UDW2_019_P01,V4UDW2_019,STATUS,-0.016626324475112173,0.0,-6.0,0.0
1,1,V4UDW2_021_P01,V4UDW2_021,STATUS,-0.04483559265515447,0.0,1.0,1.0
1,1,V4UDW2_022_P01,V4UDW2_022,STATUS,0.29691307417848295,1.0,8.0,1.0
1,1,V4UDW2_030_P01,V4UDW2_030,STATUS,0.4535372316256349,1.0,0.0,0.0
1,2,V4UD_001_P01,V4UD_001,COMPETITIVE,-0.7873574584783475,0.0,9.0,1.0
1,2,V4UD_002_P01,V4UD_002,COMPETITIVE,-0.7224025249125584,0.0,-3.0,0.0
1,2,V4UD_003_P01,V4UD_003,COMPETITIVE,0.095676994569811,1.0,-4.0,0.0
1,2,V4UD_004_P01,V4UD_004,COMPETITIVE,-0.8016514189195062,0.0,6.0,1.0
1,2,V4UD_027_P01,V4UD_027,COMPETITIVE,-0.5066975192978823,0.0,-3.0,0.0
1,2,V4UD_036_P01,V4UD_036,PROJECT,-0.22968990223713942,0.0,5.0,1.0
1,2,V4UD_042_P01,V4UD_042,PROJECT,-1.0087961188435564,0.0,-2.0,0.0
1,2,V4UD_046_P01,V4UD_046,PROJECT,0.8996060603332053,1.0,4.0,1.0
1,2,V4UD_051_P01,V4UD_051,PROJECT,0.9425257470536673,1.0,-2.0,0.0
1,2,V4UD_057_P01,V4UD_057,STATUS,-0.36310903030857306,0.0,0.0,0.0
1,2,V4UD_078_P01,V4UD_078,STATUS,2.0335796421203485,1.0,-17.0,0.0
1,2,V4UD_080_P01,V4UD_080,STATUS,1.8975809927306457,1.0,3.0,1.0
1,2,V4UD_092_P01,V4UD_092,STATUS,0.24998356182713422,1.0,2.0,1.0
1,2,V4UD_094_P01,V4UD_094,STATUS,0.8528146133548572,1.0,7.0,1.0
1,2,V4UDW2_001_P01,V4UDW2_001,COMPETITIVE,0.1323296033446123,1.0,5.0,1.0
1,2,V4UDW2_007_P01,V4UDW2_007,PROJECT,-0.3073944776208114,0.0,20.0,1.0
1,2,V4UDW2_018_P01,V4UDW2_018,STATUS,1.8184904822326098,1.0,-7.0,0.0
1,2,V4UDW2_020_P01,V4UDW2_020,STATUS,0.5265001015222983,1.0,8.0,1.0
1,2,V4UDW2_029_P01,V4UDW2_029,STATUS,1.0641959703279684,1.0,5.0,1.0
1,2,V4UDW2_038_P01,V4UDW2_038,STATUS,1.1444791903590499,1.0,-15.0,0.0
1,3,V4UD_018_P01,V4UD_018,COMPETITIVE,0.0909305509281673,1.0,-2.0,0.0
1,3,V4UD_020_P01,V4UD_020,COMPETITIVE,0.26374279852594834,1.0,6.0,1.0
1,3,V4UD_022_P01,V4UD_022,COMPETITIVE,-1.439619767113212,0.0,-3.0,0.0
1,3,V4UD_025_P01,V4UD_025,COMPETITIVE,-1.1034710269811938,0.0,8.0,1.0
1,3,V4UD_029_P01,V4UD_029,COMPETITIVE,-1.5886719365969242,0.0,4.0,1.0
1,3,V4UD_039_P01,V4UD_039,PROJECT,0.5846878795955309,1.0,7.0,1.0
1,3,V4UD_044_P01,V4UD_044,PROJECT,-0.23155619742528613,0.0,3.0,1.0
1,3,V4UD_033_P01,V4UD_033,PROJECT,-0.6244853758661622,0.0,-9.0,0.0
1,3,V4UD_048_P01,V4UD_048,PROJECT,1.7725298217593668,1.0,14.0,1.0
1,3,V4UD_061_P01,V4UD_061,STATUS,0.11573556432782629,1.0,9.0,1.0
1,3,V4UD_063_P01,V4UD_063,STATUS,0.275644485744361,1.0,0.0,0.0
1,3,V4UD_085_P01,V4UD_085,STATUS,0.17451251195132442,1.0,1.0,1.0
1,3,V4UD_086_P01,V4UD_086,STATUS,-0.1604093729400181,0.0,10.0,1.0
1,3,V4UD_093_P01,V4UD_093,STATUS,2.3705876722963413,1.0,-5.0,0.0
1,3,V4UD_100_P01,V4UD_100,STATUS,0.012473883538499186,1.0,10.0,1.0
1,3,V4UDW2_002_P01,V4UDW2_002,COMPETITIVE,0.5334852155169554,1.0,-1.0,0.0
1,3,V4UDW2_004_P01,V4UDW2_004,PROJECT,-0.1797680285299713,0.0,2.0,1.0
1,3,V4UDW2_036_P01,V4UDW2_036,STATUS,0.5443478670842572,1.0,-3.0,0.0
1,3,V4UDW2_043_P01,V4UDW2_043,STATUS,-1.2984221452915028,0.0,2.0,1.0
1,3,V4UDW2_044_P01,V4UDW2_044,STATUS,-0.17935043476227477,0.0,-2.0,0.0
1,4,V4UD_010_P01,V4UD_010,COMPETITIVE,0.3213181092627866,1.0,-1.0,0.0
1,4,V4UD_013_P01,V4UD_013,COMPETITIVE,-0.6496696929959024,0.0,10.0,1.0
1,4,V4UD_015_P01,V4UD_015,COMPETITIVE,1.9482030799124244,1.0,1.0,1.0
1,4,V4UD_016_P01,V4UD_016,COMPETITIVE,1.029932573391762,1.0,-1.0,0.0
1,4,V4UD_024_P01,V4UD_024,COMPETITIVE,0.717544176601515,1.0,20.0,1.0
1,4,V4UD_030_P01,V4UD_030,COMPETITIVE,0.3425675493274609,1.0,-12.0,0.0
1,4,V4UD_032_P01,V4UD_032,PROJECT,-0.7848700847907294,0.0,2.0,1.0
1,4,V4UD_049_P01,V4UD_049,PROJECT,1.5285519297015135,1.0,6.0,1.0
1,4,V4UD_052_P01,V4UD_052,PROJECT,-0.53206051961608,0.0,1.0,1.0
1,4,V4UD_054_P01,V4UD_054,PROJECT,0.35325521226716167,1.0,4.0,1.0
1,4,V4UD_065_P01,V4UD_065,STATUS,-0.696198940182636,0.0,-22.0,0.0
1,4,V4UD_074_P01,V4UD_074,STATUS,0.13827293470822602,1.0,2.0,1.0
1,4,V4UD_077_P01,V4UD_077,STATUS,-0.259325671046139,0.0,-11.0,0.0
1,4,V4UD_088_P01,V4UD_088,STATUS,0.48842113881026344,1.0,-7.0,0.0
1,4,V4UD_089_P01,V4UD_089,STATUS,-1.2504715169194223,0.0,-11.0,0.0
1,4,V4UD_098_P01,V4UD_098,STATUS,-0.007945296872865864,0.0,7.0,1.0
1,4,V4UDW2_006_P01,V4UDW2_006,PROJECT,0.5500473213824764,1.0,14.0,1.0
1,4,V4UDW2_013_P01,V4UDW2_013,STATUS,0.08721894825374923,1.0,11.0,1.0
1,4,V4UDW2_023_P01,V4UDW2_023,STATUS,0.40176759514467764,1.0,-5.0,0.0
1,4,V4UDW2_040_P01,V4UDW2_040,STATUS,0.9851393443564381,1.0,11.0,1.0
2,0,V4UD_010_P01,V4UD_010,COMPETITIVE,0.16070533773984685,1.0,-1.0,0.0
2,0,V4UD_003_P01,V4UD_003,COMPETITIVE,-0.2038381757697396,0.0,-4.0,0.0
2,0,V4UD_016_P01,V4UD_016,COMPETITIVE,0.31675820719493036,1.0,-1.0,0.0
2,0,V4UD_020_P01,V4UD_020,COMPETITIVE,0.4148858418052042,1.0,6.0,1.0
2,0,V4UD_022_P01,V4UD_022,COMPETITIVE,0.10470227605470694,1.0,-3.0,0.0
2,0,V4UD_026_P01,V4UD_026,COMPETITIVE,0.24404344931307678,1.0,2.0,1.0
2,0,V4UD_006_P01,V4UD_006,COMPETITIVE,0.744069370516531,1.0,-2.0,0.0
2,0,V4UD_032_P01,V4UD_032,PROJECT,-1.2635185072752755,0.0,2.0,1.0
2,0,V4UD_044_P01,V4UD_044,PROJECT,0.2353577854225819,1.0,3.0,1.0
2,0,V4UD_050_P01,V4UD_050,PROJECT,0.11149659963305826,1.0,-10.0,0.0
2,0,V4UD_051_P01,V4UD_051,PROJECT,0.6673320777747385,1.0,-2.0,0.0
2,0,V4UD_055_P01,V4UD_055,PROJECT,0.39739003930808064,1.0,18.0,1.0
2,0,V4UD_066_P01,V4UD_066,STATUS,-0.1843454134404444,0.0,7.0,1.0
2,0,V4UD_074_P01,V4UD_074,STATUS,0.1092960390028096,1.0,2.0,1.0
2,0,V4UD_083_P01,V4UD_083,STATUS,-0.42686784773978886,0.0,12.0,1.0
2,0,V4UD_086_P01,V4UD_086,STATUS,-0.09153101011568104,0.0,10.0,1.0
2,0,V4UDW2_013_P01,V4UDW2_013,STATUS,0.1256311475975494,1.0,11.0,1.0
2,0,V4UDW2_016_P01,V4UDW2_016,STATUS,-0.22121303660908642,0.0,-3.0,0.0
2,0,V4UDW2_019_P01,V4UDW2_019,STATUS,1.2229090221751235,1.0,-6.0,0.0
2,0,V4UDW2_022_P01,V4UDW2_022,STATUS,0.3721612187412627,1.0,8.0,1.0
2,0,V4UDW2_023_P01,V4UDW2_023,STATUS,0.3303005819934649,1.0,-5.0,0.0
2,1,V4UD_002_P01,V4UD_002,COMPETITIVE,-0.038984292863755404,0.0,-3.0,0.0
2,1,V4UD_021_P01,V4UD_021,COMPETITIVE,-0.07965692861477616,0.0,5.0,1.0
2,1,V4UD_023_P01,V4UD_023,COMPETITIVE,0.34630579535137407,1.0,-1.0,0.0
2,1,V4UD_029_P01,V4UD_029,COMPETITIVE,-2.963589566048878,0.0,4.0,1.0
2,1,V4UD_036_P01,V4UD_036,PROJECT,0.0011543245773769381,1.0,5.0,1.0
2,1,V4UD_039_P01,V4UD_039,PROJECT,-0.06923560561730846,0.0,7.0,1.0
2,1,V4UD_033_P01,V4UD_033,PROJECT,-0.18129536739044996,0.0,-9.0,0.0
2,1,V4UD_048_P01,V4UD_048,PROJECT,1.6309662205455995,1.0,14.0,1.0
2,1,V4UD_057_P01,V4UD_057,STATUS,-0.22841851667398103,0.0,0.0,0.0
2,1,V4UD_065_P01,V4UD_065,STATUS,-1.6723463579119509,0.0,-22.0,0.0
2,1,V4UD_076_P01,V4UD_076,STATUS,1.1364638651471197,1.0,-1.0,0.0
2,1,V4UD_080_P01,V4UD_080,STATUS,0.42301874204776246,1.0,3.0,1.0
2,1,V4UD_094_P01,V4UD_094,STATUS,1.0131792965550606,1.0,7.0,1.0
2,1,V4UD_098_P01,V4UD_098,STATUS,-0.25337067121320755,0.0,7.0,1.0
2,1,V4UDW2_001_P01,V4UDW2_001,COMPETITIVE,-0.9545705892851428,0.0,5.0,1.0
2,1,V4UDW2_002_P01,V4UDW2_002,COMPETITIVE,-1.0213125687795095,0.0,-1.0,0.0
2,1,V4UDW2_006_P01,V4UDW2_006,PROJECT,1.1291538933426994,1.0,14.0,1.0
2,1,V4UDW2_021_P01,V4UDW2_021,STATUS,-0.041114323749832066,0.0,1.0,1.0
2,1,V4UDW2_029_P01,V4UDW2_029,STATUS,0.09578182777639735,1.0,5.0,1.0
2,1,V4UDW2_044_P01,V4UDW2_044,STATUS,-0.46101624645615935,0.0,-2.0,0.0
2,2,V4UD_007_P01,V4UD_007,COMPETITIVE,1.0684196392548762,1.0,0.0,0.0
2,2,V4UD_009_P01,V4UD_009,COMPETITIVE,-0.8687778951958648,0.0,2.0,1.0
2,2,V4UD_019_P01,V4UD_019,COMPETITIVE,-0.5429792345415265,0.0,-6.0,0.0
2,2,V4UD_004_P01,V4UD_004,COMPETITIVE,0.14635540824483512,1.0,6.0,1.0
2,2,V4UD_005_P01,V4UD_005,COMPETITIVE,0.2682709919290356,1.0,1.0,1.0
2,2,V4UD_030_P01,V4UD_030,COMPETITIVE,-0.8894199843575791,0.0,-12.0,0.0
2,2,V4UD_031_P01,V4UD_031,PROJECT,-2.2946315154753143,0.0,3.0,1.0
2,2,V4UD_042_P01,V4UD_042,PROJECT,-2.771494742906823,0.0,-2.0,0.0
2,2,V4UD_049_P01,V4UD_049,PROJECT,1.5866579346797858,1.0,6.0,1.0
2,2,V4UD_082_P01,V4UD_082,STATUS,0.8302357060657278,1.0,1.0,1.0
2,2,V4UD_089_P01,V4UD_089,STATUS,0.8046445571014712,1.0,-11.0,0.0
2,2,V4UD_091_P01,V4UD_091,STATUS,-0.16612545031277412,0.0,10.0,1.0
2,2,V4UDW2_005_P01,V4UDW2_005,PROJECT,-1.5391876812896899,0.0,3.0,1.0
2,2,V4UDW2_007_P01,V4UDW2_007,PROJECT,-1.6390146645626849,0.0,20.0,1.0
2,2,V4UDW2_015_P01,V4UDW2_015,STATUS,-2.0160330951586314,0.0,-1.0,0.0
2,2,V4UDW2_018_P01,V4UDW2_018,STATUS,-1.771484192211643,0.0,-7.0,0.0
2,2,V4UDW2_024_P01,V4UDW2_024,STATUS,-0.9624417539924217,0.0,-8.0,0.0
2,2,V4UDW2_030_P01,V4UDW2_030,STATUS,-0.3109612189686617,0.0,0.0,0.0
2,2,V4UDW2_036_P01,V4UDW2_036,STATUS,-0.2976351654807251,0.0,-3.0,0.0
2,2,V4UDW2_038_P01,V4UDW2_038,STATUS,1.7933050567920457,1.0,-15.0,0.0
2,3,V4UD_013_P01,V4UD_013,COMPETITIVE,-0.9144881748739773,0.0,10.0,1.0
2,3,V4UD_015_P01,V4UD_015,COMPETITIVE,0.9097815892454482,1.0,1.0,1.0
2,3,V4UD_017_P01,V4UD_017,COMPETITIVE,-1.5924785855081078,0.0,3.0,1.0
2,3,V4UD_018_P01,V4UD_018,COMPETITIVE,0.4752799617751562,1.0,-2.0,0.0
2,3,V4UD_024_P01,V4UD_024,COMPETITIVE,1.8435724812899992,1.0,20.0,1.0
2,3,V4UD_027_P01,V4UD_027,COMPETITIVE,-1.431881515681746,0.0,-3.0,0.0
2,3,V4UD_038_P01,V4UD_038,PROJECT,0.36218985808431015,1.0,-1.0,0.0
2,3,V4UD_040_P01,V4UD_040,PROJECT,0.04702183808498891,1.0,-3.0,0.0
2,3,V4UD_046_P01,V4UD_046,PROJECT,-0.03770339805573166,0.0,4.0,1.0
2,3,V4UD_053_P01,V4UD_053,PROJECT,-0.06917669262873871,0.0,0.0,0.0
2,3,V4UD_061_P01,V4UD_061,STATUS,-0.06411939048778875,0.0,9.0,1.0
2,3,V4UD_077_P01,V4UD_077,STATUS,-2.4061845104015545,0.0,-11.0,0.0
2,3,V4UD_081_P01,V4UD_081,STATUS,-2.637015983892685,0.0,4.0,1.0
2,3,V4UD_088_P01,V4UD_088,STATUS,-0.05002334032336999,0.0,-7.0,0.0
2,3,V4UD_092_P01,V4UD_092,STATUS,0.32005792397795446,1.0,2.0,1.0
2,3,V4UD_100_P01,V4UD_100,STATUS,-0.5530231495444756,0.0,10.0,1.0
2,3,V4UDW2_010_P01,V4UDW2_010,PROJECT,0.3962810995339906,1.0,-4.0,0.0
2,3,V4UDW2_026_P01,V4UDW2_026,STATUS,1.7342289395555326,1.0,-1.0,0.0
2,3,V4UDW2_034_P01,V4UDW2_034,STATUS,-0.8497616198128193,0.0,-1.0,0.0
2,3,V4UDW2_040_P01,V4UDW2_040,STATUS,0.28539300374646664,1.0,11.0,1.0
2,4,V4UD_008_P01,V4UD_008,COMPETITIVE,-0.3258518613728324,0.0,0.0,0.0
2,4,V4UD_001_P01,V4UD_001,COMPETITIVE,-1.8113861787986871,0.0,9.0,1.0
2,4,V4UD_012_P01,V4UD_012,COMPETITIVE,0.391440223282365,1.0,5.0,1.0
2,4,V4UD_014_P01,V4UD_014,COMPETITIVE,-0.24182326410823296,0.0,5.0,1.0
2,4,V4UD_025_P01,V4UD_025,COMPETITIVE,-0.31140095327464756,0.0,8.0,1.0
2,4,V4UD_043_P01,V4UD_043,PROJECT,-0.14701731677898144,0.0,-12.0,0.0
2,4,V4UD_052_P01,V4UD_052,PROJECT,-0.22957029931379577,0.0,1.0,1.0
2,4,V4UD_054_P01,V4UD_054,PROJECT,-0.29874494648947436,0.0,4.0,1.0
2,4,V4UD_060_P01,V4UD_060,STATUS,0.4378334707485069,1.0,-11.0,0.0
2,4,V4UD_063_P01,V4UD_063,STATUS,-0.2966654382806853,0.0,0.0,0.0
2,4,V4UD_069_P01,V4UD_069,STATUS,2.9839994574613597,1.0,-15.0,0.0
2,4,V4UD_078_P01,V4UD_078,STATUS,2.6817555504026798,1.0,-17.0,0.0
2,4,V4UD_084_P01,V4UD_084,STATUS,1.920636224080527,1.0,2.0,1.0
2,4,V4UD_085_P01,V4UD_085,STATUS,-1.8022266101237294,0.0,1.0,1.0
2,4,V4UD_093_P01,V4UD_093,STATUS,1.1480177228729365,1.0,-5.0,0.0
2,4,V4UDW2_003_P01,V4UDW2_003,COMPETITIVE,-0.4297446655922347,0.0,-1.0,0.0
2,4,V4UDW2_004_P01,V4UDW2_004,PROJECT,-0.07611930783462989,0.0,2.0,1.0
2,4,V4UDW2_009_P01,V4UDW2_009,PROJECT,0.5922494657369344,1.0,-8.0,0.0
2,4,V4UDW2_020_P01,V4UDW2_020,STATUS,0.12103057373653589,1.0,8.0,1.0
2,4,V4UDW2_043_P01,V4UDW2_043,STATUS,-1.6277812356814134,0.0,2.0,1.0
3,0,V4UD_007_P01,V4UD_007,COMPETITIVE,-0.5749654040718075,0.0,0.0,0.0
3,0,V4UD_008_P01,V4UD_008,COMPETITIVE,0.976476936264624,1.0,0.0,0.0
3,0,V4UD_014_P01,V4UD_014,COMPETITIVE,-1.1476592660141813,0.0,5.0,1.0
3,0,V4UD_025_P01,V4UD_025,COMPETITIVE,-0.18108304221222532,0.0,8.0,1.0
3,0,V4UD_005_P01,V4UD_005,COMPETITIVE,0.06571649109352128,1.0,1.0,1.0
3,0,V4UD_027_P01,V4UD_027,COMPETITIVE,0.2616895683894685,1.0,-3.0,0.0
3,0,V4UD_031_P01,V4UD_031,PROJECT,-1.020703386465362,0.0,3.0,1.0
3,0,V4UD_042_P01,V4UD_042,PROJECT,-1.5573325793257358,0.0,-2.0,0.0
3,0,V4UD_046_P01,V4UD_046,PROJECT,0.8546600535664932,1.0,4.0,1.0
3,0,V4UD_048_P01,V4UD_048,PROJECT,0.35358693546966163,1.0,14.0,1.0
3,0,V4UD_069_P01,V4UD_069,STATUS,-0.5170309778270511,0.0,-15.0,0.0
3,0,V4UD_078_P01,V4UD_078,STATUS,0.6658601942500657,1.0,-17.0,0.0
3,0,V4UD_084_P01,V4UD_084,STATUS,-0.8782958592474488,0.0,2.0,1.0
3,0,V4UD_086_P01,V4UD_086,STATUS,-0.5124520661358627,0.0,10.0,1.0
3,0,V4UD_089_P01,V4UD_089,STATUS,-0.9428335532367502,0.0,-11.0,0.0
3,0,V4UD_094_P01,V4UD_094,STATUS,-1.6592631837021263,0.0,7.0,1.0
3,0,V4UD_100_P01,V4UD_100,STATUS,0.03914396620736092,1.0,10.0,1.0
3,0,V4UDW2_001_P01,V4UDW2_001,COMPETITIVE,0.5882282628936645,1.0,5.0,1.0
3,0,V4UDW2_010_P01,V4UDW2_010,PROJECT,-0.30349505095372137,0.0,-4.0,0.0
3,0,V4UDW2_024_P01,V4UDW2_024,STATUS,-0.6079683372227516,0.0,-8.0,0.0
3,0,V4UDW2_043_P01,V4UDW2_043,STATUS,-2.5147354206489143,0.0,2.0,1.0
3,1,V4UD_001_P01,V4UD_001,COMPETITIVE,-0.7338698351825502,0.0,9.0,1.0
3,1,V4UD_010_P01,V4UD_010,COMPETITIVE,-0.12423031024798917,0.0,-1.0,0.0
3,1,V4UD_012_P01,V4UD_012,COMPETITIVE,0.3875525313866591,1.0,5.0,1.0
3,1,V4UD_017_P01,V4UD_017,COMPETITIVE,1.2307921766931236,1.0,3.0,1.0
3,1,V4UD_018_P01,V4UD_018,COMPETITIVE,0.24680093516238458,1.0,-2.0,0.0
3,1,V4UD_023_P01,V4UD_023,COMPETITIVE,0.0632497639571983,1.0,-1.0,0.0
3,1,V4UD_040_P01,V4UD_040,PROJECT,0.321686136750354,1.0,-3.0,0.0
3,1,V4UD_049_P01,V4UD_049,PROJECT,0.8748856481122868,1.0,6.0,1.0
3,1,V4UD_054_P01,V4UD_054,PROJECT,0.4970474720863128,1.0,4.0,1.0
3,1,V4UD_061_P01,V4UD_061,STATUS,0.05342549300866131,1.0,9.0,1.0
3,1,V4UD_065_P01,V4UD_065,STATUS,-0.10534898169501546,0.0,-22.0,0.0
3,1,V4UD_091_P01,V4UD_091,STATUS,0.06213342801733812,1.0,10.0,1.0
3,1,V4UD_092_P01,V4UD_092,STATUS,-0.3768794111441975,0.0,2.0,1.0
3,1,V4UDW2_004_P01,V4UDW2_004,PROJECT,0.38555845583103393,1.0,2.0,1.0
3,1,V4UDW2_005_P01,V4UDW2_005,PROJECT,-0.16836940584999674,0.0,3.0,1.0
3,1,V4UDW2_015_P01,V4UDW2_015,STATUS,-0.43899489557756277,0.0,-1.0,0.0
3,1,V4UDW2_023_P01,V4UDW2_023,STATUS,-0.7048450335986138,0.0,-5.0,0.0
3,1,V4UDW2_026_P01,V4UDW2_026,STATUS,-0.21757026895497208,0.0,-1.0,0.0
3,1,V4UDW2_036_P01,V4UDW2_036,STATUS,0.426518833682505,1.0,-3.0,0.0
3,1,V4UDW2_038_P01,V4UDW2_038,STATUS,0.9082720092021329,1.0,-15.0,0.0
3,2,V4UD_009_P01,V4UD_009,COMPETITIVE,0.47469188086798414,1.0,2.0,1.0
3,2,V4UD_015_P01,V4UD_015,COMPETITIVE,0.08720565725715378,1.0,1.0,1.0
3,2,V4UD_019_P01,V4UD_019,COMPETITIVE,-0.4651726855393448,0.0,-6.0,0.0
3,2,V4UD_021_P01,V4UD_021,COMPETITIVE,0.411620553668096,1.0,5.0,1.0
3,2,V4UD_029_P01,V4UD_029,COMPETITIVE,-3.120563376441191,0.0,4.0,1.0
3,2,V4UD_039_P01,V4UD_039,PROJECT,-0.1872945207559307,0.0,7.0,1.0
3,2,V4UD_033_P01,V4UD_033,PROJECT,0.2505753257562567,1.0,-9.0,0.0
3,2,V4UD_051_P01,V4UD_051,PROJECT,2.2141591444190993,1.0,-2.0,0.0
3,2,V4UD_053_P01,V4UD_053,PROJECT,-0.8656019555088083,0.0,0.0,0.0
3,2,V4UD_063_P01,V4UD_063,STATUS,-0.32692988920074634,0.0,0.0,0.0
3,2,V4UD_082_P01,V4UD_082,STATUS,-2.5269259037422547,0.0,1.0,1.0
3,2,V4UD_093_P01,V4UD_093,STATUS,2.5288486450670224,1.0,-5.0,0.0
3,2,V4UD_098_P01,V4UD_098,STATUS,-0.03174670868400183,0.0,7.0,1.0
3,2,V4UDW2_003_P01,V4UDW2_003,COMPETITIVE,-0.1804391552364225,0.0,-1.0,0.0
3,2,V4UDW2_007_P01,V4UDW2_007,PROJECT,-1.3676770949238297,0.0,20.0,1.0
3,2,V4UDW2_018_P01,V4UDW2_018,STATUS,3.1631623391771813,1.0,-7.0,0.0
3,2,V4UDW2_020_P01,V4UDW2_020,STATUS,0.119319765273278,1.0,8.0,1.0
3,2,V4UDW2_021_P01,V4UDW2_021,STATUS,-0.9892746614072652,0.0,1.0,1.0
3,2,V4UDW2_030_P01,V4UDW2_030,STATUS,-0.15351934763100955,0.0,0.0,0.0
3,2,V4UDW2_044_P01,V4UDW2_044,STATUS,0.6343335194999946,1.0,-2.0,0.0
3,3,V4UD_013_P01,V4UD_013,COMPETITIVE,-0.9480902705068497,0.0,10.0,1.0
3,3,V4UD_016_P01,V4UD_016,COMPETITIVE,0.5881502692410099,1.0,-1.0,0.0
3,3,V4UD_004_P01,V4UD_004,COMPETITIVE,0.088956439116965,1.0,6.0,1.0
3,3,V4UD_026_P01,V4UD_026,COMPETITIVE,0.03371477011215598,1.0,2.0,1.0
3,3,V4UD_006_P01,V4UD_006,COMPETITIVE,0.7633322258199766,1.0,-2.0,0.0
3,3,V4UD_030_P01,V4UD_030,COMPETITIVE,-0.07189252904653413,0.0,-12.0,0.0
3,3,V4UD_032_P01,V4UD_032,PROJECT,-1.2906159866362419,0.0,2.0,1.0
3,3,V4UD_043_P01,V4UD_043,PROJECT,0.8277721259094432,1.0,-12.0,0.0
3,3,V4UD_052_P01,V4UD_052,PROJECT,-1.0642230027636281,0.0,1.0,1.0
3,3,V4UD_055_P01,V4UD_055,PROJECT,-0.3896788846425933,0.0,18.0,1.0
3,3,V4UD_057_P01,V4UD_057,STATUS,0.12120012208940632,1.0,0.0,0.0
3,3,V4UD_060_P01,V4UD_060,STATUS,1.2820878625155703,1.0,-11.0,0.0
3,3,V4UD_074_P01,V4UD_074,STATUS,0.26738925277879416,1.0,2.0,1.0
3,3,V4UD_076_P01,V4UD_076,STATUS,0.3429921826980214,1.0,-1.0,0.0
3,3,V4UD_080_P01,V4UD_080,STATUS,1.1447888391078038,1.0,3.0,1.0
3,3,V4UD_088_P01,V4UD_088,STATUS,0.6857454104086954,1.0,-7.0,0.0
3,3,V4UDW2_009_P01,V4UDW2_009,PROJECT,-0.43682605573722266,0.0,-8.0,0.0
3,3,V4UDW2_022_P01,V4UDW2_022,STATUS,1.3600185648416343,1.0,8.0,1.0
3,3,V4UDW2_029_P01,V4UDW2_029,STATUS,-0.34314303077578895,0.0,5.0,1.0
3,3,V4UDW2_034_P01,V4UDW2_034,STATUS,-1.7195648490984674,0.0,-1.0,0.0
3,4,V4UD_002_P01,V4UD_002,COMPETITIVE,-0.8595209307617774,0.0,-3.0,0.0
3,4,V4UD_003_P01,V4UD_003,COMPETITIVE,0.16363199996593705,1.0,-4.0,0.0
3,4,V4UD_020_P01,V4UD_020,COMPETITIVE,0.052627750864631985,1.0,6.0,1.0
3,4,V4UD_022_P01,V4UD_022,COMPETITIVE,-0.9534529728314678,0.0,-3.0,0.0
3,4,V4UD_024_P01,V4UD_024,COMPETITIVE,0.26182780424677393,1.0,20.0,1.0
3,4,V4UD_036_P01,V4UD_036,PROJECT,-1.56363415660459,0.0,5.0,1.0
3,4,V4UD_038_P01,V4UD_038,PROJECT,0.6560685624295337,1.0,-1.0,0.0
3,4,V4UD_044_P01,V4UD_044,PROJECT,0.3444371316453319,1.0,3.0,1.0
3,4,V4UD_050_P01,V4UD_050,PROJECT,0.8186472288575027,1.0,-10.0,0.0
3,4,V4UD_066_P01,V4UD_066,STATUS,-1.0479822438834006,0.0,7.0,1.0
3,4,V4UD_077_P01,V4UD_077,STATUS,-1.9514440050629869,0.0,-11.0,0.0
3,4,V4UD_081_P01,V4UD_081,STATUS,-0.22274081406413196,0.0,4.0,1.0
3,4,V4UD_083_P01,V4UD_083,STATUS,-0.2662627597255232,0.0,12.0,1.0
3,4,V4UD_085_P01,V4UD_085,STATUS,-0.43201026357888916,0.0,1.0,1.0
3,4,V4UDW2_002_P01,V4UDW2_002,COMPETITIVE,-0.21198176278080136,0.0,-1.0,0.0
3,4,V4UDW2_006_P01,V4UDW2_006,PROJECT,1.3731552100500135,1.0,14.0,1.0
3,4,V4UDW2_013_P01,V4UDW2_013,STATUS,0.8272101888641709,1.0,11.0,1.0
3,4,V4UDW2_016_P01,V4UDW2_016,STATUS,-0.3524886129515769,0.0,-3.0,0.0
3,4,V4UDW2_019_P01,V4UDW2_019,STATUS,-1.1816804861010834,0.0,-6.0,0.0
3,4,V4UDW2_040_P01,V4UDW2_040,STATUS,-0.1749809574309192,0.0,11.0,1.0
4,0,V4UD_007_P01,V4UD_007,COMPETITIVE,0.913973201178449,1.0,0.0,0.0
4,0,V4UD_001_P01,V4UD_001,COMPETITIVE,-1.4853456573189194,0.0,9.0,1.0
4,0,V4UD_012_P01,V4UD_012,COMPETITIVE,0.13609913028929654,1.0,5.0,1.0
4,0,V4UD_021_P01,V4UD_021,COMPETITIVE,-1.3601638855917457,0.0,5.0,1.0
4,0,V4UD_026_P01,V4UD_026,COMPETITIVE,-0.07413848097809031,0.0,2.0,1.0
4,0,V4UD_006_P01,V4UD_006,COMPETITIVE,1.1170448464510638,1.0,-2.0,0.0
4,0,V4UD_027_P01,V4UD_027,COMPETITIVE,-0.4300706466414057,0.0,-3.0,0.0
4,0,V4UD_039_P01,V4UD_039,PROJECT,0.34790546352981677,1.0,7.0,1.0
4,0,V4UD_031_P01,V4UD_031,PROJECT,-0.334928537188613,0.0,3.0,1.0
4,0,V4UD_043_P01,V4UD_043,PROJECT,0.5901966254114489,1.0,-12.0,0.0
4,0,V4UD_077_P01,V4UD_077,STATUS,-2.8562322045893813,0.0,-11.0,0.0
4,0,V4UD_081_P01,V4UD_081,STATUS,0.37686857244479327,1.0,4.0,1.0
4,0,V4UD_083_P01,V4UD_083,STATUS,0.20759009188716282,1.0,12.0,1.0
4,0,V4UD_084_P01,V4UD_084,STATUS,1.8095348613496547,1.0,2.0,1.0
4,0,V4UD_089_P01,V4UD_089,STATUS,-0.6982279880199431,0.0,-11.0,0.0
4,0,V4UD_098_P01,V4UD_098,STATUS,0.24539437219739235,1.0,7.0,1.0
4,0,V4UDW2_005_P01,V4UDW2_005,PROJECT,-0.6646108196232133,0.0,3.0,1.0
4,0,V4UDW2_007_P01,V4UDW2_007,PROJECT,-2.1958982168787857,0.0,20.0,1.0
4,0,V4UDW2_020_P01,V4UDW2_020,STATUS,-0.17220860625200266,0.0,8.0,1.0
4,0,V4UDW2_026_P01,V4UDW2_026,STATUS,0.655585066171879,1.0,-1.0,0.0
4,0,V4UDW2_029_P01,V4UDW2_029,STATUS,1.165007946487322,1.0,5.0,1.0
4,1,V4UD_010_P01,V4UD_010,COMPETITIVE,-0.10178256171053256,0.0,-1.0,0.0
4,1,V4UD_002_P01,V4UD_002,COMPETITIVE,-0.23986788240587023,0.0,-3.0,0.0
4,1,V4UD_014_P01,V4UD_014,COMPETITIVE,-0.16323893662410535,0.0,5.0,1.0
4,1,V4UD_018_P01,V4UD_018,COMPETITIVE,0.458607323355725,1.0,-2.0,0.0
4,1,V4UD_004_P01,V4UD_004,COMPETITIVE,0.011772469243993125,1.0,6.0,1.0
4,1,V4UD_024_P01,V4UD_024,COMPETITIVE,1.0474153254943461,1.0,20.0,1.0
4,1,V4UD_038_P01,V4UD_038,PROJECT,0.6837784807292724,1.0,-1.0,0.0
4,1,V4UD_033_P01,V4UD_033,PROJECT,0.22788136735547296,1.0,-9.0,0.0
4,1,V4UD_054_P01,V4UD_054,PROJECT,-0.5735788297272517,0.0,4.0,1.0
4,1,V4UD_060_P01,V4UD_060,STATUS,-0.8032508617035946,0.0,-11.0,0.0
4,1,V4UD_069_P01,V4UD_069,STATUS,0.9218763053330763,1.0,-15.0,0.0
4,1,V4UD_074_P01,V4UD_074,STATUS,0.41450085805524145,1.0,2.0,1.0
4,1,V4UD_078_P01,V4UD_078,STATUS,0.9431014804885736,1.0,-17.0,0.0
4,1,V4UD_082_P01,V4UD_082,STATUS,-0.593091604229219,0.0,1.0,1.0
4,1,V4UD_085_P01,V4UD_085,STATUS,-1.0352551140112114,0.0,1.0,1.0
4,1,V4UD_092_P01,V4UD_092,STATUS,-0.21768839362215117,0.0,2.0,1.0
4,1,V4UDW2_004_P01,V4UDW2_004,PROJECT,-0.2784017485428971,0.0,2.0,1.0
4,1,V4UDW2_009_P01,V4UDW2_009,PROJECT,-0.027525238477379352,0.0,-8.0,0.0
4,1,V4UDW2_015_P01,V4UDW2_015,STATUS,0.1967255215829967,1.0,-1.0,0.0
4,1,V4UDW2_021_P01,V4UDW2_021,STATUS,-0.07295963433178239,0.0,1.0,1.0
4,2,V4UD_008_P01,V4UD_008,COMPETITIVE,0.44518175431292334,1.0,0.0,0.0
4,2,V4UD_019_P01,V4UD_019,COMPETITIVE,-0.6267431773233677,0.0,-6.0,0.0
4,2,V4UD_020_P01,V4UD_020,COMPETITIVE,0.4017928254091919,1.0,6.0,1.0
4,2,V4UD_025_P01,V4UD_025,COMPETITIVE,0.12330562869632458,1.0,8.0,1.0
4,2,V4UD_030_P01,V4UD_030,COMPETITIVE,0.09588165166964574,1.0,-12.0,0.0
4,2,V4UD_036_P01,V4UD_036,PROJECT,-0.02825575007349568,0.0,5.0,1.0
4,2,V4UD_044_P01,V4UD_044,PROJECT,-0.15921516407935013,0.0,3.0,1.0
4,2,V4UD_049_P01,V4UD_049,PROJECT,-0.830215422364912,0.0,6.0,1.0
4,2,V4UD_053_P01,V4UD_053,PROJECT,0.3139301267648118,1.0,0.0,0.0
4,2,V4UD_076_P01,V4UD_076,STATUS,0.798360367404479,1.0,-1.0,0.0
4,2,V4UD_091_P01,V4UD_091,STATUS,0.10420779583851406,1.0,10.0,1.0
4,2,V4UD_094_P01,V4UD_094,STATUS,-1.0056969496938863,0.0,7.0,1.0
4,2,V4UD_100_P01,V4UD_100,STATUS,-0.18091086888860244,0.0,10.0,1.0
4,2,V4UDW2_001_P01,V4UDW2_001,COMPETITIVE,-0.6701163056855817,0.0,5.0,1.0
4,2,V4UDW2_006_P01,V4UDW2_006,PROJECT,-0.16426816841975436,0.0,14.0,1.0
4,2,V4UDW2_013_P01,V4UDW2_013,STATUS,0.23256153596230542,1.0,11.0,1.0
4,2,V4UDW2_016_P01,V4UDW2_016,STATUS,0.1546114432198357,1.0,-3.0,0.0
4,2,V4UDW2_019_P01,V4UDW2_019,STATUS,-0.9932670912392136,0.0,-6.0,0.0
4,2,V4UDW2_024_P01,V4UDW2_024,STATUS,0.4746828527216031,1.0,-8.0,0.0
4,2,V4UDW2_044_P01,V4UDW2_044,STATUS,-0.004673755291260466,0.0,-2.0,0.0
4,3,V4UD_003_P01,V4UD_003,COMPETITIVE,-0.08566009282834168,0.0,-4.0,0.0
4,3,V4UD_017_P01,V4UD_017,COMPETITIVE,0.28919004473923265,1.0,3.0,1.0
4,3,V4UD_022_P01,V4UD_022,COMPETITIVE,0.4097682216119917,1.0,-3.0,0.0
4,3,V4UD_005_P01,V4UD_005,COMPETITIVE,0.17446753763556494,1.0,1.0,1.0
4,3,V4UD_040_P01,V4UD_040,PROJECT,0.2830152057059474,1.0,-3.0,0.0
4,3,V4UD_042_P01,V4UD_042,PROJECT,-0.5900804945141551,0.0,-2.0,0.0
4,3,V4UD_046_P01,V4UD_046,PROJECT,-0.1425026136313604,0.0,4.0,1.0
4,3,V4UD_051_P01,V4UD_051,PROJECT,-1.8840216862524108,0.0,-2.0,0.0
4,3,V4UD_061_P01,V4UD_061,STATUS,0.34492354351825777,1.0,9.0,1.0
4,3,V4UD_065_P01,V4UD_065,STATUS,-0.024466659378427656,0.0,-22.0,0.0
4,3,V4UD_066_P01,V4UD_066,STATUS,-0.5011869142689007,0.0,7.0,1.0
4,3,V4UD_086_P01,V4UD_086,STATUS,-1.2543639433889486,0.0,10.0,1.0
4,3,V4UD_088_P01,V4UD_088,STATUS,0.18321438964569609,1.0,-7.0,0.0
4,3,V4UDW2_002_P01,V4UDW2_002,COMPETITIVE,0.48152461294550003,1.0,-1.0,0.0
4,3,V4UDW2_003_P01,V4UDW2_003,COMPETITIVE,0.24959337195210576,1.0,-1.0,0.0
4,3,V4UDW2_010_P01,V4UDW2_010,PROJECT,-0.6908864437647405,0.0,-4.0,0.0
4,3,V4UDW2_022_P01,V4UDW2_022,STATUS,-0.6683224711599856,0.0,8.0,1.0
4,3,V4UDW2_034_P01,V4UDW2_034,STATUS,-0.23381742998571697,0.0,-1.0,0.0
4,3,V4UDW2_036_P01,V4UDW2_036,STATUS,1.068456396857648,1.0,-3.0,0.0
4,3,V4UDW2_043_P01,V4UDW2_043,STATUS,-0.20309369194313612,0.0,2.0,1.0
4,4,V4UD_009_P01,V4UD_009,COMPETITIVE,-0.4849739958976502,0.0,2.0,1.0
4,4,V4UD_013_P01,V4UD_013,COMPETITIVE,-0.7057229833867387,0.0,10.0,1.0
4,4,V4UD_015_P01,V4UD_015,COMPETITIVE,0.19871261801134496,1.0,1.0,1.0
4,4,V4UD_016_P01,V4UD_016,COMPETITIVE,-0.6441542112313132,0.0,-1.0,0.0
4,4,V4UD_023_P01,V4UD_023,COMPETITIVE,0.31453524904403457,1.0,-1.0,0.0
4,4,V4UD_029_P01,V4UD_029,COMPETITIVE,-0.5564184612885906,0.0,4.0,1.0
4,4,V4UD_032_P01,V4UD_032,PROJECT,0.1082044365122124,1.0,2.0,1.0
4,4,V4UD_048_P01,V4UD_048,PROJECT,0.6415250033444655,1.0,14.0,1.0
4,4,V4UD_050_P01,V4UD_050,PROJECT,-0.5403698286475702,0.0,-10.0,0.0
4,4,V4UD_052_P01,V4UD_052,PROJECT,-0.20142505660644308,0.0,1.0,1.0
4,4,V4UD_055_P01,V4UD_055,PROJECT,0.1633481700049516,1.0,18.0,1.0
4,4,V4UD_057_P01,V4UD_057,STATUS,0.7294613639265777,1.0,0.0,0.0
4,4,V4UD_063_P01,V4UD_063,STATUS,0.32767445438131093,1.0,0.0,0.0
4,4,V4UD_080_P01,V4UD_080,STATUS,-0.1620316521104706,0.0,3.0,1.0
4,4,V4UD_093_P01,V4UD_093,STATUS,-0.03850479885025648,0.0,-5.0,0.0
4,4,V4UDW2_018_P01,V4UDW2_018,STATUS,0.906902526589422,1.0,-7.0,0.0
4,4,V4UDW2_023_P01,V4UDW2_023,STATUS,0.22129953313578507,1.0,-5.0,0.0
4,4,V4UDW2_030_P01,V4UDW2_030,STATUS,0.16186813609820636,1.0,0.0,0.0
4,4,V4UDW2_038_P01,V4UDW2_038,STATUS,-0.6037838302609166,0.0,-15.0,0.0
4,4,V4UDW2_040_P01,V4UDW2_040,STATUS,0.36534847031068013,1.0,11.0,1.0
5,0,V4UD_009_P01,V4UD_009,COMPETITIVE,0.7455185542882905,1.0,2.0,1.0
5,0,V4UD_014_P01,V4UD_014,COMPETITIVE,-0.5853134091811751,0.0,5.0,1.0
5,0,V4UD_016_P01,V4UD_016,COMPETITIVE,0.904313602438071,1.0,-1.0,0.0
5,0,V4UD_018_P01,V4UD_018,COMPETITIVE,0.30366292778038434,1.0,-2.0,0.0
5,0,V4UD_025_P01,V4UD_025,COMPETITIVE,-1.422177568687347,0.0,8.0,1.0
5,0,V4UD_005_P01,V4UD_005,COMPETITIVE,-0.059197881932314136,0.0,1.0,1.0
5,0,V4UD_029_P01,V4UD_029,COMPETITIVE,-3.2843057790050927,0.0,4.0,1.0
5,0,V4UD_038_P01,V4UD_038,PROJECT,0.5968453569109581,1.0,-1.0,0.0
5,0,V4UD_031_P01,V4UD_031,PROJECT,0.7885550087212297,1.0,3.0,1.0
5,0,V4UD_032_P01,V4UD_032,PROJECT,0.50211099253881,1.0,2.0,1.0
5,0,V4UD_052_P01,V4UD_052,PROJECT,-0.37225562871097895,0.0,1.0,1.0
5,0,V4UD_066_P01,V4UD_066,STATUS,0.07371850372868821,1.0,7.0,1.0
5,0,V4UD_077_P01,V4UD_077,STATUS,-1.429038653712162,0.0,-11.0,0.0
5,0,V4UD_081_P01,V4UD_081,STATUS,1.5838964210264328,1.0,4.0,1.0
5,0,V4UD_091_P01,V4UD_091,STATUS,0.5143465260773515,1.0,10.0,1.0
5,0,V4UD_100_P01,V4UD_100,STATUS,0.1367610814228671,1.0,10.0,1.0
5,0,V4UDW2_007_P01,V4UDW2_007,PROJECT,-1.6852461449970149,0.0,20.0,1.0
5,0,V4UDW2_018_P01,V4UDW2_018,STATUS,-0.8913134528942153,0.0,-7.0,0.0
5,0,V4UDW2_021_P01,V4UDW2_021,STATUS,0.5663677691374382,1.0,1.0,1.0
5,0,V4UDW2_026_P01,V4UDW2_026,STATUS,0.08479304827765755,1.0,-1.0,0.0
5,0,V4UDW2_030_P01,V4UDW2_030,STATUS,-2.536427384791312,0.0,0.0,0.0
5,1,V4UD_007_P01,V4UD_007,COMPETITIVE,0.24107526384687603,1.0,0.0,0.0
5,1,V4UD_010_P01,V4UD_010,COMPETITIVE,0.431631619184833,1.0,-1.0,0.0
5,1,V4UD_017_P01,V4UD_017,COMPETITIVE,0.2727813399386185,1.0,3.0,1.0
5,1,V4UD_024_P01,V4UD_024,COMPETITIVE,-0.5048314071578961,0.0,20.0,1.0
5,1,V4UD_040_P01,V4UD_040,PROJECT,-0.5949253066249325,0.0,-3.0,0.0
5,1,V4UD_048_P01,V4UD_048,PROJECT,1.529683468785553,1.0,14.0,1.0
5,1,V4UD_051_P01,V4UD_051,PROJECT,-0.127374599943609,0.0,-2.0,0.0
5,1,V4UD_054_P01,V4UD_054,PROJECT,-0.9070895091056136,0.0,4.0,1.0
5,1,V4UD_057_P01,V4UD_057,STATUS,-0.13766431465461265,0.0,0.0,0.0
5,1,V4UD_074_P01,V4UD_074,STATUS,0.3000146801038259,1.0,2.0,1.0
5,1,V4UD_076_P01,V4UD_076,STATUS,0.33553989557720326,1.0,-1.0,0.0
5,1,V4UD_084_P01,V4UD_084,STATUS,1.850258002747343,1.0,2.0,1.0
5,1,V4UD_098_P01,V4UD_098,STATUS,-0.04170176093452824,0.0,7.0,1.0
5,1,V4UDW2_002_P01,V4UDW2_002,COMPETITIVE,-0.08625936210368174,0.0,-1.0,0.0
5,1,V4UDW2_003_P01,V4UDW2_003,COMPETITIVE,-0.11817361918705388,0.0,-1.0,0.0
5,1,V4UDW2_010_P01,V4UDW2_010,PROJECT,-0.13944259029344114,0.0,-4.0,0.0
5,1,V4UDW2_022_P01,V4UDW2_022,STATUS,0.5674284066633868,1.0,8.0,1.0
5,1,V4UDW2_029_P01,V4UDW2_029,STATUS,-1.842843795309093,0.0,5.0,1.0
5,1,V4UDW2_038_P01,V4UDW2_038,STATUS,-1.97899351234455,0.0,-15.0,0.0
5,1,V4UDW2_044_P01,V4UDW2_044,STATUS,-0.023301290068214825,0.0,-2.0,0.0
5,2,V4UD_001_P01,V4UD_001,COMPETITIVE,-0.4262952876591775,0.0,9.0,1.0
5,2,V4UD_002_P01,V4UD_002,COMPETITIVE,-0.6269583636797804,0.0,-3.0,0.0
5,2,V4UD_012_P01,V4UD_012,COMPETITIVE,0.04515631696292775,1.0,5.0,1.0
5,2,V4UD_015_P01,V4UD_015,COMPETITIVE,-0.6802211927011604,0.0,1.0,1.0
5,2,V4UD_019_P01,V4UD_019,COMPETITIVE,-0.19359967917920706,0.0,-6.0,0.0
5,2,V4UD_023_P01,V4UD_023,COMPETITIVE,0.2759581962776379,1.0,-1.0,0.0
5,2,V4UD_043_P01,V4UD_043,PROJECT,-0.6209037609469937,0.0,-12.0,0.0
5,2,V4UD_033_P01,V4UD_033,PROJECT,-0.02266644431829414,0.0,-9.0,0.0
5,2,V4UD_050_P01,V4UD_050,PROJECT,-0.49465801062143877,0.0,-10.0,0.0
5,2,V4UD_060_P01,V4UD_060,STATUS,0.2583370924295687,1.0,-11.0,0.0
5,2,V4UD_061_P01,V4UD_061,STATUS,0.8547747009990073,1.0,9.0,1.0
5,2,V4UD_069_P01,V4UD_069,STATUS,1.0276799219416695,1.0,-15.0,0.0
5,2,V4UD_078_P01,V4UD_078,STATUS,1.258066539080709,1.0,-17.0,0.0
5,2,V4UD_083_P01,V4UD_083,STATUS,0.4628734040118039,1.0,12.0,1.0
5,2,V4UD_093_P01,V4UD_093,STATUS,0.1779322296477975,1.0,-5.0,0.0
5,2,V4UDW2_006_P01,V4UDW2_006,PROJECT,-0.004422936724741383,0.0,14.0,1.0
5,2,V4UDW2_009_P01,V4UDW2_009,PROJECT,-0.1008591304221282,0.0,-8.0,0.0
5,2,V4UDW2_013_P01,V4UDW2_013,STATUS,0.9553272172452943,1.0,11.0,1.0
5,2,V4UDW2_023_P01,V4UDW2_023,STATUS,0.502649061974237,1.0,-5.0,0.0
5,2,V4UDW2_043_P01,V4UDW2_043,STATUS,0.26655388775590194,1.0,2.0,1.0
5,3,V4UD_003_P01,V4UD_003,COMPETITIVE,0.2263624170877418,1.0,-4.0,0.0
5,3,V4UD_021_P01,V4UD_021,COMPETITIVE,-0.11348467673147826,0.0,5.0,1.0
5,3,V4UD_022_P01,V4UD_022,COMPETITIVE,-0.12887059021748842,0.0,-3.0,0.0
5,3,V4UD_006_P01,V4UD_006,COMPETITIVE,0.6469305365015586,1.0,-2.0,0.0
5,3,V4UD_030_P01,V4UD_030,COMPETITIVE,0.1427662690198491,1.0,-12.0,0.0
5,3,V4UD_036_P01,V4UD_036,PROJECT,0.043564438628884386,1.0,5.0,1.0
5,3,V4UD_044_P01,V4UD_044,PROJECT,0.4035677214465866,1.0,3.0,1.0
5,3,V4UD_046_P01,V4UD_046,PROJECT,-0.2694612268389607,0.0,4.0,1.0
5,3,V4UD_053_P01,V4UD_053,PROJECT,1.0059610217778723,1.0,0.0,0.0
5,3,V4UD_080_P01,V4UD_080,STATUS,2.1697031514409626,1.0,3.0,1.0
5,3,V4UD_082_P01,V4UD_082,STATUS,0.9537589586185036,1.0,1.0,1.0
5,3,V4UD_086_P01,V4UD_086,STATUS,0.3766039814050454,1.0,10.0,1.0
5,3,V4UD_092_P01,V4UD_092,STATUS,-0.558143752325815,0.0,2.0,1.0
5,3,V4UDW2_001_P01,V4UDW2_001,COMPETITIVE,0.2716482098750091,1.0,5.0,1.0
5,3,V4UDW2_004_P01,V4UDW2_004,PROJECT,0.3603229194127153,1.0,2.0,1.0
5,3,V4UDW2_016_P01,V4UDW2_016,STATUS,-1.406279781927223,0.0,-3.0,0.0
5,3,V4UDW2_019_P01,V4UDW2_019,STATUS,0.5061000062138526,1.0,-6.0,0.0
5,3,V4UDW2_034_P01,V4UDW2_034,STATUS,0.17688004637510651,1.0,-1.0,0.0
5,3,V4UDW2_036_P01,V4UDW2_036,STATUS,0.8609013105814324,1.0,-3.0,0.0
5,3,V4UDW2_040_P01,V4UDW2_040,STATUS,0.6094583464266845,1.0,11.0,1.0
5,4,V4UD_008_P01,V4UD_008,COMPETITIVE,0.6284360349201125,1.0,0.0,0.0
5,4,V4UD_013_P01,V4UD_013,COMPETITIVE,-0.18925221439157308,0.0,10.0,1.0
5,4,V4UD_020_P01,V4UD_020,COMPETITIVE,0.06863431341359884,1.0,6.0,1.0
5,4,V4UD_004_P01,V4UD_004,COMPETITIVE,0.24183261228280362,1.0,6.0,1.0
5,4,V4UD_026_P01,V4UD_026,COMPETITIVE,0.188627152299785,1.0,2.0,1.0
5,4,V4UD_027_P01,V4UD_027,COMPETITIVE,-0.4182368826776809,0.0,-3.0,0.0
5,4,V4UD_039_P01,V4UD_039,PROJECT,0.23947737655457238,1.0,7.0,1.0
5,4,V4UD_042_P01,V4UD_042,PROJECT,-0.24828980547460797,0.0,-2.0,0.0
5,4,V4UD_049_P01,V4UD_049,PROJECT,1.0847788196139676,1.0,6.0,1.0
5,4,V4UD_055_P01,V4UD_055,PROJECT,-0.14276325239923887,0.0,18.0,1.0
5,4,V4UD_063_P01,V4UD_063,STATUS,0.07639722437734668,1.0,0.0,0.0
5,4,V4UD_065_P01,V4UD_065,STATUS,-0.06208356008349748,0.0,-22.0,0.0
5,4,V4UD_085_P01,V4UD_085,STATUS,-0.6095909098267326,0.0,1.0,1.0
5,4,V4UD_088_P01,V4UD_088,STATUS,0.5995840963839167,1.0,-7.0,0.0
5,4,V4UD_089_P01,V4UD_089,STATUS,1.2991770177958917,1.0,-11.0,0.0
5,4,V4UD_094_P01,V4UD_094,STATUS,-0.8190041991131155,0.0,7.0,1.0
5,4,V4UDW2_005_P01,V4UDW2_005,PROJECT,-0.8883186407166171,0.0,3.0,1.0
5,4,V4UDW2_015_P01,V4UDW2_015,STATUS,-0.13733519672133035,0.0,-1.0,0.0
5,4,V4UDW2_020_P01,V4UDW2_020,STATUS,-0.3945326780539673,0.0,8.0,1.0
5,4,V4UDW2_024_P01,V4UDW2_024,STATUS,-0.6638963356680099,0.0,-8.0,0.0
6,0,V4UD_008_P01,V4UD_008,COMPETITIVE,0.7018472895137531,1.0,0.0,0.0
6,0,V4UD_015_P01,V4UD_015,COMPETITIVE,1.0859484499807628,1.0,1.0,1.0
6,0,V4UD_017_P01,V4UD_017,COMPETITIVE,-0.7306497342559172,0.0,3.0,1.0
6,0,V4UD_022_P01,V4UD_022,COMPETITIVE,-1.2655513460520489,0.0,-3.0,0.0
6,0,V4UD_027_P01,V4UD_027,COMPETITIVE,-1.6392034479847513,0.0,-3.0,0.0
6,0,V4UD_048_P01,V4UD_048,PROJECT,0.18461398960799905,1.0,14.0,1.0
6,0,V4UD_052_P01,V4UD_052,PROJECT,-0.5938122625535073,0.0,1.0,1.0
6,0,V4UD_063_P01,V4UD_063,STATUS,-0.27405028896418737,0.0,0.0,0.0
6,0,V4UD_080_P01,V4UD_080,STATUS,-0.9369851740677274,0.0,3.0,1.0
6,0,V4UD_081_P01,V4UD_081,STATUS,-0.0481581356865505,0.0,4.0,1.0
6,0,V4UD_083_P01,V4UD_083,STATUS,0.3325937751050304,1.0,12.0,1.0
6,0,V4UD_088_P01,V4UD_088,STATUS,0.6026862913269909,1.0,-7.0,0.0
6,0,V4UD_100_P01,V4UD_100,STATUS,-1.2754933446716998,0.0,10.0,1.0
6,0,V4UDW2_002_P01,V4UDW2_002,COMPETITIVE,-0.39608990110533104,0.0,-1.0,0.0
6,0,V4UDW2_003_P01,V4UDW2_003,COMPETITIVE,0.21990515390682427,1.0,-1.0,0.0
6,0,V4UDW2_005_P01,V4UDW2_005,PROJECT,-0.2265495309488447,0.0,3.0,1.0
6,0,V4UDW2_009_P01,V4UDW2_009,PROJECT,-0.44237555995888106,0.0,-8.0,0.0
6,0,V4UDW2_010_P01,V4UDW2_010,PROJECT,1.6569157313454586,1.0,-4.0,0.0
6,0,V4UDW2_019_P01,V4UDW2_019,STATUS,0.2722739853258957,1.0,-6.0,0.0
6,0,V4UDW2_026_P01,V4UDW2_026,STATUS,-0.06602780750210127,0.0,-1.0,0.0
6,0,V4UDW2_044_P01,V4UDW2_044,STATUS,0.059693330898691006,1.0,-2.0,0.0
6,1,V4UD_012_P01,V4UD_012,COMPETITIVE,0.527945905639135,1.0,5.0,1.0
6,1,V4UD_014_P01,V4UD_014,COMPETITIVE,-0.8897205766812699,0.0,5.0,1.0
6,1,V4UD_003_P01,V4UD_003,COMPETITIVE,-0.4741302094675395,0.0,-4.0,0.0
6,1,V4UD_025_P01,V4UD_025,COMPETITIVE,0.9796637064184225,1.0,8.0,1.0
6,1,V4UD_026_P01,V4UD_026,COMPETITIVE,0.273510276870652,1.0,2.0,1.0
6,1,V4UD_029_P01,V4UD_029,COMPETITIVE,-2.6374459522039095,0.0,4.0,1.0
6,1,V4UD_036_P01,V4UD_036,PROJECT,1.0899945188053963,1.0,5.0,1.0
6,1,V4UD_039_P01,V4UD_039,PROJECT,-0.6910311398905936,0.0,7.0,1.0
6,1,V4UD_031_P01,V4UD_031,PROJECT,-1.4100433031201502,0.0,3.0,1.0
6,1,V4UD_040_P01,V4UD_040,PROJECT,1.0751602819369108,1.0,-3.0,0.0
6,1,V4UD_057_P01,V4UD_057,STATUS,-0.010494617531357104,0.0,0.0,0.0
6,1,V4UD_074_P01,V4UD_074,STATUS,0.7755850476909464,1.0,2.0,1.0
6,1,V4UD_082_P01,V4UD_082,STATUS,0.3731674676312717,1.0,1.0,1.0
6,1,V4UD_089_P01,V4UD_089,STATUS,0.6790474844073265,1.0,-11.0,0.0
6,1,V4UD_098_P01,V4UD_098,STATUS,-0.4281099702072891,0.0,7.0,1.0
6,1,V4UDW2_004_P01,V4UDW2_004,PROJECT,0.5448225566510047,1.0,2.0,1.0
6,1,V4UDW2_013_P01,V4UDW2_013,STATUS,-1.0652772371167016,0.0,11.0,1.0
6,1,V4UDW2_015_P01,V4UDW2_015,STATUS,-1.5734462852644044,0.0,-1.0,0.0
6,1,V4UDW2_020_P01,V4UDW2_020,STATUS,-0.4320979659254367,0.0,8.0,1.0
6,1,V4UDW2_023_P01,V4UDW2_023,STATUS,-2.494199995356622,0.0,-5.0,0.0
6,2,V4UD_007_P01,V4UD_007,COMPETITIVE,1.5724043205861138,1.0,0.0,0.0
6,2,V4UD_001_P01,V4UD_001,COMPETITIVE,-0.07883801274189321,0.0,9.0,1.0
6,2,V4UD_016_P01,V4UD_016,COMPETITIVE,-0.16593579261449645,0.0,-1.0,0.0
6,2,V4UD_020_P01,V4UD_020,COMPETITIVE,-0.28254661439722784,0.0,6.0,1.0
6,2,V4UD_021_P01,V4UD_021,COMPETITIVE,-0.16980374405249443,0.0,5.0,1.0
6,2,V4UD_038_P01,V4UD_038,PROJECT,0.6272317373529424,1.0,-1.0,0.0
6,2,V4UD_050_P01,V4UD_050,PROJECT,-0.014693327995977595,0.0,-10.0,0.0
6,2,V4UD_051_P01,V4UD_051,PROJECT,0.8565456770689066,1.0,-2.0,0.0
6,2,V4UD_053_P01,V4UD_053,PROJECT,0.08989674359380102,1.0,0.0,0.0
6,2,V4UD_061_P01,V4UD_061,STATUS,0.46084611013537874,1.0,9.0,1.0
6,2,V4UD_065_P01,V4UD_065,STATUS,-0.05428738074996232,0.0,-22.0,0.0
6,2,V4UD_066_P01,V4UD_066,STATUS,0.0784995101997251,1.0,7.0,1.0
6,2,V4UD_084_P01,V4UD_084,STATUS,-0.06790166036553433,0.0,2.0,1.0
6,2,V4UDW2_001_P01,V4UDW2_001,COMPETITIVE,-0.3566915221259728,0.0,5.0,1.0
6,2,V4UDW2_006_P01,V4UDW2_006,PROJECT,0.6729298570107612,1.0,14.0,1.0
6,2,V4UDW2_018_P01,V4UDW2_018,STATUS,0.7571595698408441,1.0,-7.0,0.0
6,2,V4UDW2_022_P01,V4UDW2_022,STATUS,0.11417821481102729,1.0,8.0,1.0
6,2,V4UDW2_024_P01,V4UDW2_024,STATUS,-0.05869531338101731,0.0,-8.0,0.0
6,2,V4UDW2_034_P01,V4UDW2_034,STATUS,0.17258338085991215,1.0,-1.0,0.0
6,2,V4UDW2_036_P01,V4UDW2_036,STATUS,0.3267579729917311,1.0,-3.0,0.0
6,3,V4UD_009_P01,V4UD_009,COMPETITIVE,-0.08436977033620378,0.0,2.0,1.0
6,3,V4UD_013_P01,V4UD_013,COMPETITIVE,-0.1794847667071438,0.0,10.0,1.0
6,3,V4UD_018_P01,V4UD_018,COMPETITIVE,0.09101896815434148,1.0,-2.0,0.0
6,3,V4UD_019_P01,V4UD_019,COMPETITIVE,-0.6163439602268068,0.0,-6.0,0.0
6,3,V4UD_023_P01,V4UD_023,COMPETITIVE,0.03736665174614322,1.0,-1.0,0.0
6,3,V4UD_024_P01,V4UD_024,COMPETITIVE,-0.5018366047612429,0.0,20.0,1.0
6,3,V4UD_043_P01,V4UD_043,PROJECT,0.13780714073525308,1.0,-12.0,0.0
6,3,V4UD_046_P01,V4UD_046,PROJECT,0.061841534445487754,1.0,4.0,1.0
6,3,V4UD_049_P01,V4UD_049,PROJECT,-0.16801304504834763,0.0,6.0,1.0
6,3,V4UD_054_P01,V4UD_054,PROJECT,-0.32920588375550536,0.0,4.0,1.0
6,3,V4UD_055_P01,V4UD_055,PROJECT,-0.46782926113945383,0.0,18.0,1.0
6,3,V4UD_060_P01,V4UD_060,STATUS,0.8356336832351294,1.0,-11.0,0.0
6,3,V4UD_078_P01,V4UD_078,STATUS,0.6496520300513626,1.0,-17.0,0.0
6,3,V4UD_091_P01,V4UD_091,STATUS,0.33808577097712694,1.0,10.0,1.0
6,3,V4UD_092_P01,V4UD_092,STATUS,0.29891480691508193,1.0,2.0,1.0
6,3,V4UD_094_P01,V4UD_094,STATUS,-0.8334609334847788,0.0,7.0,1.0
6,3,V4UDW2_021_P01,V4UDW2_021,STATUS,-0.8331037543494624,0.0,1.0,1.0
6,3,V4UDW2_038_P01,V4UDW2_038,STATUS,1.702306685694057,1.0,-15.0,0.0
6,3,V4UDW2_040_P01,V4UDW2_040,STATUS,0.5177556197632833,1.0,11.0,1.0
6,3,V4UDW2_043_P01,V4UDW2_043,STATUS,0.07194775657339574,1.0,2.0,1.0
6,4,V4UD_010_P01,V4UD_010,COMPETITIVE,-0.05155599322008703,0.0,-1.0,0.0
6,4,V4UD_002_P01,V4UD_002,COMPETITIVE,-0.9264565446919945,0.0,-3.0,0.0
6,4,V4UD_004_P01,V4UD_004,COMPETITIVE,-0.842216008627514,0.0,6.0,1.0
6,4,V4UD_005_P01,V4UD_005,COMPETITIVE,0.7708331456715957,1.0,1.0,1.0
6,4,V4UD_006_P01,V4UD_006,COMPETITIVE,1.44445271861499,1.0,-2.0,0.0
6,4,V4UD_030_P01,V4UD_030,COMPETITIVE,0.9575966244766742,1.0,-12.0,0.0
6,4,V4UD_032_P01,V4UD_032,PROJECT,1.464351521221835,1.0,2.0,1.0
6,4,V4UD_042_P01,V4UD_042,PROJECT,-2.104701769469798,0.0,-2.0,0.0
6,4,V4UD_044_P01,V4UD_044,PROJECT,-0.47255013004338425,0.0,3.0,1.0
6,4,V4UD_033_P01,V4UD_033,PROJECT,-0.012152407652945571,0.0,-9.0,0.0
6,4,V4UD_069_P01,V4UD_069,STATUS,-1.1524427835226918,0.0,-15.0,0.0
6,4,V4UD_076_P01,V4UD_076,STATUS,0.8887656892840078,1.0,-1.0,0.0
6,4,V4UD_077_P01,V4UD_077,STATUS,-0.5926890257372507,0.0,-11.0,0.0
6,4,V4UD_085_P01,V4UD_085,STATUS,1.3367093145426612,1.0,1.0,1.0
6,4,V4UD_086_P01,V4UD_086,STATUS,0.9443470480314692,1.0,10.0,1.0
6,4,V4UD_093_P01,V4UD_093,STATUS,0.9110794249176554,1.0,-5.0,0.0
6,4,V4UDW2_007_P01,V4UDW2_007,PROJECT,-2.470683361519516,0.0,20.0,1.0
6,4,V4UDW2_016_P01,V4UDW2_016,STATUS,-2.653292658682462,0.0,-3.0,0.0
6,4,V4UDW2_029_P01,V4UDW2_029,STATUS,1.0299330280163494,1.0,5.0,1.0
6,4,V4UDW2_030_P01,V4UDW2_030,STATUS,0.30649263262601867,1.0,0.0,0.0
7,0,V4UD_007_P01,V4UD_007,COMPETITIVE,0.8450718319250896,1.0,0.0,0.0
7,0,V4UD_009_P01,V4UD_009,COMPETITIVE,0.2695012399115449,1.0,2.0,1.0
7,0,V4UD_003_P01,V4UD_003,COMPETITIVE,0.430898757562822,1.0,-4.0,0.0
7,0,V4UD_021_P01,V4UD_021,COMPETITIVE,-0.15449022625964076,0.0,5.0,1.0
7,0,V4UD_022_P01,V4UD_022,COMPETITIVE,-0.375410241632389,0.0,-3.0,0.0
7,0,V4UD_024_P01,V4UD_024,COMPETITIVE,0.44942068752056413,1.0,20.0,1.0
7,0,V4UD_040_P01,V4UD_040,PROJECT,-0.24204669473688567,0.0,-3.0,0.0
7,0,V4UD_052_P01,V4UD_052,PROJECT,-0.37082342634153415,0.0,1.0,1.0
7,0,V4UD_054_P01,V4UD_054,PROJECT,-0.7776242782281599,0.0,4.0,1.0
7,0,V4UD_081_P01,V4UD_081,STATUS,1.1176929653870646,1.0,4.0,1.0
7,0,V4UD_082_P01,V4UD_082,STATUS,-0.5315780650467256,0.0,1.0,1.0
7,0,V4UD_085_P01,V4UD_085,STATUS,0.18904893606603823,1.0,1.0,1.0
7,0,V4UD_086_P01,V4UD_086,STATUS,0.5691054544962206,1.0,10.0,1.0
7,0,V4UD_088_P01,V4UD_088,STATUS,0.696137376175043,1.0,-7.0,0.0
7,0,V4UD_093_P01,V4UD_093,STATUS,0.9389671551879353,1.0,-5.0,0.0
7,0,V4UDW2_003_P01,V4UDW2_003,COMPETITIVE,-0.2927292140298894,0.0,-1.0,0.0
7,0,V4UDW2_005_P01,V4UDW2_005,PROJECT,0.14325603971881595,1.0,3.0,1.0
7,0,V4UDW2_010_P01,V4UDW2_010,PROJECT,0.966721342632544,1.0,-4.0,0.0
7,0,V4UDW2_016_P01,V4UDW2_016,STATUS,-0.11174006136398335,0.0,-3.0,0.0
7,0,V4UDW2_034_P01,V4UDW2_034,STATUS,0.7687262592339595,1.0,-1.0,0.0
7,0,V4UDW2_036_P01,V4UDW2_036,STATUS,0.7018164678052938,1.0,-3.0,0.0
7,1,V4UD_008_P01,V4UD_008,COMPETITIVE,-0.919703969760202,0.0,0.0,0.0
7,1,V4UD_010_P01,V4UD_010,COMPETITIVE,0.35070615888602574,1.0,-1.0,0.0
7,1,V4UD_014_P01,V4UD_014,COMPETITIVE,-0.6690887527190826,0.0,5.0,1.0
7,1,V4UD_017_P01,V4UD_017,COMPETITIVE,1.2514352429058866,1.0,3.0,1.0
7,1,V4UD_026_P01,V4UD_026,COMPETITIVE,0.7628250709116758,1.0,2.0,1.0
7,1,V4UD_029_P01,V4UD_029,COMPETITIVE,-2.1353977024964896,0.0,4.0,1.0
7,1,V4UD_036_P01,V4UD_036,PROJECT,-1.3386329859116586,0.0,5.0,1.0
7,1,V4UD_038_P01,V4UD_038,PROJECT,0.965293814309438,1.0,-1.0,0.0
7,1,V4UD_039_P01,V4UD_039,PROJECT,0.5852812992687221,1.0,7.0,1.0
7,1,V4UD_032_P01,V4UD_032,PROJECT,-1.8221833187601086,0.0,2.0,1.0
7,1,V4UD_057_P01,V4UD_057,STATUS,-0.23484468533870376,0.0,0.0,0.0
7,1,V4UD_063_P01,V4UD_063,STATUS,-0.0012607392363195933,0.0,0.0,0.0
7,1,V4UD_065_P01,V4UD_065,STATUS,-0.4873834583406577,0.0,-22.0,0.0
7,1,V4UD_077_P01,V4UD_077,STATUS,-2.6631228435555236,0.0,-11.0,0.0
7,1,V4UD_092_P01,V4UD_092,STATUS,1.7434909933534464,1.0,2.0,1.0
7,1,V4UD_098_P01,V4UD_098,STATUS,-0.9960707313231161,0.0,7.0,1.0
7,1,V4UDW2_004_P01,V4UDW2_004,PROJECT,-1.2327619452398113,0.0,2.0,1.0
7,1,V4UDW2_023_P01,V4UDW2_023,STATUS,-0.3414047036061847,0.0,-5.0,0.0
7,1,V4UDW2_026_P01,V4UDW2_026,STATUS,1.8257118932331091,1.0,-1.0,0.0
7,1,V4UDW2_043_P01,V4UDW2_043,STATUS,0.7509857456615231,1.0,2.0,1.0
7,2,V4UD_002_P01,V4UD_002,COMPETITIVE,-0.6761273664596625,0.0,-3.0,0.0
7,2,V4UD_013_P01,V4UD_013,COMPETITIVE,0.10097755341333878,1.0,10.0,1.0
7,2,V4UD_016_P01,V4UD_016,COMPETITIVE,-0.3416426722688749,0.0,-1.0,0.0
7,2,V4UD_004_P01,V4UD_004,COMPETITIVE,-0.35717913319883077,0.0,6.0,1.0
7,2,V4UD_006_P01,V4UD_006,COMPETITIVE,0.8084847528374358,1.0,-2.0,0.0
7,2,V4UD_044_P01,V4UD_044,PROJECT,-0.3231422657621427,0.0,3.0,1.0
7,2,V4UD_033_P01,V4UD_033,PROJECT,0.027224106853313862,1.0,-9.0,0.0
7,2,V4UD_048_P01,V4UD_048,PROJECT,-0.37087974660123163,0.0,14.0,1.0
7,2,V4UD_061_P01,V4UD_061,STATUS,-0.11159034288228908,0.0,9.0,1.0
7,2,V4UD_069_P01,V4UD_069,STATUS,-0.9141225553369954,0.0,-15.0,0.0
7,2,V4UD_074_P01,V4UD_074,STATUS,0.1600635738752602,1.0,2.0,1.0
7,2,V4UD_084_P01,V4UD_084,STATUS,0.7733718191237605,1.0,2.0,1.0
7,2,V4UD_091_P01,V4UD_091,STATUS,0.47749424566490256,1.0,10.0,1.0
7,2,V4UDW2_002_P01,V4UDW2_002,COMPETITIVE,-0.16176237242960412,0.0,-1.0,0.0
7,2,V4UDW2_006_P01,V4UDW2_006,PROJECT,-0.9736453771806324,0.0,14.0,1.0
7,2,V4UDW2_009_P01,V4UDW2_009,PROJECT,0.21892498600544125,1.0,-8.0,0.0
7,2,V4UDW2_018_P01,V4UDW2_018,STATUS,-2.549488773105051,0.0,-7.0,0.0
7,2,V4UDW2_021_P01,V4UDW2_021,STATUS,-0.9533832506184785,0.0,1.0,1.0
7,2,V4UDW2_030_P01,V4UDW2_030,STATUS,-0.5666132370393436,0.0,0.0,0.0
7,2,V4UDW2_038_P01,V4UDW2_038,STATUS,-0.0795979591177762,0.0,-15.0,0.0
7,3,V4UD_012_P01,V4UD_012,COMPETITIVE,0.7445803811182464,1.0,5.0,1.0
7,3,V4UD_019_P01,V4UD_019,COMPETITIVE,-0.6899409370232321,0.0,-6.0,0.0
7,3,V4UD_023_P01,V4UD_023,COMPETITIVE,0.6377177220357261,1.0,-1.0,0.0
7,3,V4UD_025_P01,V4UD_025,COMPETITIVE,-0.01658221094091075,0.0,8.0,1.0
7,3,V4UD_005_P01,V4UD_005,COMPETITIVE,-0.08174496608692434,0.0,1.0,1.0
7,3,V4UD_030_P01,V4UD_030,COMPETITIVE,-0.3644918983568912,0.0,-12.0,0.0
7,3,V4UD_031_P01,V4UD_031,PROJECT,-0.6868131803575915,0.0,3.0,1.0
7,3,V4UD_043_P01,V4UD_043,PROJECT,1.1394839554520364,1.0,-12.0,0.0
7,3,V4UD_049_P01,V4UD_049,PROJECT,0.6376778900618739,1.0,6.0,1.0
7,3,V4UD_051_P01,V4UD_051,PROJECT,1.4120700881692227,1.0,-2.0,0.0
7,3,V4UD_055_P01,V4UD_055,PROJECT,-0.30653966634387264,0.0,18.0,1.0
7,3,V4UD_076_P01,V4UD_076,STATUS,0.7917667254023723,1.0,-1.0,0.0
7,3,V4UD_078_P01,V4UD_078,STATUS,-0.8161783184882634,0.0,-17.0,0.0
7,3,V4UD_080_P01,V4UD_080,STATUS,-0.172977229810891,0.0,3.0,1.0
7,3,V4UDW2_015_P01,V4UDW2_015,STATUS,-1.1144821793586723,0.0,-1.0,0.0
7,3,V4UDW2_019_P01,V4UDW2_019,STATUS,1.160006493929082,1.0,-6.0,0.0
7,3,V4UDW2_022_P01,V4UDW2_022,STATUS,-1.334337597943897,0.0,8.0,1.0
7,3,V4UDW2_029_P01,V4UDW2_029,STATUS,-1.828513832135116,0.0,5.0,1.0
7,3,V4UDW2_040_P01,V4UDW2_040,STATUS,1.4175940715953705,1.0,11.0,1.0
7,3,V4UDW2_044_P01,V4UDW2_044,STATUS,-0.3879856784059535,0.0,-2.0,0.0
7,4,V4UD_001_P01,V4UD_001,COMPETITIVE,0.7309447389459973,1.0,9.0,1.0
7,4,V4UD_015_P01,V4UD_015,COMPETITIVE,0.47483674227007244,1.0,1.0,1.0
7,4,V4UD_018_P01,V4UD_018,COMPETITIVE,-0.38123173677239003,0.0,-2.0,0.0
7,4,V4UD_020_P01,V4UD_020,COMPETITIVE,-0.6624657547050319,0.0,6.0,1.0
7,4,V4UD_027_P01,V4UD_027,COMPETITIVE,0.34294550038334876,1.0,-3.0,0.0
7,4,V4UD_042_P01,V4UD_042,PROJECT,-0.3986728050679512,0.0,-2.0,0.0
7,4,V4UD_046_P01,V4UD_046,PROJECT,0.16948852915424906,1.0,4.0,1.0
7,4,V4UD_050_P01,V4UD_050,PROJECT,-0.29965005674560874,0.0,-10.0,0.0
7,4,V4UD_053_P01,V4UD_053,PROJECT,-0.20634883379700542,0.0,0.0,0.0
7,4,V4UD_060_P01,V4UD_060,STATUS,0.21673569538891646,1.0,-11.0,0.0
7,4,V4UD_066_P01,V4UD_066,STATUS,-0.21886393633948387,0.0,7.0,1.0
7,4,V4UD_083_P01,V4UD_083,STATUS,-0.0046635479706884095,0.0,12.0,1.0
7,4,V4UD_089_P01,V4UD_089,STATUS,1.5994618653761814,1.0,-11.0,0.0
7,4,V4UD_094_P01,V4UD_094,STATUS,-2.999389696734048,0.0,7.0,1.0
7,4,V4UD_100_P01,V4UD_100,STATUS,-0.25971855150645234,0.0,10.0,1.0
7,4,V4UDW2_001_P01,V4UDW2_001,COMPETITIVE,-0.09728971606715017,0.0,5.0,1.0
7,4,V4UDW2_007_P01,V4UDW2_007,PROJECT,-1.7760054132636942,0.0,20.0,1.0
7,4,V4UDW2_013_P01,V4UDW2_013,STATUS,-0.040728903200496575,0.0,11.0,1.0
7,4,V4UDW2_020_P01,V4UDW2_020,STATUS,0.6101200195561256,1.0,8.0,1.0
7,4,V4UDW2_024_P01,V4UDW2_024,STATUS,1.1330344742155243,1.0,-8.0,0.0
8,0,V4UD_008_P01,V4UD_008,COMPETITIVE,0.21962846699701102,1.0,0.0,0.0
8,0,V4UD_013_P01,V4UD_013,COMPETITIVE,-0.07306079777860708,0.0,10.0,1.0
8,0,V4UD_016_P01,V4UD_016,COMPETITIVE,0.2552575161923139,1.0,-1.0,0.0
8,0,V4UD_017_P01,V4UD_017,COMPETITIVE,-1.3817386981364252,0.0,3.0,1.0
8,0,V4UD_020_P01,V4UD_020,COMPETITIVE,0.263327678490614,1.0,6.0,1.0
8,0,V4UD_030_P01,V4UD_030,COMPETITIVE,0.2199291966967797,1.0,-12.0,0.0
8,0,V4UD_036_P01,V4UD_036,PROJECT,-0.8586222680074986,0.0,5.0,1.0
8,0,V4UD_038_P01,V4UD_038,PROJECT,-0.049696619328010415,0.0,-1.0,0.0
8,0,V4UD_032_P01,V4UD_032,PROJECT,-1.0710317281689457,0.0,2.0,1.0
8,0,V4UD_048_P01,V4UD_048,PROJECT,3.47932762549117,1.0,14.0,1.0
8,0,V4UD_061_P01,V4UD_061,STATUS,-0.5619176435428158,0.0,9.0,1.0
8,0,V4UD_069_P01,V4UD_069,STATUS,3.02776670036159,1.0,-15.0,0.0
8,0,V4UD_076_P01,V4UD_076,STATUS,1.3713085626281087,1.0,-1.0,0.0
8,0,V4UD_082_P01,V4UD_082,STATUS,-1.000728601638503,0.0,1.0,1.0
8,0,V4UD_086_P01,V4UD_086,STATUS,-1.9699063345992098,0.0,10.0,1.0
8,0,V4UDW2_002_P01,V4UDW2_002,COMPETITIVE,0.3192830082277877,1.0,-1.0,0.0
8,0,V4UDW2_004_P01,V4UDW2_004,PROJECT,-1.2993919246017855,0.0,2.0,1.0
8,0,V4UDW2_020_P01,V4UDW2_020,STATUS,-0.5791103571765029,0.0,8.0,1.0
8,0,V4UDW2_023_P01,V4UDW2_023,STATUS,-0.16503642184072423,0.0,-5.0,0.0
8,0,V4UDW2_029_P01,V4UDW2_029,STATUS,-0.5693578010038716,0.0,5.0,1.0
8,0,V4UDW2_044_P01,V4UDW2_044,STATUS,0.19786483110229058,1.0,-2.0,0.0
8,1,V4UD_002_P01,V4UD_002,COMPETITIVE,-0.6083774696430273,0.0,-3.0,0.0
8,1,V4UD_014_P01,V4UD_014,COMPETITIVE,0.330536790540592,1.0,5.0,1.0
8,1,V4UD_003_P01,V4UD_003,COMPETITIVE,1.3927297478656462,1.0,-4.0,0.0
8,1,V4UD_018_P01,V4UD_018,COMPETITIVE,-0.14749752775686173,0.0,-2.0,0.0
8,1,V4UD_004_P01,V4UD_004,COMPETITIVE,-0.6236792397287722,0.0,6.0,1.0
8,1,V4UD_029_P01,V4UD_029,COMPETITIVE,-0.20835226940137824,0.0,4.0,1.0
8,1,V4UD_031_P01,V4UD_031,PROJECT,0.8871914034381038,1.0,3.0,1.0
8,1,V4UD_044_P01,V4UD_044,PROJECT,0.13665810990636024,1.0,3.0,1.0
8,1,V4UD_050_P01,V4UD_050,PROJECT,0.4471005767569976,1.0,-10.0,0.0
8,1,V4UD_053_P01,V4UD_053,PROJECT,0.4700773316370343,1.0,0.0,0.0
8,1,V4UD_078_P01,V4UD_078,STATUS,1.1448091629133588,1.0,-17.0,0.0
8,1,V4UD_081_P01,V4UD_081,STATUS,-0.8728120932416275,0.0,4.0,1.0
8,1,V4UD_084_P01,V4UD_084,STATUS,0.5139408645922499,1.0,2.0,1.0
8,1,V4UD_093_P01,V4UD_093,STATUS,1.5645778362688723,1.0,-5.0,0.0
8,1,V4UDW2_006_P01,V4UDW2_006,PROJECT,1.0118260004488027,1.0,14.0,1.0
8,1,V4UDW2_016_P01,V4UDW2_016,STATUS,-1.3691815836423569,0.0,-3.0,0.0
8,1,V4UDW2_026_P01,V4UDW2_026,STATUS,-0.7316623662095463,0.0,-1.0,0.0
8,1,V4UDW2_030_P01,V4UDW2_030,STATUS,-0.15008207067656068,0.0,0.0,0.0
8,1,V4UDW2_038_P01,V4UDW2_038,STATUS,-0.24329974037880753,0.0,-15.0,0.0
8,1,V4UDW2_040_P01,V4UDW2_040,STATUS,0.6671935038267744,1.0,11.0,1.0
8,2,V4UD_007_P01,V4UD_007,COMPETITIVE,-0.4331253228370789,0.0,0.0,0.0
8,2,V4UD_001_P01,V4UD_001,COMPETITIVE,2.125559296615954,1.0,9.0,1.0
8,2,V4UD_019_P01,V4UD_019,COMPETITIVE,0.5504083860348272,1.0,-6.0,0.0
8,2,V4UD_023_P01,V4UD_023,COMPETITIVE,1.1464887420800303,1.0,-1.0,0.0
8,2,V4UD_025_P01,V4UD_025,COMPETITIVE,-0.9549142869528391,0.0,8.0,1.0
8,2,V4UD_040_P01,V4UD_040,PROJECT,-0.24962348865703407,0.0,-3.0,0.0
8,2,V4UD_042_P01,V4UD_042,PROJECT,-2.062557687194785,0.0,-2.0,0.0
8,2,V4UD_046_P01,V4UD_046,PROJECT,0.699065244446754,1.0,4.0,1.0
8,2,V4UD_055_P01,V4UD_055,PROJECT,-0.07666595223108033,0.0,18.0,1.0
8,2,V4UD_060_P01,V4UD_060,STATUS,1.7633583376382804,1.0,-11.0,0.0
8,2,V4UD_074_P01,V4UD_074,STATUS,-0.3352231557325665,0.0,2.0,1.0
8,2,V4UD_080_P01,V4UD_080,STATUS,0.6146978930487694,1.0,3.0,1.0
8,2,V4UD_085_P01,V4UD_085,STATUS,-0.3146646497676801,0.0,1.0,1.0
8,2,V4UD_089_P01,V4UD_089,STATUS,0.2298402478807963,1.0,-11.0,0.0
8,2,V4UDW2_001_P01,V4UDW2_001,COMPETITIVE,-0.06578242825960254,0.0,5.0,1.0
8,2,V4UDW2_009_P01,V4UDW2_009,PROJECT,0.15099577369986203,1.0,-8.0,0.0
8,2,V4UDW2_015_P01,V4UDW2_015,STATUS,-1.8492917764348635,0.0,-1.0,0.0
8,2,V4UDW2_018_P01,V4UDW2_018,STATUS,0.773983344336922,1.0,-7.0,0.0
8,2,V4UDW2_019_P01,V4UDW2_019,STATUS,1.8499247615026881,1.0,-6.0,0.0
8,2,V4UDW2_043_P01,V4UDW2_043,STATUS,-2.8230333982492573,0.0,2.0,1.0
8,3,V4UD_009_P01,V4UD_009,COMPETITIVE,-0.0030469952440496605,0.0,2.0,1.0
8,3,V4UD_010_P01,V4UD_010,COMPETITIVE,-0.24813528332055768,0.0,-1.0,0.0
8,3,V4UD_012_P01,V4UD_012,COMPETITIVE,0.529997973146023,1.0,5.0,1.0
8,3,V4UD_005_P01,V4UD_005,COMPETITIVE,-0.5091031008794805,0.0,1.0,1.0
8,3,V4UD_027_P01,V4UD_027,COMPETITIVE,-2.4211570225360566,0.0,-3.0,0.0
8,3,V4UD_033_P01,V4UD_033,PROJECT,0.2734657168757744,1.0,-9.0,0.0
8,3,V4UD_051_P01,V4UD_051,PROJECT,-0.1390914752391737,0.0,-2.0,0.0
8,3,V4UD_054_P01,V4UD_054,PROJECT,0.33993642517886163,1.0,4.0,1.0
8,3,V4UD_066_P01,V4UD_066,STATUS,-0.8053605317613534,0.0,7.0,1.0
8,3,V4UD_083_P01,V4UD_083,STATUS,-0.10696228639567235,0.0,12.0,1.0
8,3,V4UD_088_P01,V4UD_088,STATUS,-0.13979247441742243,0.0,-7.0,0.0
8,3,V4UD_091_P01,V4UD_091,STATUS,-0.31490434662802025,0.0,10.0,1.0
8,3,V4UD_092_P01,V4UD_092,STATUS,0.767828550919661,1.0,2.0,1.0
8,3,V4UD_094_P01,V4UD_094,STATUS,0.6161625939071887,1.0,7.0,1.0
8,3,V4UD_100_P01,V4UD_100,STATUS,0.05997675439035654,1.0,10.0,1.0
8,3,V4UDW2_003_P01,V4UDW2_003,COMPETITIVE,-0.26632301243630135,0.0,-1.0,0.0
8,3,V4UDW2_005_P01,V4UDW2_005,PROJECT,0.43058042379890066,1.0,3.0,1.0
8,3,V4UDW2_007_P01,V4UDW2_007,PROJECT,-0.8384729570805521,0.0,20.0,1.0
8,3,V4UDW2_013_P01,V4UDW2_013,STATUS,-0.587736128837191,0.0,11.0,1.0
8,3,V4UDW2_034_P01,V4UDW2_034,STATUS,0.39607328715530205,1.0,-1.0,0.0
8,4,V4UD_015_P01,V4UD_015,COMPETITIVE,0.18775064668695907,1.0,1.0,1.0
8,4,V4UD_021_P01,V4UD_021,COMPETITIVE,0.7275791518934178,1.0,5.0,1.0
8,4,V4UD_022_P01,V4UD_022,COMPETITIVE,0.8084558827972528,1.0,-3.0,0.0
8,4,V4UD_024_P01,V4UD_024,COMPETITIVE,1.0028430555086683,1.0,20.0,1.0
8,4,V4UD_026_P01,V4UD_026,COMPETITIVE,0.7789997764022176,1.0,2.0,1.0
8,4,V4UD_006_P01,V4UD_006,COMPETITIVE,-0.06942386212894158,0.0,-2.0,0.0
8,4,V4UD_039_P01,V4UD_039,PROJECT,0.1656904882468654,1.0,7.0,1.0
8,4,V4UD_043_P01,V4UD_043,PROJECT,-0.35914668016653284,0.0,-12.0,0.0
8,4,V4UD_049_P01,V4UD_049,PROJECT,0.23979998014040949,1.0,6.0,1.0
8,4,V4UD_052_P01,V4UD_052,PROJECT,-0.1948062993651017,0.0,1.0,1.0
8,4,V4UD_057_P01,V4UD_057,STATUS,-0.2602869661265812,0.0,0.0,0.0
8,4,V4UD_063_P01,V4UD_063,STATUS,-0.4365241716757311,0.0,0.0,0.0
8,4,V4UD_065_P01,V4UD_065,STATUS,-0.06860578566290082,0.0,-22.0,0.0
8,4,V4UD_077_P01,V4UD_077,STATUS,-2.0477586508387655,0.0,-11.0,0.0
8,4,V4UD_098_P01,V4UD_098,STATUS,-0.15195491692151558,0.0,7.0,1.0
8,4,V4UDW2_010_P01,V4UDW2_010,PROJECT,0.26554393771219026,1.0,-4.0,0.0
8,4,V4UDW2_021_P01,V4UDW2_021,STATUS,-0.426993524877578,0.0,1.0,1.0
8,4,V4UDW2_022_P01,V4UDW2_022,STATUS,-1.0954498558345471,0.0,8.0,1.0
8,4,V4UDW2_024_P01,V4UDW2_024,STATUS,-2.5897153016900134,0.0,-8.0,0.0
8,4,V4UDW2_036_P01,V4UDW2_036,STATUS,-0.13046795495518454,0.0,-3.0,0.0
9,0,V4UD_008_P01,V4UD_008,COMPETITIVE,-0.6826159327688419,0.0,0.0,0.0
9,0,V4UD_012_P01,V4UD_012,COMPETITIVE,0.37396635669281436,1.0,5.0,1.0
9,0,V4UD_017_P01,V4UD_017,COMPETITIVE,0.5560690263727007,1.0,3.0,1.0
9,0,V4UD_022_P01,V4UD_022,COMPETITIVE,-0.3507367843095383,0.0,-3.0,0.0
9,0,V4UD_027_P01,V4UD_027,COMPETITIVE,-1.46495283948669,0.0,-3.0,0.0
9,0,V4UD_030_P01,V4UD_030,COMPETITIVE,0.449173067532015,1.0,-12.0,0.0
9,0,V4UD_036_P01,V4UD_036,PROJECT,-0.9258472626671542,0.0,5.0,1.0
9,0,V4UD_038_P01,V4UD_038,PROJECT,0.9361122740961191,1.0,-1.0,0.0
9,0,V4UD_040_P01,V4UD_040,PROJECT,-0.24949315141508474,0.0,-3.0,0.0
9,0,V4UD_044_P01,V4UD_044,PROJECT,0.22052612526721294,1.0,3.0,1.0
9,0,V4UD_057_P01,V4UD_057,STATUS,0.02847615260348723,1.0,0.0,0.0
9,0,V4UD_063_P01,V4UD_063,STATUS,-0.034336007494341854,0.0,0.0,0.0
9,0,V4UD_066_P01,V4UD_066,STATUS,0.03356821989311378,1.0,7.0,1.0
9,0,V4UD_069_P01,V4UD_069,STATUS,-0.3317982954971469,0.0,-15.0,0.0
9,0,V4UD_093_P01,V4UD_093,STATUS,1.5156374634919805,1.0,-5.0,0.0
9,0,V4UD_098_P01,V4UD_098,STATUS,0.3568896051527368,1.0,7.0,1.0
9,0,V4UDW2_002_P01,V4UDW2_002,COMPETITIVE,-0.786292262115997,0.0,-1.0,0.0
9,0,V4UDW2_010_P01,V4UDW2_010,PROJECT,1.9606706595445067,1.0,-4.0,0.0
9,0,V4UDW2_026_P01,V4UDW2_026,STATUS,-0.13088877352742245,0.0,-1.0,0.0
9,0,V4UDW2_038_P01,V4UDW2_038,STATUS,0.08043209435369073,1.0,-15.0,0.0
9,0,V4UDW2_044_P01,V4UDW2_044,STATUS,-0.05835009997203678,0.0,-2.0,0.0
9,1,V4UD_007_P01,V4UD_007,COMPETITIVE,0.4176225644169922,1.0,0.0,0.0
9,1,V4UD_009_P01,V4UD_009,COMPETITIVE,-0.35719836063786076,0.0,2.0,1.0
9,1,V4UD_015_P01,V4UD_015,COMPETITIVE,-0.6602422729965346,0.0,1.0,1.0
9,1,V4UD_019_P01,V4UD_019,COMPETITIVE,-1.1513419934696745,0.0,-6.0,0.0
9,1,V4UD_005_P01,V4UD_005,COMPETITIVE,-0.45841057947455793,0.0,1.0,1.0
9,1,V4UD_042_P01,V4UD_042,PROJECT,-1.6295536349956024,0.0,-2.0,0.0
9,1,V4UD_043_P01,V4UD_043,PROJECT,1.0871039462387926,1.0,-12.0,0.0
9,1,V4UD_046_P01,V4UD_046,PROJECT,0.07480376420475225,1.0,4.0,1.0
9,1,V4UD_048_P01,V4UD_048,PROJECT,-0.03148859680607525,0.0,14.0,1.0
9,1,V4UD_055_P01,V4UD_055,PROJECT,0.16543140014080043,1.0,18.0,1.0
9,1,V4UD_078_P01,V4UD_078,STATUS,0.3330089827118881,1.0,-17.0,0.0
9,1,V4UD_084_P01,V4UD_084,STATUS,0.8785972716150243,1.0,2.0,1.0
9,1,V4UDW2_003_P01,V4UDW2_003,COMPETITIVE,0.34653909778366093,1.0,-1.0,0.0
9,1,V4UDW2_013_P01,V4UDW2_013,STATUS,0.24296076395598482,1.0,11.0,1.0
9,1,V4UDW2_015_P01,V4UDW2_015,STATUS,-1.757709675072336,0.0,-1.0,0.0
9,1,V4UDW2_018_P01,V4UDW2_018,STATUS,0.6947498946304775,1.0,-7.0,0.0
9,1,V4UDW2_020_P01,V4UDW2_020,STATUS,-1.335533410942392,0.0,8.0,1.0
9,1,V4UDW2_021_P01,V4UDW2_021,STATUS,0.8260131139858456,1.0,1.0,1.0
9,1,V4UDW2_022_P01,V4UDW2_022,STATUS,-0.6026739785233629,0.0,8.0,1.0
9,1,V4UDW2_036_P01,V4UDW2_036,STATUS,-0.4829771671394841,0.0,-3.0,0.0
9,2,V4UD_013_P01,V4UD_013,COMPETITIVE,-0.6754808144931861,0.0,10.0,1.0
9,2,V4UD_003_P01,V4UD_003,COMPETITIVE,0.6140362832424151,1.0,-4.0,0.0
9,2,V4UD_020_P01,V4UD_020,COMPETITIVE,1.1012854458010797,1.0,6.0,1.0
9,2,V4UD_021_P01,V4UD_021,COMPETITIVE,-0.4466819025704082,0.0,5.0,1.0
9,2,V4UD_025_P01,V4UD_025,COMPETITIVE,-1.5281331565100467,0.0,8.0,1.0
9,2,V4UD_033_P01,V4UD_033,PROJECT,-0.43823599193507456,0.0,-9.0,0.0
9,2,V4UD_050_P01,V4UD_050,PROJECT,2.159073813542406,1.0,-10.0,0.0
9,2,V4UD_051_P01,V4UD_051,PROJECT,0.6581649971187047,1.0,-2.0,0.0
9,2,V4UD_081_P01,V4UD_081,STATUS,1.1119975172812249,1.0,4.0,1.0
9,2,V4UD_082_P01,V4UD_082,STATUS,0.4560014702054378,1.0,1.0,1.0
9,2,V4UD_091_P01,V4UD_091,STATUS,-0.4920123263027443,0.0,10.0,1.0
9,2,V4UD_092_P01,V4UD_092,STATUS,0.3053931587070562,1.0,2.0,1.0
9,2,V4UD_094_P01,V4UD_094,STATUS,-2.3067769250678367,0.0,7.0,1.0
9,2,V4UDW2_001_P01,V4UDW2_001,COMPETITIVE,0.5115441920869453,1.0,5.0,1.0
9,2,V4UDW2_006_P01,V4UDW2_006,PROJECT,1.599915326948572,1.0,14.0,1.0
9,2,V4UDW2_009_P01,V4UDW2_009,PROJECT,0.45879457917593075,1.0,-8.0,0.0
9,2,V4UDW2_016_P01,V4UDW2_016,STATUS,-1.2042001996581266,0.0,-3.0,0.0
9,2,V4UDW2_019_P01,V4UDW2_019,STATUS,1.5056145606178313,1.0,-6.0,0.0
9,2,V4UDW2_029_P01,V4UDW2_029,STATUS,1.0436974065033557,1.0,5.0,1.0
9,2,V4UDW2_040_P01,V4UDW2_040,STATUS,1.0902713535455473,1.0,11.0,1.0
9,3,V4UD_016_P01,V4UD_016,COMPETITIVE,0.716593912611628,1.0,-1.0,0.0
9,3,V4UD_004_P01,V4UD_004,COMPETITIVE,-0.10435839247134927,0.0,6.0,1.0
9,3,V4UD_024_P01,V4UD_024,COMPETITIVE,0.22541159007571962,1.0,20.0,1.0
9,3,V4UD_026_P01,V4UD_026,COMPETITIVE,-0.2721060683619917,0.0,2.0,1.0
9,3,V4UD_006_P01,V4UD_006,COMPETITIVE,0.6072260013561197,1.0,-2.0,0.0
9,3,V4UD_029_P01,V4UD_029,COMPETITIVE,-0.34955190473804715,0.0,4.0,1.0
9,3,V4UD_031_P01,V4UD_031,PROJECT,-0.26054658970282957,0.0,3.0,1.0
9,3,V4UD_032_P01,V4UD_032,PROJECT,-1.83773042452216,0.0,2.0,1.0
9,3,V4UD_052_P01,V4UD_052,PROJECT,-0.5374681598136735,0.0,1.0,1.0
9,3,V4UD_061_P01,V4UD_061,STATUS,-0.44569683151278083,0.0,9.0,1.0
9,3,V4UD_065_P01,V4UD_065,STATUS,0.3209270549814916,1.0,-22.0,0.0
9,3,V4UD_076_P01,V4UD_076,STATUS,-0.17647031182695327,0.0,-1.0,0.0
9,3,V4UD_077_P01,V4UD_077,STATUS,-0.9528795616775887,0.0,-11.0,0.0
9,3,V4UD_083_P01,V4UD_083,STATUS,-0.4470247561001112,0.0,12.0,1.0
9,3,V4UD_085_P01,V4UD_085,STATUS,2.1108580963885903,1.0,1.0,1.0
9,3,V4UDW2_004_P01,V4UDW2_004,PROJECT,-0.5225790712960169,0.0,2.0,1.0
9,3,V4UDW2_005_P01,V4UDW2_005,PROJECT,-0.18516378125246755,0.0,3.0,1.0
9,3,V4UDW2_023_P01,V4UDW2_023,STATUS,-0.04542840556907231,0.0,-5.0,0.0
9,3,V4UDW2_030_P01,V4UDW2_030,STATUS,-0.30678960962609175,0.0,0.0,0.0
9,3,V4UDW2_043_P01,V4UDW2_043,STATUS,-0.30582037663589584,0.0,2.0,1.0
9,4,V4UD_001_P01,V4UD_001,COMPETITIVE,0.8404919485214216,1.0,9.0,1.0
9,4,V4UD_010_P01,V4UD_010,COMPETITIVE,0.2607468523169474,1.0,-1.0,0.0
9,4,V4UD_002_P01,V4UD_002,COMPETITIVE,-0.23296071727462972,0.0,-3.0,0.0
9,4,V4UD_014_P01,V4UD_014,COMPETITIVE,-0.3455367489369006,0.0,5.0,1.0
9,4,V4UD_018_P01,V4UD_018,COMPETITIVE,0.7646951115501036,1.0,-2.0,0.0
9,4,V4UD_023_P01,V4UD_023,COMPETITIVE,0.12674546386462116,1.0,-1.0,0.0
9,4,V4UD_039_P01,V4UD_039,PROJECT,0.4127419332923771,1.0,7.0,1.0
9,4,V4UD_049_P01,V4UD_049,PROJECT,1.016110378851848,1.0,6.0,1.0
9,4,V4UD_053_P01,V4UD_053,PROJECT,-0.5868201504081041,0.0,0.0,0.0
9,4,V4UD_054_P01,V4UD_054,PROJECT,-0.9958937100054377,0.0,4.0,1.0
9,4,V4UD_060_P01,V4UD_060,STATUS,0.2191679614556527,1.0,-11.0,0.0
9,4,V4UD_074_P01,V4UD_074,STATUS,0.0949594253961159,1.0,2.0,1.0
9,4,V4UD_080_P01,V4UD_080,STATUS,1.5823119818553217,1.0,3.0,1.0
9,4,V4UD_086_P01,V4UD_086,STATUS,0.3502327535838104,1.0,10.0,1.0
9,4,V4UD_088_P01,V4UD_088,STATUS,0.28665520526599314,1.0,-7.0,0.0
9,4,V4UD_089_P01,V4UD_089,STATUS,0.48562130734143666,1.0,-11.0,0.0
9,4,V4UD_100_P01,V4UD_100,STATUS,-0.488066827724307,0.0,10.0,1.0
9,4,V4UDW2_007_P01,V4UDW2_007,PROJECT,-0.4512786128334394,0.0,20.0,1.0
9,4,V4UDW2_024_P01,V4UDW2_024,STATUS,0.23714646977871984,1.0,-8.0,0.0
9,4,V4UDW2_034_P01,V4UDW2_034,STATUS,0.6114104257564115,1.0,-1.0,0.0
