pair_id,subject_id,preassigned_axis,collection_wave,positive_earlier_calc,positive_year,negative_year,control_positive_score,control_negative_score,control_correct
PRIMARY_TRUSTED_0001,V5DEVX_004,COMPETITIVE,E1,0,2000,1995,47.0,57.0,0.0
PRIMARY_TRUSTED_0002,V5DEVX_004,COMPETITIVE,E1,1,2000,2002,47.0,49.0,0.0
PRIMARY_TRUSTED_0003,V5DEVX_004,COMPETITIVE,E1,1,2001,2002,48.0,49.0,0.0
PRIMARY_TRUSTED_0004,V5DEVX_007,COMPETITIVE,E1,0,1982,1978,77.0,67.0,1.0
PRIMARY_TRUSTED_0005,V5DEVX_008,PROJECT,E1,1,1951,1955,82.0,82.0,0.5
PRIMARY_TRUSTED_0006,V5DEVX_008,PROJECT,E1,0,1960,1955,70.0,82.0,0.0
PRIMARY_TRUSTED_0007,V5DEVX_010,COMPETITIVE,E1,0,1961,1960,65.0,64.0,1.0
PRIMARY_TRUSTED_0008,V5DEVX_010,COMPETITIVE,E1,1,1960,1962,64.0,64.0,0.5
PRIMARY_TRUSTED_0009,V5DEVX_010,COMPETITIVE,E1,0,1962,1960,64.0,64.0,0.5
PRIMARY_TRUSTED_0010,V5DEVX_010,COMPETITIVE,E1,1,1961,1962,65.0,64.0,1.0
PRIMARY_TRUSTED_0011,V5DEVX_017,STATUS,E1,1,1940,1945,68.0,68.0,0.5
PRIMARY_TRUSTED_0012,V5DEVX_025,COMPETITIVE,E1,1,2008,2009,60.0,64.0,0.0
PRIMARY_TRUSTED_0013,V5DEVX_025,COMPETITIVE,E1,1,2008,2011,60.0,63.0,0.0
PRIMARY_TRUSTED_0014,V5DEVX_031,COMPETITIVE,E1,0,1946,1943,64.0,65.0,0.0
PRIMARY_TRUSTED_0015,V5DEVX_031,COMPETITIVE,E1,0,1947,1943,61.0,65.0,0.0
PRIMARY_TRUSTED_0016,V5DEVX_036,STATUS,E1,1,1965,1968,69.0,64.0,1.0
PRIMARY_TRUSTED_0017,V5DEVX_038,STATUS,E1,1,1995,2000,60.0,78.0,0.0
PRIMARY_TRUSTED_0018,V5DEVX_046,COMPETITIVE,E1,1,2012,2015,65.0,66.0,0.0
PRIMARY_TRUSTED_0019,V5DEVX_046,COMPETITIVE,E1,1,2012,2016,65.0,75.0,0.0
PRIMARY_TRUSTED_0020,V5DEVX_048,STATUS,E1,1,1952,1954,64.0,72.0,0.0
PRIMARY_TRUSTED_0021,V5DEVX_049,COMPETITIVE,E1,1,2000,2001,68.0,64.0,1.0
PRIMARY_TRUSTED_0022,V5DEVX_049,COMPETITIVE,E1,1,2000,2002,68.0,63.0,1.0
PRIMARY_TRUSTED_0023,V5DEVX_049,COMPETITIVE,E1,1,2001,2002,64.0,63.0,1.0
PRIMARY_TRUSTED_0024,V5DEVX_049,COMPETITIVE,E1,0,2007,2002,61.0,63.0,0.0
PRIMARY_TRUSTED_0025,V5DEVX_050,PROJECT,E1,1,2001,2005,64.0,75.0,0.0
PRIMARY_TRUSTED_0026,V5DEVX_052,COMPETITIVE,E1,0,1956,1951,65.0,70.0,0.0
PRIMARY_TRUSTED_0027,V5DEVX_055,COMPETITIVE,E1,0,1937,1936,67.0,67.0,0.5
PRIMARY_TRUSTED_0028,V5DEVX_055,COMPETITIVE,E1,0,1938,1936,63.0,67.0,0.0
PRIMARY_TRUSTED_0029,V5DEVX_066,COMPETITIVE,E1,1,1948,1949,62.0,58.0,1.0
PRIMARY_TRUSTED_0030,V5DEVX_089,COMPETITIVE,E1,1,1956,1959,59.0,55.0,1.0
PRIMARY_TRUSTED_0031,V5DEVX_089,COMPETITIVE,E1,0,1960,1959,52.0,55.0,0.0
PRIMARY_TRUSTED_0032,V5DEVX_089,COMPETITIVE,E1,1,1960,1962,52.0,54.0,0.0
PRIMARY_TRUSTED_0033,V5DEVX_103,COMPETITIVE,E1,0,1963,1961,59.0,66.0,0.0
PRIMARY_TRUSTED_0034,V5DEVX_106,COMPETITIVE,E1,1,1989,1991,63.0,56.0,1.0
PRIMARY_TRUSTED_0035,V5DEVX_108,STATUS,E1,1,1967,1972,57.0,65.0,0.0
PRIMARY_TRUSTED_0036,V5DEVX_115,COMPETITIVE,E1,1,1949,1951,56.0,57.0,0.0
PRIMARY_TRUSTED_0037,V5DEVX_115,COMPETITIVE,E1,1,1949,1954,56.0,54.0,1.0
PRIMARY_TRUSTED_0038,V5DEVX_122,STATUS,E1,1,1973,1975,69.0,64.0,1.0
PRIMARY_TRUSTED_0039,V5DEVX_128,STATUS,E1,1,1989,1994,55.0,52.0,1.0
PRIMARY_TRUSTED_0040,V5DEVX_131,STATUS,E1,0,2016,2015,59.0,56.0,1.0
PRIMARY_TRUSTED_0041,V5DEVX_131,STATUS,E1,1,2016,2018,59.0,56.0,1.0
PRIMARY_TRUSTED_0042,V5DEVX_131,STATUS,E1,0,2021,2018,59.0,56.0,1.0
PRIMARY_TRUSTED_0043,V5DEVX_131,STATUS,E1,1,2021,2024,59.0,62.0,0.0
PRIMARY_TRUSTED_0044,V5DEVX_132,COMPETITIVE,E1,1,1951,1953,68.0,70.0,0.0
PRIMARY_TRUSTED_0045,V5DEVX_132,COMPETITIVE,E1,1,1952,1953,72.0,70.0,1.0
PRIMARY_TRUSTED_0046,V5DEVX_132,COMPETITIVE,E1,0,1964,1960,57.0,60.0,0.0
PRIMARY_TRUSTED_0047,V5DEVX_142,COMPETITIVE,E1,0,1972,1971,48.0,54.0,0.0
PRIMARY_TRUSTED_0048,V5DEVX_147,STATUS,E1,1,1972,1974,53.0,43.0,1.0
PRIMARY_TRUSTED_0049,V5DEVX_148,COMPETITIVE,E1,0,1991,1990,50.0,46.0,1.0
PRIMARY_TRUSTED_0050,V5DEVX_148,COMPETITIVE,E1,0,1992,1990,55.0,46.0,1.0
PRIMARY_TRUSTED_0051,V5DEVX_148,COMPETITIVE,E1,1,1991,1992,50.0,55.0,0.0
PRIMARY_TRUSTED_0052,V5DEVX_154,COMPETITIVE,E1,1,2005,2007,40.0,50.0,0.0
PRIMARY_TRUSTED_0053,V5DEVX_154,COMPETITIVE,E1,0,2012,2007,46.0,50.0,0.0
PRIMARY_TRUSTED_0054,V5DEVX_154,COMPETITIVE,E1,1,2012,2013,46.0,42.0,1.0
PRIMARY_TRUSTED_0055,V5DEVX_154,COMPETITIVE,E1,1,2012,2015,46.0,47.0,0.0
PRIMARY_TRUSTED_0056,V5DEVX_154,COMPETITIVE,E1,0,2017,2013,37.0,42.0,0.0
PRIMARY_TRUSTED_0057,V5DEVX_154,COMPETITIVE,E1,0,2017,2015,37.0,47.0,0.0
PRIMARY_TRUSTED_0058,V5DEVE2_001,COMPETITIVE,E2,1,1984,1988,66.0,49.0,1.0
PRIMARY_TRUSTED_0059,V5DEVE2_001,COMPETITIVE,E2,0,1991,1988,58.0,49.0,1.0
PRIMARY_TRUSTED_0060,V5DEVE2_003,STATUS,E2,1,1972,1974,66.0,58.0,1.0
PRIMARY_TRUSTED_0061,V5DEVE2_007,COMPETITIVE,E2,1,1948,1952,68.0,73.0,0.0
PRIMARY_TRUSTED_0062,V5DEVE2_007,COMPETITIVE,E2,1,1950,1952,70.0,73.0,0.0
PRIMARY_TRUSTED_0063,V5DEVE2_009,STATUS,E2,1,1976,1980,83.0,71.0,1.0
PRIMARY_TRUSTED_0064,V5DEVE2_013,COMPETITIVE,E2,1,1978,1980,61.0,56.0,1.0
PRIMARY_TRUSTED_0065,V5DEVE2_013,COMPETITIVE,E2,0,1985,1980,62.0,56.0,1.0
PRIMARY_TRUSTED_0066,V5DEVE2_015,STATUS,E2,1,1967,1968,72.0,78.0,0.0
PRIMARY_TRUSTED_0067,V5DEVE2_022,COMPETITIVE,E2,1,1934,1935,69.0,69.0,0.5
PRIMARY_TRUSTED_0068,V5DEVE2_022,COMPETITIVE,E2,0,1936,1935,81.0,69.0,1.0
PRIMARY_TRUSTED_0069,V5DEVE2_027,STATUS,E2,1,1988,1992,67.0,63.0,1.0
PRIMARY_TRUSTED_0070,V5DEVE2_028,COMPETITIVE,E2,1,1984,1989,75.0,79.0,0.0
PRIMARY_TRUSTED_0071,V5DEVE2_042,STATUS,E2,1,1998,2000,67.0,69.0,0.0
PRIMARY_TRUSTED_0072,V5DEVE2_061,STATUS,E2,1,1953,1954,84.0,82.0,1.0
PRIMARY_TRUSTED_0073,V5DEVE2_080,STATUS,E2,1,1944,1945,50.0,53.0,0.0
PRIMARY_TRUSTED_0074,V5DEVE2_083,COMPETITIVE,E2,1,2001,2006,55.0,57.0,0.0
PRIMARY_TRUSTED_0075,V5DEVE2_106,COMPETITIVE,E2,1,2005,2008,57.0,62.0,0.0
PRIMARY_TRUSTED_0076,V5DEVE2_115,COMPETITIVE,E2,1,2004,2005,54.0,55.0,0.0
PRIMARY_TRUSTED_0077,V5DEVE2_128,STATUS,E2,1,1956,1958,62.0,66.0,0.0
PRIMARY_TRUSTED_0078,V5DEVE2_128,STATUS,E2,0,1960,1958,62.0,66.0,0.0
PRIMARY_TRUSTED_0079,V5DEVE2_154,COMPETITIVE,E2,0,1925,1924,81.0,86.0,0.0
PRIMARY_TRUSTED_0080,V5DEVE2_160,STATUS,E2,1,2024,2025,64.0,68.0,0.0
PRIMARY_TRUSTED_0081,V5DEV_001,COMPETITIVE,ORIGINAL,0,1991,1988,66.0,51.0,1.0
PRIMARY_TRUSTED_0082,V5DEV_001,COMPETITIVE,ORIGINAL,0,1992,1988,58.0,51.0,1.0
PRIMARY_TRUSTED_0083,V5DEV_003,COMPETITIVE,ORIGINAL,0,2000,1996,71.0,65.0,1.0
PRIMARY_TRUSTED_0084,V5DEV_005,COMPETITIVE,ORIGINAL,1,1997,1999,62.0,62.0,0.5
PRIMARY_TRUSTED_0085,V5DEV_005,COMPETITIVE,ORIGINAL,1,1997,2000,62.0,64.0,0.0
PRIMARY_TRUSTED_0086,V5DEV_005,COMPETITIVE,ORIGINAL,1,1998,1999,55.0,62.0,0.0
PRIMARY_TRUSTED_0087,V5DEV_005,COMPETITIVE,ORIGINAL,1,1998,2000,55.0,64.0,0.0
PRIMARY_TRUSTED_0088,V5DEV_005,COMPETITIVE,ORIGINAL,0,2000,1999,64.0,62.0,1.0
PRIMARY_TRUSTED_0089,V5DEV_007,COMPETITIVE,ORIGINAL,0,2010,2007,59.0,68.0,0.0
PRIMARY_TRUSTED_0090,V5DEV_008,COMPETITIVE,ORIGINAL,0,1998,1997,65.0,71.0,0.0
PRIMARY_TRUSTED_0091,V5DEV_008,COMPETITIVE,ORIGINAL,0,2000,1997,69.0,71.0,0.0
PRIMARY_TRUSTED_0092,V5DEV_009,COMPETITIVE,ORIGINAL,1,1984,1985,71.0,66.0,1.0
PRIMARY_TRUSTED_0093,V5DEV_010,COMPETITIVE,ORIGINAL,0,2014,2013,65.0,61.0,1.0
PRIMARY_TRUSTED_0094,V5DEV_011,COMPETITIVE,ORIGINAL,1,1996,1997,70.0,66.0,1.0
PRIMARY_TRUSTED_0095,V5DEV_011,COMPETITIVE,ORIGINAL,1,1996,1998,70.0,64.0,1.0
PRIMARY_TRUSTED_0096,V5DEV_012,COMPETITIVE,ORIGINAL,0,1954,1950,57.0,69.0,0.0
PRIMARY_TRUSTED_0097,V5DEV_012,COMPETITIVE,ORIGINAL,1,1954,1955,57.0,54.0,1.0
PRIMARY_TRUSTED_0098,V5DEV_013,COMPETITIVE,ORIGINAL,1,2014,2017,61.0,66.0,0.0
PRIMARY_TRUSTED_0099,V5DEV_013,COMPETITIVE,ORIGINAL,0,2022,2017,73.0,66.0,1.0
PRIMARY_TRUSTED_0100,V5DEV_014,COMPETITIVE,ORIGINAL,0,2015,2010,54.0,68.0,0.0
PRIMARY_TRUSTED_0101,V5DEV_014,COMPETITIVE,ORIGINAL,1,2015,2018,54.0,65.0,0.0
PRIMARY_TRUSTED_0102,V5DEV_014,COMPETITIVE,ORIGINAL,1,2016,2018,60.0,65.0,0.0
PRIMARY_TRUSTED_0103,V5DEV_014,COMPETITIVE,ORIGINAL,0,2019,2018,65.0,65.0,0.5
PRIMARY_TRUSTED_0104,V5DEV_015,COMPETITIVE,ORIGINAL,0,1999,1998,74.0,76.0,0.0
PRIMARY_TRUSTED_0105,V5DEV_015,COMPETITIVE,ORIGINAL,0,2000,1998,62.0,76.0,0.0
PRIMARY_TRUSTED_0106,V5DEV_017,COMPETITIVE,ORIGINAL,1,1956,1957,67.0,65.0,1.0
PRIMARY_TRUSTED_0107,V5DEV_020,COMPETITIVE,ORIGINAL,0,2013,2012,38.0,55.0,0.0
PRIMARY_TRUSTED_0108,V5DEV_022,COMPETITIVE,ORIGINAL,1,1928,1929,59.0,60.0,0.0
PRIMARY_TRUSTED_0109,V5DEV_023,COMPETITIVE,ORIGINAL,1,1965,1966,50.0,52.0,0.0
PRIMARY_TRUSTED_0110,V5DEV_023,COMPETITIVE,ORIGINAL,1,1965,1967,50.0,55.0,0.0
PRIMARY_TRUSTED_0111,V5DEV_023,COMPETITIVE,ORIGINAL,1,1965,1970,50.0,59.0,0.0
PRIMARY_TRUSTED_0112,V5DEV_023,COMPETITIVE,ORIGINAL,0,1967,1966,55.0,52.0,1.0
PRIMARY_TRUSTED_0113,V5DEV_023,COMPETITIVE,ORIGINAL,0,1968,1966,62.0,52.0,1.0
PRIMARY_TRUSTED_0114,V5DEV_023,COMPETITIVE,ORIGINAL,0,1968,1967,62.0,55.0,1.0
PRIMARY_TRUSTED_0115,V5DEV_023,COMPETITIVE,ORIGINAL,1,1967,1970,55.0,59.0,0.0
PRIMARY_TRUSTED_0116,V5DEV_023,COMPETITIVE,ORIGINAL,1,1968,1970,62.0,59.0,1.0
PRIMARY_TRUSTED_0117,V5DEV_024,COMPETITIVE,ORIGINAL,1,1974,1976,67.0,65.0,1.0
PRIMARY_TRUSTED_0118,V5DEV_025,COMPETITIVE,ORIGINAL,0,1958,1956,61.0,54.0,1.0
PRIMARY_TRUSTED_0119,V5DEV_025,COMPETITIVE,ORIGINAL,0,1959,1956,65.0,54.0,1.0
PRIMARY_TRUSTED_0120,V5DEV_025,COMPETITIVE,ORIGINAL,0,1960,1956,64.0,54.0,1.0
PRIMARY_TRUSTED_0121,V5DEV_025,COMPETITIVE,ORIGINAL,1,1958,1960,61.0,64.0,0.0
PRIMARY_TRUSTED_0122,V5DEV_025,COMPETITIVE,ORIGINAL,1,1959,1960,65.0,64.0,1.0
PRIMARY_TRUSTED_0123,V5DEV_026,COMPETITIVE,ORIGINAL,1,1952,1955,53.0,41.0,1.0
PRIMARY_TRUSTED_0124,V5DEV_026,COMPETITIVE,ORIGINAL,1,1952,1956,53.0,51.0,1.0
PRIMARY_TRUSTED_0125,V5DEV_026,COMPETITIVE,ORIGINAL,1,1952,1957,53.0,51.0,1.0
PRIMARY_TRUSTED_0126,V5DEV_028,COMPETITIVE,ORIGINAL,1,1958,1960,58.0,55.0,1.0
PRIMARY_TRUSTED_0127,V5DEV_028,COMPETITIVE,ORIGINAL,1,1959,1960,60.0,55.0,1.0
PRIMARY_TRUSTED_0128,V5DEV_029,COMPETITIVE,ORIGINAL,1,1933,1936,69.0,70.0,0.0
PRIMARY_TRUSTED_0129,V5DEV_029,COMPETITIVE,ORIGINAL,1,1935,1936,68.0,70.0,0.0
PRIMARY_TRUSTED_0130,V5DEV_030,COMPETITIVE,ORIGINAL,0,1984,1983,74.0,75.0,0.0
PRIMARY_TRUSTED_0131,V5DEV_030,COMPETITIVE,ORIGINAL,0,1985,1983,70.0,75.0,0.0
PRIMARY_TRUSTED_0132,V5DEV_030,COMPETITIVE,ORIGINAL,0,1985,1984,70.0,74.0,0.0
PRIMARY_TRUSTED_0133,V5DEV_030,COMPETITIVE,ORIGINAL,1,1984,1987,74.0,60.0,1.0
PRIMARY_TRUSTED_0134,V5DEV_030,COMPETITIVE,ORIGINAL,1,1984,1988,74.0,68.0,1.0
PRIMARY_TRUSTED_0135,V5DEV_030,COMPETITIVE,ORIGINAL,1,1985,1987,70.0,60.0,1.0
PRIMARY_TRUSTED_0136,V5DEV_030,COMPETITIVE,ORIGINAL,1,1985,1988,70.0,68.0,1.0
PRIMARY_TRUSTED_0137,V5DEV_031,COMPETITIVE,ORIGINAL,1,1959,1960,60.0,66.0,0.0
PRIMARY_TRUSTED_0138,V5DEV_034,COMPETITIVE,ORIGINAL,1,1951,1954,56.0,70.0,0.0
PRIMARY_TRUSTED_0139,V5DEV_034,COMPETITIVE,ORIGINAL,1,1953,1954,58.0,70.0,0.0
PRIMARY_TRUSTED_0140,V5DEV_035,COMPETITIVE,ORIGINAL,0,2015,2013,62.0,59.0,1.0
PRIMARY_TRUSTED_0141,V5DEV_035,COMPETITIVE,ORIGINAL,0,2019,2015,64.0,62.0,1.0
PRIMARY_TRUSTED_0142,V5DEV_036,COMPETITIVE,ORIGINAL,1,1946,1948,58.0,59.0,0.0
PRIMARY_TRUSTED_0143,V5DEV_036,COMPETITIVE,ORIGINAL,1,1946,1951,58.0,58.0,0.5
PRIMARY_TRUSTED_0144,V5DEV_036,COMPETITIVE,ORIGINAL,0,1949,1948,53.0,59.0,0.0
PRIMARY_TRUSTED_0145,V5DEV_036,COMPETITIVE,ORIGINAL,0,1950,1948,59.0,59.0,0.5
PRIMARY_TRUSTED_0146,V5DEV_036,COMPETITIVE,ORIGINAL,1,1949,1951,53.0,58.0,0.0
PRIMARY_TRUSTED_0147,V5DEV_036,COMPETITIVE,ORIGINAL,1,1950,1951,59.0,58.0,1.0
PRIMARY_TRUSTED_0148,V5DEV_037,COMPETITIVE,ORIGINAL,0,1956,1952,68.0,71.0,0.0
PRIMARY_TRUSTED_0149,V5DEV_037,COMPETITIVE,ORIGINAL,1,1956,1958,68.0,75.0,0.0
PRIMARY_TRUSTED_0150,V5DEV_037,COMPETITIVE,ORIGINAL,1,1956,1961,68.0,68.0,0.5
PRIMARY_TRUSTED_0151,V5DEV_037,COMPETITIVE,ORIGINAL,1,1958,1961,75.0,68.0,1.0
PRIMARY_TRUSTED_0152,V5DEV_038,COMPETITIVE,ORIGINAL,0,1990,1986,69.0,75.0,0.0
PRIMARY_TRUSTED_0153,V5DEV_038,COMPETITIVE,ORIGINAL,0,1991,1986,68.0,75.0,0.0
PRIMARY_TRUSTED_0154,V5DEV_038,COMPETITIVE,ORIGINAL,1,1990,1991,69.0,68.0,1.0
PRIMARY_TRUSTED_0155,V5DEV_038,COMPETITIVE,ORIGINAL,0,1996,1991,54.0,68.0,0.0
PRIMARY_TRUSTED_0156,V5DEV_039,COMPETITIVE,ORIGINAL,1,1951,1956,60.0,59.0,1.0
PRIMARY_TRUSTED_0157,V5DEV_039,COMPETITIVE,ORIGINAL,1,1952,1956,54.0,59.0,0.0
PRIMARY_TRUSTED_0158,V5DEV_039,COMPETITIVE,ORIGINAL,1,1953,1956,59.0,59.0,0.5
PRIMARY_TRUSTED_0159,V5DEV_040,COMPETITIVE,ORIGINAL,0,2000,1997,54.0,54.0,0.5
PRIMARY_TRUSTED_0160,V5DEV_051,PROJECT,ORIGINAL,0,2003,1998,55.0,63.0,0.0
PRIMARY_TRUSTED_0161,V5DEV_064,PROJECT,ORIGINAL,0,2003,1998,77.0,76.0,1.0
PRIMARY_TRUSTED_0162,V5DEV_075,PROJECT,ORIGINAL,1,1956,1960,41.0,35.0,1.0
PRIMARY_TRUSTED_0163,V5DEV_079,PROJECT,ORIGINAL,1,1989,1991,66.0,67.0,0.0
PRIMARY_TRUSTED_0164,V5DEV_080,PROJECT,ORIGINAL,1,2022,2023,68.0,62.0,1.0
PRIMARY_TRUSTED_0165,V5DEV_084,PROJECT,ORIGINAL,1,1982,1985,90.0,73.0,1.0
PRIMARY_TRUSTED_0166,V5DEV_084,PROJECT,ORIGINAL,0,1989,1985,66.0,73.0,0.0
PRIMARY_TRUSTED_0167,V5DEV_084,PROJECT,ORIGINAL,0,1990,1985,68.0,73.0,0.0
PRIMARY_TRUSTED_0168,V5DEV_090,PROJECT,ORIGINAL,0,1965,1960,75.0,73.0,1.0
PRIMARY_TRUSTED_0169,V5DEV_106,STATUS,ORIGINAL,1,1988,1993,78.0,88.0,0.0
PRIMARY_TRUSTED_0170,V5DEV_108,STATUS,ORIGINAL,1,1973,1974,67.0,62.0,1.0
PRIMARY_TRUSTED_0171,V5DEV_108,STATUS,ORIGINAL,0,1976,1974,60.0,62.0,0.0
PRIMARY_TRUSTED_0172,V5DEV_108,STATUS,ORIGINAL,0,1993,1990,60.0,60.0,0.5
PRIMARY_TRUSTED_0173,V5DEV_109,STATUS,ORIGINAL,1,1968,1969,63.0,68.0,0.0
PRIMARY_TRUSTED_0174,V5DEV_109,STATUS,ORIGINAL,0,1974,1969,75.0,68.0,1.0
PRIMARY_TRUSTED_0175,V5DEV_114,STATUS,ORIGINAL,1,1949,1950,54.0,53.0,1.0
PRIMARY_TRUSTED_0176,V5DEV_114,STATUS,ORIGINAL,1,1968,1973,82.0,71.0,1.0
PRIMARY_TRUSTED_0177,V5DEV_117,STATUS,ORIGINAL,1,2002,2005,63.0,65.0,0.0
PRIMARY_TRUSTED_0178,V5DEV_117,STATUS,ORIGINAL,1,2004,2005,61.0,65.0,0.0
PRIMARY_TRUSTED_0179,V5DEV_117,STATUS,ORIGINAL,0,2008,2005,60.0,65.0,0.0
PRIMARY_TRUSTED_0180,V5DEV_118,STATUS,ORIGINAL,0,1946,1944,64.0,66.0,0.0
PRIMARY_TRUSTED_0181,V5DEV_121,STATUS,ORIGINAL,1,2002,2005,67.0,73.0,0.0
PRIMARY_TRUSTED_0182,V5DEV_125,STATUS,ORIGINAL,0,2016,2014,73.0,81.0,0.0
PRIMARY_TRUSTED_0183,V5DEV_126,STATUS,ORIGINAL,1,1940,1945,50.0,59.0,0.0
PRIMARY_TRUSTED_0184,V5DEV_126,STATUS,ORIGINAL,1,1941,1945,53.0,59.0,0.0
PRIMARY_TRUSTED_0185,V5DEV_134,STATUS,ORIGINAL,1,2015,2020,57.0,62.0,0.0
PRIMARY_TRUSTED_0186,V5DEV_138,STATUS,ORIGINAL,1,2012,2014,68.0,74.0,0.0
PRIMARY_TRUSTED_0187,V5DEV_138,STATUS,ORIGINAL,0,2016,2014,67.0,74.0,0.0
PRIMARY_TRUSTED_0188,V5DEV_150,STATUS,ORIGINAL,1,2012,2013,73.0,67.0,1.0
PRIMARY_TRUSTED_0189,V5DEV_152,STATUS,ORIGINAL,1,1942,1944,81.0,67.0,1.0
PRIMARY_TRUSTED_0190,V5DEV_155,STATUS,ORIGINAL,1,1989,1992,85.0,64.0,1.0
PRIMARY_TRUSTED_0191,V5DEV_156,STATUS,ORIGINAL,1,2001,2002,57.0,58.0,0.0
PRIMARY_TRUSTED_0192,V5DEV_158,STATUS,ORIGINAL,1,1957,1960,56.0,58.0,0.0
PRIMARY_TRUSTED_0193,V5DEV_158,STATUS,ORIGINAL,0,1961,1960,55.0,58.0,0.0
