feature,family,n_folds,selection_frequency,mean_coefficient,mean_abs_coefficient,positive_share_when_selected,sign_consistency_when_selected,stable_diagnostic_only
diff__relation__sw_dw_branch_punish,RELATION,25,0.4,0.09506583381598961,0.09506583381598961,1.0,1.0,False
diff__shinsal__sw_세운_신살_길신__문창귀인_,SHINSAL,25,0.4,-0.08753674382085486,0.08753674382085486,0.0,1.0,False
diff__tgxstrength__sw_qi_sha_weak,TGX_STRENGTH,25,0.4,-0.08212499034805745,0.08212499034805745,0.0,1.0,False
diff__relation__sw_dw_stem_clash,RELATION,25,0.4,-0.0715586430626947,0.0715586430626947,0.0,1.0,False
diff__unseong__dw_state_절,UNSEONG,25,0.4,0.04033412195921349,0.04033412195921349,1.0,1.0,False
diff__tgxstrength__sw_pian_yin_strong,TGX_STRENGTH,25,0.36,0.11216166783245102,0.11216166783245102,1.0,1.0,False
diff__tg10__dw_branch_hidden_zheng_guan,TG10,25,0.36,-0.10839738839852334,0.10839738839852334,0.0,1.0,False
diff__shinsal__sw_세운_신살_길신__count,SHINSAL,25,0.36,0.09587562604356906,0.09587562604356906,1.0,1.0,False
diff__yongshin__sw_yong_stem_fit,YONGSHIN,25,0.36,-0.08850315258665589,0.08850315258665589,0.0,1.0,False
diff__relation__sw_dw_branch_harm,RELATION,25,0.36,0.08501536802948963,0.08501536802948963,1.0,1.0,False
diff__unseong__sw_state_장생,UNSEONG,25,0.36,-0.08225563038327323,0.08225563038327323,0.0,1.0,False
diff__tgxstrength__sw_shishen_strong,TGX_STRENGTH,25,0.36,-0.05956431089272002,0.05956431089272002,0.0,1.0,False
diff__basic__dw_branch_午,BASIC,25,0.32,-0.07954373796061198,0.07954373796061198,0.0,1.0,False
diff__unseong__sw_state_양,UNSEONG,25,0.32,0.0692519625628027,0.0692519625628027,1.0,1.0,False
diff__basic__sw_branch_辰,BASIC,25,0.32,-0.06272923221664718,0.06272923221664718,0.0,1.0,False
diff__yongshin__dw_supplies_fav,YONGSHIN,25,0.32,-0.060968888647513285,0.060968888647513285,0.0,1.0,False
diff__basic__sw_stem_甲,BASIC,25,0.32,0.058935939138810275,0.058935939138810275,1.0,1.0,False
diff__basic__sw_stem_庚,BASIC,25,0.32,-0.051264109474319544,0.051264109474319544,0.0,1.0,False
diff__relation__sw_branch_punish_natal,RELATION,25,0.32,0.04947841362442398,0.04947841362442398,1.0,1.0,False
diff__unseong__sw_state_병,UNSEONG,25,0.28,-0.06645547372459525,0.06645547372459525,0.0,1.0,False
diff__shinsal__dw_신살_길신__문창귀인_,SHINSAL,25,0.28,-0.06149611059920399,0.06149611059920399,0.0,1.0,False
diff__relation__sw_branch_clash_natal,RELATION,25,0.28,0.05419982737377186,0.05419982737377186,1.0,1.0,False
diff__basic__sw_element_wood,BASIC,25,0.28,0.044716706350891956,0.044716706350891956,1.0,1.0,False
diff__tg10__dw_branch_hidden_pian_yin,TG10,25,0.28,0.037879427205251864,0.037879427205251864,1.0,1.0,False
diff__tg10__dw_branch_hidden_bijian,TG10,25,0.24,0.06551656498793655,0.06551656498793655,1.0,1.0,False
diff__tg10__sw_branch_hidden_zheng_cai,TG10,25,0.24,0.06269167371944158,0.06269167371944158,1.0,1.0,False
diff__basic__sw_branch_巳,BASIC,25,0.24,0.06099321975145251,0.06099321975145251,1.0,1.0,False
diff__tg10__sw_branch_hidden_shangguan,TG10,25,0.24,0.04513703809428596,0.04513703809428596,1.0,1.0,False
diff__basic__sw_stem_丁,BASIC,25,0.24,0.038251879451749196,0.038251879451749196,1.0,1.0,False
diff__shinsal__dw_breakdown_scalar,SHINSAL,25,0.24,0.037841896323732895,0.037841896323732895,1.0,1.0,False
diff__shinsal__sw_세운_신살_길신__반안_,SHINSAL,25,0.24,0.026439837061526483,0.026439837061526483,1.0,1.0,False
diff__shinsal__sw_세운_신살_길신__화개_,SHINSAL,25,0.24,0.026439837061526483,0.026439837061526483,1.0,1.0,False
diff__unseong__sw_state_절,UNSEONG,25,0.24,0.020007623966435354,0.020007623966435354,1.0,1.0,False
diff__tg10__sw_stem_qi_sha,TG10,25,0.24,-0.018622471340645794,0.018622471340645794,0.0,1.0,False
diff__basic__sw_element_earth,BASIC,25,0.2,-0.04206851229907114,0.04206851229907114,0.0,1.0,False
diff__tgxstrength__sw_zheng_yin_strong,TGX_STRENGTH,25,0.2,-0.03944773182150456,0.03944773182150456,0.0,1.0,False
diff__basic__dw_stem_乙,BASIC,25,0.2,-0.03563956324166761,0.03563956324166761,0.0,1.0,False
diff__relation__dw_branch_clash_natal,RELATION,25,0.2,-0.03252613992343786,0.03252613992343786,0.0,1.0,False
diff__unseong__sw_raw_score,UNSEONG,25,0.2,-0.0289543998913222,0.0289543998913222,0.0,1.0,False
diff__unseong__sw_state_사,UNSEONG,25,0.2,0.027737093108561713,0.027737093108561713,1.0,1.0,False
diff__basic__sw_branch_丑,BASIC,25,0.2,0.02688704822309366,0.02688704822309366,1.0,1.0,False
diff__basic__dw_branch_卯,BASIC,25,0.2,0.02648195602731496,0.02648195602731496,1.0,1.0,False
diff__basic__sw_branch_酉,BASIC,25,0.2,-0.02634951138504027,0.02634951138504027,0.0,1.0,False
diff__shinsal__sw_세운_신살_흉살__과숙_,SHINSAL,25,0.2,0.02362626914932824,0.02362626914932824,1.0,1.0,False
diff__tg10__dw_stem_zheng_cai,TG10,25,0.2,0.013526661388829644,0.013526661388829644,1.0,1.0,False
diff__shinsal__sw_세운_신살_길신__천을귀인_,SHINSAL,25,0.2,0.013085071724528014,0.013085071724528014,1.0,1.0,False
diff__relation__sw_dw_branch_clash,RELATION,25,0.2,0.0008297296938079038,0.011404739228909175,0.8,0.8,False
diff__basic__sw_element_fire,BASIC,25,0.2,0.010110535249645307,0.010110535249645307,1.0,1.0,False
diff__tgxstrength__sw_pian_yin_weak,TGX_STRENGTH,25,0.16,-0.040871720129461886,0.040871720129461886,0.0,1.0,False
diff__tgxstrength__sw_shangguan_weak,TGX_STRENGTH,25,0.16,0.03757701204610773,0.03757701204610773,1.0,1.0,False
diff__basic__dw_stem_己,BASIC,25,0.16,0.031695602136147534,0.031695602136147534,1.0,1.0,False
diff__shinsal__dw_신살_흉살__과숙_,SHINSAL,25,0.16,-0.030932222282384698,0.030932222282384698,0.0,1.0,False
diff__yongshin__sw_gi_fit,YONGSHIN,25,0.16,0.02920062491723334,0.02920062491723334,1.0,1.0,False
diff__tg10__sw_branch_hidden_shishen,TG10,25,0.16,-0.026668513319103172,0.026668513319103172,0.0,1.0,False
diff__basic__sw_branch_子,BASIC,25,0.16,-0.02567554671174461,0.02567554671174461,0.0,1.0,False
diff__unseong__dw_state_사,UNSEONG,25,0.16,-0.02131814326945201,0.02131814326945201,0.0,1.0,False
diff__basic__sw_branch_戌,BASIC,25,0.16,0.021050996383447703,0.021050996383447703,1.0,1.0,False
diff__shinsal__sw_세운_신살_길신__천희_,SHINSAL,25,0.16,0.020653138204400137,0.020653138204400137,1.0,1.0,False
diff__tgxstrength__sw_zheng_guan_strong,TGX_STRENGTH,25,0.16,0.019577197764283957,0.019577197764283957,1.0,1.0,False
diff__shinsal__sw_세운_신살_흉살__고진_,SHINSAL,25,0.16,-0.0176700331141699,0.0176700331141699,0.0,1.0,False
diff__unseong__sw_state_목욕,UNSEONG,25,0.16,0.0167937123902028,0.0167937123902028,1.0,1.0,False
diff__yongshin__dw_gu_fit,YONGSHIN,25,0.16,-0.01623651365630037,0.01623651365630037,0.0,1.0,False
diff__shinsal__dw_신살_길신__천희_,SHINSAL,25,0.16,0.012466723014585743,0.012466723014585743,1.0,1.0,False
diff__shinsal__sw_세운_신살_흉살__망신_,SHINSAL,25,0.16,0.012302029789911373,0.012302029789911373,1.0,1.0,False
diff__basic__sw_stem_壬,BASIC,25,0.16,-0.011003779670658607,0.011003779670658607,0.0,1.0,False
diff__unseong__dw_state_목욕,UNSEONG,25,0.16,0.006748070925747237,0.010725822385810237,0.5,0.5,False
diff__relation__sw_branch_harm_natal,RELATION,25,0.12,-0.02914296772184425,0.02914296772184425,0.0,1.0,False
diff__shinsal__dw_신살_흉살__고진_,SHINSAL,25,0.12,0.024468378396952005,0.024468378396952005,1.0,1.0,False
diff__tg10__sw_stem_jiecai,TG10,25,0.12,0.021382984773733585,0.021382984773733585,1.0,1.0,False
diff__basic__sw_element_metal,BASIC,25,0.12,-0.020448903997298273,0.020448903997298273,0.0,1.0,False
diff__tgxstrength__sw_zheng_yin_weak,TGX_STRENGTH,25,0.12,-0.0021864689928769916,0.01835946054653721,0.3333333333333333,0.6666666666666667,False
diff__basic__dw_element_water,BASIC,25,0.12,-0.017371056447167348,0.017371056447167348,0.0,1.0,False
diff__tgxstrength__dw_pian_cai_strong,TGX_STRENGTH,25,0.12,-0.01656680947447544,0.01656680947447544,0.0,1.0,False
diff__unseong__dw_state_병,UNSEONG,25,0.12,0.015811492563834594,0.015811492563834594,1.0,1.0,False
diff__tgxstrength__dw_shangguan_strong,TGX_STRENGTH,25,0.12,-0.012705697748172935,0.012705697748172935,0.0,1.0,False
diff__yongshin__dw_gi_fit,YONGSHIN,25,0.12,0.012597529793349639,0.012597529793349639,1.0,1.0,False
diff__tg10__dw_stem_zheng_yin,TG10,25,0.12,0.0038145866071214872,0.01059801881767392,0.6666666666666666,0.6666666666666666,False
diff__basic__dw_stem_壬,BASIC,25,0.12,-0.01043496995140717,0.01043496995140717,0.0,1.0,False
diff__tgxstrength__dw_zheng_yin_strong,TGX_STRENGTH,25,0.12,0.009794794087371703,0.009794794087371703,1.0,1.0,False
diff__basic__sw_stem_己,BASIC,25,0.12,-0.00965017330495838,0.00965017330495838,0.0,1.0,False
diff__basic__dw_branch_申,BASIC,25,0.12,0.008972985003816767,0.008972985003816767,1.0,1.0,False
diff__tgxstrength__dw_zheng_guan_weak,TGX_STRENGTH,25,0.12,-0.008343425277576024,0.008343425277576024,0.0,1.0,False
diff__shinsal__dw_신살_길신__count,SHINSAL,25,0.12,-0.008255365213949584,0.008255365213949584,0.0,1.0,False
diff__tg10__dw_stem_shishen,TG10,25,0.12,-0.0027179844928304966,0.007509127467797951,0.3333333333333333,0.6666666666666667,False
diff__unseong__sw_state_묘,UNSEONG,25,0.12,-0.0030769564708037446,0.006496022864678009,0.3333333333333333,0.6666666666666667,False
diff__tg10__sw_stem_zheng_yin,TG10,25,0.12,-0.005192513890304936,0.005192513890304936,0.0,1.0,False
diff__yongshin__sw_yong_fit,YONGSHIN,25,0.12,-0.004789276333791876,0.004789276333791876,0.0,1.0,False
diff__basic__dw_branch_未,BASIC,25,0.12,0.004373216938186236,0.004373216938186236,1.0,1.0,False
diff__basic__dw_element_earth,BASIC,25,0.12,0.00386993203364298,0.00386993203364298,1.0,1.0,False
diff__tgxstrength__dw_shishen_strong,TGX_STRENGTH,25,0.12,-0.000474302117458168,0.002980447944727928,0.3333333333333333,0.6666666666666667,False
diff__basic__sw_branch_寅,BASIC,25,0.08,-0.021663707902299625,0.021663707902299625,0.0,1.0,False
diff__tg10__sw_stem_zheng_guan,TG10,25,0.08,0.020681832889613734,0.020681832889613734,1.0,1.0,False
diff__relation__sw_branch_break_natal,RELATION,25,0.08,-0.016960120235167252,0.016960120235167252,0.0,1.0,False
diff__basic__dw_branch_酉,BASIC,25,0.08,0.014534252247602712,0.014534252247602712,1.0,1.0,False
diff__tgxstrength__dw_bijian_weak,TGX_STRENGTH,25,0.08,0.013949446546482456,0.013949446546482456,1.0,1.0,False
diff__unseong__sw_score_x_strength,UNSEONG,25,0.08,0.013451844957980567,0.013451844957980567,1.0,1.0,False
diff__tgxstrength__dw_zheng_cai_weak,TGX_STRENGTH,25,0.08,0.011953964501521171,0.011953964501521171,1.0,1.0,False
diff__shinsal__dw_gongmang_unseong,SHINSAL,25,0.08,0.008786626908245148,0.008786626908245148,1.0,1.0,False
diff__tgxstrength__sw_shishen_weak,TGX_STRENGTH,25,0.08,0.008721125646039012,0.008721125646039012,1.0,1.0,False
diff__unseong__sw_state_쇠,UNSEONG,25,0.08,-0.00864578172879102,0.00864578172879102,0.0,1.0,False
diff__yongshin__sw_hee_fit,YONGSHIN,25,0.08,0.008631876808405005,0.008631876808405005,1.0,1.0,False
diff__basic__sw_branch_午,BASIC,25,0.08,0.008329614437702916,0.008329614437702916,1.0,1.0,False
diff__tgxstrength__dw_zheng_cai_strong,TGX_STRENGTH,25,0.08,0.008301411162534604,0.008301411162534604,1.0,1.0,False
diff__yongshin__dw_hee_fit,YONGSHIN,25,0.08,-0.008284315111864067,0.008284315111864067,0.0,1.0,False
diff__shinsal__dw_신살_길신__장성_,SHINSAL,25,0.08,-0.0080755830810435,0.0080755830810435,0.0,1.0,False
diff__tg10__dw_stem_shangguan,TG10,25,0.08,0.007959966270706324,0.007959966270706324,1.0,1.0,False
diff__tg10__dw_branch_hidden_shangguan,TG10,25,0.08,-0.007309155735229273,0.007309155735229273,0.0,1.0,False
diff__basic__sw_branch_亥,BASIC,25,0.08,0.0035078699030313644,0.006910979954235004,0.5,0.5,False
diff__tg10__dw_branch_hidden_shishen,TG10,25,0.08,-0.006898858844783345,0.006898858844783345,0.0,1.0,False
diff__shinsal__sw_세운_신살_흉살__양인_,SHINSAL,25,0.08,-0.006616291320728931,0.006616291320728931,0.0,1.0,False
diff__unseong__sw_state_제왕,UNSEONG,25,0.08,-0.006616291320728931,0.006616291320728931,0.0,1.0,False
diff__shinsal__dw_신살_길신__록신_,SHINSAL,25,0.08,0.0063825320522949,0.0063825320522949,1.0,1.0,False
diff__unseong__dw_state_건록,UNSEONG,25,0.08,0.0063825320522949,0.0063825320522949,1.0,1.0,False
diff__tengod__sw_group_peer,TG5,25,0.08,0.005594390564240812,0.005594390564240812,1.0,1.0,False
diff__tgxstrength__sw_bijian_strong,TGX_STRENGTH,25,0.08,-0.005029888738862212,0.005029888738862212,0.0,1.0,False
diff__tg10__dw_branch_hidden_zheng_cai,TG10,25,0.08,0.004895845918216801,0.004895845918216801,1.0,1.0,False
diff__shinsal__sw_세운_신살_길신__홍란_,SHINSAL,25,0.08,-0.004378603508697776,0.004378603508697776,0.0,1.0,False
diff__tg10__sw_stem_shishen,TG10,25,0.08,-0.004293712481033868,0.004293712481033868,0.0,1.0,False
diff__tgxstrength__dw_pian_yin_weak,TGX_STRENGTH,25,0.08,0.003803942494525812,0.003803942494525812,1.0,1.0,False
diff__basic__dw_branch_辰,BASIC,25,0.08,-0.003732039938764336,0.003732039938764336,0.0,1.0,False
diff__yongshin__dw_yong_stem_fit,YONGSHIN,25,0.08,-0.0018792517632559558,0.0035436410118166763,0.5,0.5,False
diff__relation__sw_dw_branch_combine,RELATION,25,0.08,0.0034188788877332122,0.0034188788877332122,1.0,1.0,False
diff__basic__sw_stem_癸,BASIC,25,0.08,0.0033640204872935797,0.0033640204872935797,1.0,1.0,False
diff__shinsal__dw_신살_길신__반안_,SHINSAL,25,0.08,-0.003125545621520656,0.003125545621520656,0.0,1.0,False
diff__shinsal__dw_신살_길신__화개_,SHINSAL,25,0.08,-0.003125545621520656,0.003125545621520656,0.0,1.0,False
diff__tg10__dw_stem_pian_yin,TG10,25,0.08,-0.002924265855529456,0.002924265855529456,0.0,1.0,False
diff__shinsal__dw_신살_흉살__역마_,SHINSAL,25,0.08,0.002846032596376952,0.002846032596376952,1.0,1.0,False
diff__relation__dw_stem_combine_natal,RELATION,25,0.08,0.002492196066604628,0.002492196066604628,1.0,1.0,False
diff__tg10__dw_stem_pian_cai,TG10,25,0.08,-0.0024262841939410363,0.0024262841939410363,0.0,1.0,False
diff__basic__dw_branch_亥,BASIC,25,0.08,-0.00185158925611786,0.00185158925611786,0.0,1.0,False
diff__shinsal__dw_신살_길신__천을귀인_,SHINSAL,25,0.08,0.0017263840380077038,0.0017263840380077038,1.0,1.0,False
diff__unseong__dw_raw_score,UNSEONG,25,0.08,0.0016307564695788761,0.0016307564695788761,1.0,1.0,False
diff__basic__sw_yy_yang,BASIC,25,0.08,-0.0015664048131652918,0.0015664048131652918,0.0,1.0,False
diff__basic__sw_yy_yin,BASIC,25,0.08,0.0015664048131652918,0.0015664048131652918,1.0,1.0,False
diff__basic__dw_branch_戌,BASIC,25,0.04,-0.008679120547845415,0.008679120547845415,0.0,1.0,False
diff__tg10__sw_stem_pian_yin,TG10,25,0.04,0.008033444761119475,0.008033444761119475,1.0,1.0,False
diff__shinsal__dw_신살_흉살__겁살_,SHINSAL,25,0.04,0.007890419539193661,0.007890419539193661,1.0,1.0,False
diff__relation__dw_branch_harm_natal,RELATION,25,0.04,0.007680743594401864,0.007680743594401864,1.0,1.0,False
diff__tg10__sw_stem_shangguan,TG10,25,0.04,0.007284692518905296,0.007284692518905296,1.0,1.0,False
diff__unseong__dw_state_쇠,UNSEONG,25,0.04,-0.006871722309225532,0.006871722309225532,0.0,1.0,False
diff__basic__dw_stem_辛,BASIC,25,0.04,-0.006024604678202912,0.006024604678202912,0.0,1.0,False
diff__basic__dw_element_metal,BASIC,25,0.04,-0.005995579713985384,0.005995579713985384,0.0,1.0,False
diff__tg10__sw_branch_hidden_pian_cai,TG10,25,0.04,-0.00546859176741054,0.00546859176741054,0.0,1.0,False
diff__shinsal__dw_신살_흉살__양인_,SHINSAL,25,0.04,-0.004906620132190724,0.004906620132190724,0.0,1.0,False
diff__unseong__dw_state_제왕,UNSEONG,25,0.04,-0.004906620132190724,0.004906620132190724,0.0,1.0,False
diff__tgxstrength__sw_zheng_guan_weak,TGX_STRENGTH,25,0.04,0.00472933574726302,0.00472933574726302,1.0,1.0,False
diff__unseong__dw_state_묘,UNSEONG,25,0.04,-0.004701258529038612,0.004701258529038612,0.0,1.0,False
diff__tg10__sw_branch_hidden_jiecai,TG10,25,0.04,-0.004481951937014576,0.004481951937014576,0.0,1.0,False
diff__basic__dw_branch_子,BASIC,25,0.04,0.0038892676558355123,0.0038892676558355123,1.0,1.0,False
diff__tg10__dw_branch_hidden_pian_cai,TG10,25,0.04,-0.003674955842650808,0.003674955842650808,0.0,1.0,False
diff__yongshin__sw_gu_fit,YONGSHIN,25,0.04,-0.003662276537175616,0.003662276537175616,0.0,1.0,False
diff__basic__sw_branch_未,BASIC,25,0.04,0.003599065955005208,0.003599065955005208,1.0,1.0,False
diff__basic__dw_element_fire,BASIC,25,0.04,0.003323826731715472,0.003323826731715472,1.0,1.0,False
diff__yongshin__sw_supplies_unfav,YONGSHIN,25,0.04,0.0029338305163730837,0.0029338305163730837,1.0,1.0,False
diff__tgxstrength__sw_bijian_weak,TGX_STRENGTH,25,0.04,0.0028491067543778997,0.0028491067543778997,1.0,1.0,False
diff__tgxstrength__sw_pian_cai_weak,TGX_STRENGTH,25,0.04,0.002615577976665484,0.002615577976665484,1.0,1.0,False
diff__tg10__dw_stem_bijian,TG10,25,0.04,0.002551537795685664,0.002551537795685664,1.0,1.0,False
diff__basic__dw_element_wood,BASIC,25,0.04,-0.002515693631890992,0.002515693631890992,0.0,1.0,False
diff__basic__dw_branch_巳,BASIC,25,0.04,-0.00242394807123586,0.00242394807123586,0.0,1.0,False
diff__tg10__sw_branch_hidden_zheng_yin,TG10,25,0.04,-0.0023844939885891638,0.0023844939885891638,0.0,1.0,False
diff__relation__dw_stem_clash_natal,RELATION,25,0.04,0.0023009228698892283,0.0023009228698892283,1.0,1.0,False
diff__tgxstrength__dw_bijian_strong,TGX_STRENGTH,25,0.04,0.002102619847520804,0.002102619847520804,1.0,1.0,False
diff__basic__sw_stem_戊,BASIC,25,0.04,-0.00185886313319582,0.00185886313319582,0.0,1.0,False
diff__shinsal__dw_신살_흉살__도화_,SHINSAL,25,0.04,0.001705352032796812,0.001705352032796812,1.0,1.0,False
diff__basic__dw_stem_丁,BASIC,25,0.04,0.0016932765030034799,0.0016932765030034799,1.0,1.0,False
diff__shinsal__dw_신살_흉살__count,SHINSAL,25,0.04,0.001659894984291588,0.001659894984291588,1.0,1.0,False
diff__tg10__sw_branch_hidden_zheng_guan,TG10,25,0.04,0.0015057307044847679,0.0015057307044847679,1.0,1.0,False
diff__unseong__dw_score_x_strength,UNSEONG,25,0.04,0.001358254361659908,0.001358254361659908,1.0,1.0,False
diff__relation__sw_stem_combine_natal,RELATION,25,0.04,-0.001348552485938808,0.001348552485938808,0.0,1.0,False
diff__shinsal__dw_신살_길신__홍란_,SHINSAL,25,0.04,-0.0012751696804349161,0.0012751696804349161,0.0,1.0,False
diff__tg10__sw_branch_hidden_qi_sha,TG10,25,0.04,0.001200362870402212,0.001200362870402212,1.0,1.0,False
diff__basic__sw_stem_辛,BASIC,25,0.04,-0.001151150843350096,0.001151150843350096,0.0,1.0,False
diff__tgxstrength__sw_shangguan_strong,TGX_STRENGTH,25,0.04,0.001148005191474868,0.001148005191474868,1.0,1.0,False
diff__tengod__dw_group_output,TG5,25,0.04,-0.001087311414771984,0.001087311414771984,0.0,1.0,False
diff__basic__dw_stem_庚,BASIC,25,0.04,-0.001074469937527424,0.001074469937527424,0.0,1.0,False
diff__tgxstrength__sw_zheng_cai_strong,TGX_STRENGTH,25,0.04,0.000982944728256296,0.000982944728256296,1.0,1.0,False
diff__tg10__sw_stem_pian_cai,TG10,25,0.04,0.0009136860756909,0.0009136860756909,1.0,1.0,False
diff__tgxstrength__sw_jiecai_weak,TGX_STRENGTH,25,0.04,0.000870746981905088,0.000870746981905088,1.0,1.0,False
diff__tgxstrength__dw_zheng_yin_weak,TGX_STRENGTH,25,0.04,-0.000837958268211704,0.000837958268211704,0.0,1.0,False
diff__tengod__dw_group_wealth,TG5,25,0.04,0.000779322032377224,0.000779322032377224,1.0,1.0,False
diff__yongshin__dw_supplies_unfav,YONGSHIN,25,0.04,-0.000737384161126464,0.000737384161126464,0.0,1.0,False
diff__tengod__dw_group_peer,TG5,25,0.04,-0.000707387631166252,0.000707387631166252,0.0,1.0,False
diff__unseong__dw_state_관대,UNSEONG,25,0.04,0.000702946098459332,0.000702946098459332,1.0,1.0,False
diff__tgxstrength__dw_pian_cai_weak,TGX_STRENGTH,25,0.04,0.000597210438784732,0.000597210438784732,1.0,1.0,False
diff__tgxstrength__sw_jiecai_strong,TGX_STRENGTH,25,0.04,0.000576277126031952,0.000576277126031952,1.0,1.0,False
diff__basic__dw_branch_丑,BASIC,25,0.04,-0.000555097427909172,0.000555097427909172,0.0,1.0,False
diff__tgxstrength__dw_shangguan_weak,TGX_STRENGTH,25,0.04,0.000479683775219544,0.000479683775219544,1.0,1.0,False
diff__relation__dw_branch_punish_natal,RELATION,25,0.04,-0.000477889266425652,0.000477889266425652,0.0,1.0,False
diff__tgxstrength__dw_pian_yin_strong,TGX_STRENGTH,25,0.04,-0.000415345944594192,0.000415345944594192,0.0,1.0,False
diff__unseong__dw_state_양,UNSEONG,25,0.04,0.00034663552940123203,0.00034663552940123203,1.0,1.0,False
diff__tgxstrength__dw_shishen_weak,TGX_STRENGTH,25,0.04,-0.00033825207920386795,0.00033825207920386795,0.0,1.0,False
diff__relation__sw_branch_combine_natal,RELATION,25,0.04,0.000323572672671504,0.000323572672671504,1.0,1.0,False
diff__tgxstrength__sw_qi_sha_strong,TGX_STRENGTH,25,0.04,-0.000287830974233684,0.000287830974233684,0.0,1.0,False
diff__shinsal__sw_세운_신살_흉살__도화_,SHINSAL,25,0.04,0.000280148517472396,0.000280148517472396,1.0,1.0,False
diff__shinsal__sw_세운_신살_흉살__역마_,SHINSAL,25,0.04,-0.000268079214934788,0.000268079214934788,0.0,1.0,False
diff__tgxstrength__sw_zheng_cai_weak,TGX_STRENGTH,25,0.04,0.00015269093844212,0.00015269093844212,1.0,1.0,False
diff__relation__dw_branch_combine_natal,RELATION,25,0.04,0.00012863744841666398,0.00012863744841666398,1.0,1.0,False
diff__tgxstrength__dw_jiecai_weak,TGX_STRENGTH,25,0.04,-4.402875974328e-05,4.402875974328e-05,0.0,1.0,False
diff__shinsal__sw_세운_신살_흉살__겁살_,SHINSAL,25,0.04,-6.83609316352e-06,6.83609316352e-06,0.0,1.0,False
diff__basic__daymaster_element_earth,BASIC,25,0.0,0.0,0.0,,,False
diff__basic__daymaster_element_fire,BASIC,25,0.0,0.0,0.0,,,False
diff__basic__daymaster_element_metal,BASIC,25,0.0,0.0,0.0,,,False
diff__basic__daymaster_element_water,BASIC,25,0.0,0.0,0.0,,,False
diff__basic__daymaster_element_wood,BASIC,25,0.0,0.0,0.0,,,False
diff__basic__daymaster_stem_丁,BASIC,25,0.0,0.0,0.0,,,False
diff__basic__daymaster_stem_丙,BASIC,25,0.0,0.0,0.0,,,False
diff__basic__daymaster_stem_乙,BASIC,25,0.0,0.0,0.0,,,False
diff__basic__daymaster_stem_壬,BASIC,25,0.0,0.0,0.0,,,False
diff__basic__daymaster_stem_己,BASIC,25,0.0,0.0,0.0,,,False
diff__basic__daymaster_stem_庚,BASIC,25,0.0,0.0,0.0,,,False
diff__basic__daymaster_stem_戊,BASIC,25,0.0,0.0,0.0,,,False
diff__basic__daymaster_stem_甲,BASIC,25,0.0,0.0,0.0,,,False
diff__basic__daymaster_stem_癸,BASIC,25,0.0,0.0,0.0,,,False
diff__basic__daymaster_stem_辛,BASIC,25,0.0,0.0,0.0,,,False
diff__basic__dw_branch_寅,BASIC,25,0.0,0.0,0.0,,,False
diff__basic__dw_stem_丙,BASIC,25,0.0,0.0,0.0,,,False
diff__basic__dw_stem_戊,BASIC,25,0.0,0.0,0.0,,,False
diff__basic__dw_stem_甲,BASIC,25,0.0,0.0,0.0,,,False
diff__basic__dw_stem_癸,BASIC,25,0.0,0.0,0.0,,,False
diff__basic__dw_yy_yang,BASIC,25,0.0,0.0,0.0,,,False
diff__basic__dw_yy_yin,BASIC,25,0.0,0.0,0.0,,,False
diff__basic__natal_day_branch_丑,BASIC,25,0.0,0.0,0.0,,,False
diff__basic__natal_day_branch_亥,BASIC,25,0.0,0.0,0.0,,,False
diff__basic__natal_day_branch_午,BASIC,25,0.0,0.0,0.0,,,False
diff__basic__natal_day_branch_卯,BASIC,25,0.0,0.0,0.0,,,False
diff__basic__natal_day_branch_子,BASIC,25,0.0,0.0,0.0,,,False
diff__basic__natal_day_branch_寅,BASIC,25,0.0,0.0,0.0,,,False
diff__basic__natal_day_branch_巳,BASIC,25,0.0,0.0,0.0,,,False
diff__basic__natal_day_branch_戌,BASIC,25,0.0,0.0,0.0,,,False
diff__basic__natal_day_branch_未,BASIC,25,0.0,0.0,0.0,,,False
diff__basic__natal_day_branch_申,BASIC,25,0.0,0.0,0.0,,,False
diff__basic__natal_day_branch_辰,BASIC,25,0.0,0.0,0.0,,,False
diff__basic__natal_day_branch_酉,BASIC,25,0.0,0.0,0.0,,,False
diff__basic__natal_day_stem_丁,BASIC,25,0.0,0.0,0.0,,,False
diff__basic__natal_day_stem_丙,BASIC,25,0.0,0.0,0.0,,,False
diff__basic__natal_day_stem_乙,BASIC,25,0.0,0.0,0.0,,,False
diff__basic__natal_day_stem_壬,BASIC,25,0.0,0.0,0.0,,,False
diff__basic__natal_day_stem_己,BASIC,25,0.0,0.0,0.0,,,False
diff__basic__natal_day_stem_庚,BASIC,25,0.0,0.0,0.0,,,False
diff__basic__natal_day_stem_戊,BASIC,25,0.0,0.0,0.0,,,False
diff__basic__natal_day_stem_甲,BASIC,25,0.0,0.0,0.0,,,False
diff__basic__natal_day_stem_癸,BASIC,25,0.0,0.0,0.0,,,False
diff__basic__natal_day_stem_辛,BASIC,25,0.0,0.0,0.0,,,False
diff__basic__natal_element_count_earth,BASIC,25,0.0,0.0,0.0,,,False
diff__basic__natal_element_count_fire,BASIC,25,0.0,0.0,0.0,,,False
diff__basic__natal_element_count_metal,BASIC,25,0.0,0.0,0.0,,,False
diff__basic__natal_element_count_water,BASIC,25,0.0,0.0,0.0,,,False
diff__basic__natal_element_count_wood,BASIC,25,0.0,0.0,0.0,,,False
diff__basic__natal_hour_branch_丑,BASIC,25,0.0,0.0,0.0,,,False
diff__basic__natal_hour_branch_亥,BASIC,25,0.0,0.0,0.0,,,False
diff__basic__natal_hour_branch_午,BASIC,25,0.0,0.0,0.0,,,False
diff__basic__natal_hour_branch_卯,BASIC,25,0.0,0.0,0.0,,,False
diff__basic__natal_hour_branch_子,BASIC,25,0.0,0.0,0.0,,,False
diff__basic__natal_hour_branch_寅,BASIC,25,0.0,0.0,0.0,,,False
diff__basic__natal_hour_branch_巳,BASIC,25,0.0,0.0,0.0,,,False
diff__basic__natal_hour_branch_戌,BASIC,25,0.0,0.0,0.0,,,False
diff__basic__natal_hour_branch_未,BASIC,25,0.0,0.0,0.0,,,False
diff__basic__natal_hour_branch_申,BASIC,25,0.0,0.0,0.0,,,False
diff__basic__natal_hour_branch_辰,BASIC,25,0.0,0.0,0.0,,,False
diff__basic__natal_hour_branch_酉,BASIC,25,0.0,0.0,0.0,,,False
diff__basic__natal_hour_stem_丁,BASIC,25,0.0,0.0,0.0,,,False
diff__basic__natal_hour_stem_丙,BASIC,25,0.0,0.0,0.0,,,False
diff__basic__natal_hour_stem_乙,BASIC,25,0.0,0.0,0.0,,,False
diff__basic__natal_hour_stem_壬,BASIC,25,0.0,0.0,0.0,,,False
diff__basic__natal_hour_stem_己,BASIC,25,0.0,0.0,0.0,,,False
diff__basic__natal_hour_stem_庚,BASIC,25,0.0,0.0,0.0,,,False
diff__basic__natal_hour_stem_戊,BASIC,25,0.0,0.0,0.0,,,False
diff__basic__natal_hour_stem_甲,BASIC,25,0.0,0.0,0.0,,,False
diff__basic__natal_hour_stem_癸,BASIC,25,0.0,0.0,0.0,,,False
diff__basic__natal_hour_stem_辛,BASIC,25,0.0,0.0,0.0,,,False
diff__basic__natal_month_branch_丑,BASIC,25,0.0,0.0,0.0,,,False
diff__basic__natal_month_branch_亥,BASIC,25,0.0,0.0,0.0,,,False
diff__basic__natal_month_branch_午,BASIC,25,0.0,0.0,0.0,,,False
diff__basic__natal_month_branch_卯,BASIC,25,0.0,0.0,0.0,,,False
diff__basic__natal_month_branch_子,BASIC,25,0.0,0.0,0.0,,,False
diff__basic__natal_month_branch_寅,BASIC,25,0.0,0.0,0.0,,,False
diff__basic__natal_month_branch_巳,BASIC,25,0.0,0.0,0.0,,,False
diff__basic__natal_month_branch_戌,BASIC,25,0.0,0.0,0.0,,,False
diff__basic__natal_month_branch_未,BASIC,25,0.0,0.0,0.0,,,False
diff__basic__natal_month_branch_申,BASIC,25,0.0,0.0,0.0,,,False
diff__basic__natal_month_branch_辰,BASIC,25,0.0,0.0,0.0,,,False
diff__basic__natal_month_branch_酉,BASIC,25,0.0,0.0,0.0,,,False
diff__basic__natal_month_stem_丁,BASIC,25,0.0,0.0,0.0,,,False
diff__basic__natal_month_stem_丙,BASIC,25,0.0,0.0,0.0,,,False
diff__basic__natal_month_stem_乙,BASIC,25,0.0,0.0,0.0,,,False
diff__basic__natal_month_stem_壬,BASIC,25,0.0,0.0,0.0,,,False
diff__basic__natal_month_stem_己,BASIC,25,0.0,0.0,0.0,,,False
diff__basic__natal_month_stem_庚,BASIC,25,0.0,0.0,0.0,,,False
diff__basic__natal_month_stem_戊,BASIC,25,0.0,0.0,0.0,,,False
diff__basic__natal_month_stem_甲,BASIC,25,0.0,0.0,0.0,,,False
diff__basic__natal_month_stem_癸,BASIC,25,0.0,0.0,0.0,,,False
diff__basic__natal_month_stem_辛,BASIC,25,0.0,0.0,0.0,,,False
diff__basic__natal_year_branch_丑,BASIC,25,0.0,0.0,0.0,,,False
diff__basic__natal_year_branch_亥,BASIC,25,0.0,0.0,0.0,,,False
diff__basic__natal_year_branch_午,BASIC,25,0.0,0.0,0.0,,,False
diff__basic__natal_year_branch_卯,BASIC,25,0.0,0.0,0.0,,,False
diff__basic__natal_year_branch_子,BASIC,25,0.0,0.0,0.0,,,False
diff__basic__natal_year_branch_寅,BASIC,25,0.0,0.0,0.0,,,False
diff__basic__natal_year_branch_巳,BASIC,25,0.0,0.0,0.0,,,False
diff__basic__natal_year_branch_戌,BASIC,25,0.0,0.0,0.0,,,False
diff__basic__natal_year_branch_未,BASIC,25,0.0,0.0,0.0,,,False
diff__basic__natal_year_branch_申,BASIC,25,0.0,0.0,0.0,,,False
diff__basic__natal_year_branch_辰,BASIC,25,0.0,0.0,0.0,,,False
diff__basic__natal_year_branch_酉,BASIC,25,0.0,0.0,0.0,,,False
diff__basic__natal_year_stem_丁,BASIC,25,0.0,0.0,0.0,,,False
diff__basic__natal_year_stem_丙,BASIC,25,0.0,0.0,0.0,,,False
diff__basic__natal_year_stem_乙,BASIC,25,0.0,0.0,0.0,,,False
diff__basic__natal_year_stem_壬,BASIC,25,0.0,0.0,0.0,,,False
diff__basic__natal_year_stem_己,BASIC,25,0.0,0.0,0.0,,,False
diff__basic__natal_year_stem_庚,BASIC,25,0.0,0.0,0.0,,,False
diff__basic__natal_year_stem_戊,BASIC,25,0.0,0.0,0.0,,,False
diff__basic__natal_year_stem_甲,BASIC,25,0.0,0.0,0.0,,,False
diff__basic__natal_year_stem_癸,BASIC,25,0.0,0.0,0.0,,,False
diff__basic__natal_year_stem_辛,BASIC,25,0.0,0.0,0.0,,,False
diff__basic__sw_branch_卯,BASIC,25,0.0,0.0,0.0,,,False
diff__basic__sw_branch_申,BASIC,25,0.0,0.0,0.0,,,False
diff__basic__sw_element_water,BASIC,25,0.0,0.0,0.0,,,False
diff__basic__sw_stem_丙,BASIC,25,0.0,0.0,0.0,,,False
diff__basic__sw_stem_乙,BASIC,25,0.0,0.0,0.0,,,False
diff__engine__strength_극약,ENGINE,25,0.0,0.0,0.0,,,False
diff__engine__strength_극왕,ENGINE,25,0.0,0.0,0.0,,,False
diff__engine__strength_신강,ENGINE,25,0.0,0.0,0.0,,,False
diff__engine__strength_신약,ENGINE,25,0.0,0.0,0.0,,,False
diff__engine__strength_중화신강,ENGINE,25,0.0,0.0,0.0,,,False
diff__engine__strength_중화신약,ENGINE,25,0.0,0.0,0.0,,,False
diff__engine__strength_태강,ENGINE,25,0.0,0.0,0.0,,,False
diff__engine__strength_태약,ENGINE,25,0.0,0.0,0.0,,,False
diff__hidden__natal_element_count_earth,HIDDEN,25,0.0,0.0,0.0,,,False
diff__hidden__natal_element_count_fire,HIDDEN,25,0.0,0.0,0.0,,,False
diff__hidden__natal_element_count_metal,HIDDEN,25,0.0,0.0,0.0,,,False
diff__hidden__natal_element_count_water,HIDDEN,25,0.0,0.0,0.0,,,False
diff__hidden__natal_element_count_wood,HIDDEN,25,0.0,0.0,0.0,,,False
diff__hidden__natal_tg_count_officer,HIDDEN,25,0.0,0.0,0.0,,,False
diff__hidden__natal_tg_count_output,HIDDEN,25,0.0,0.0,0.0,,,False
diff__hidden__natal_tg_count_peer,HIDDEN,25,0.0,0.0,0.0,,,False
diff__hidden__natal_tg_count_resource,HIDDEN,25,0.0,0.0,0.0,,,False
diff__hidden__natal_tg_count_wealth,HIDDEN,25,0.0,0.0,0.0,,,False
diff__relation__dw_branch_break_natal,RELATION,25,0.0,0.0,0.0,,,False
diff__relation__sw_dw_branch_break,RELATION,25,0.0,0.0,0.0,,,False
diff__relation__sw_dw_stem_combine,RELATION,25,0.0,0.0,0.0,,,False
diff__relation__sw_stem_clash_natal,RELATION,25,0.0,0.0,0.0,,,False
diff__shinsal__dw_gongmang_is_gongmang,SHINSAL,25,0.0,0.0,0.0,,,False
diff__shinsal__dw_gongmang_rel,SHINSAL,25,0.0,0.0,0.0,,,False
diff__shinsal__dw_gongmang_trine,SHINSAL,25,0.0,0.0,0.0,,,False
diff__shinsal__dw_gongmang_yfit_branch,SHINSAL,25,0.0,0.0,0.0,,,False
diff__shinsal__dw_indicators_귀인력,SHINSAL,25,0.0,0.0,0.0,,,False
diff__shinsal__dw_noble_power,SHINSAL,25,0.0,0.0,0.0,,,False
diff__shinsal__dw_신살_흉살__망신_,SHINSAL,25,0.0,0.0,0.0,,,False
diff__shinsal__sw_indicators_귀인력,SHINSAL,25,0.0,0.0,0.0,,,False
diff__shinsal__sw_세운_신살_길신__록신_,SHINSAL,25,0.0,0.0,0.0,,,False
diff__shinsal__sw_세운_신살_길신__장성_,SHINSAL,25,0.0,0.0,0.0,,,False
diff__shinsal__sw_세운_신살_흉살__count,SHINSAL,25,0.0,0.0,0.0,,,False
diff__tengod__dw_group_officer,TG5,25,0.0,0.0,0.0,,,False
diff__tengod__dw_group_resource,TG5,25,0.0,0.0,0.0,,,False
diff__tengod__sw_group_officer,TG5,25,0.0,0.0,0.0,,,False
diff__tengod__sw_group_output,TG5,25,0.0,0.0,0.0,,,False
diff__tengod__sw_group_resource,TG5,25,0.0,0.0,0.0,,,False
diff__tengod__sw_group_wealth,TG5,25,0.0,0.0,0.0,,,False
diff__tg10__dw_branch_hidden_jiecai,TG10,25,0.0,0.0,0.0,,,False
diff__tg10__dw_branch_hidden_qi_sha,TG10,25,0.0,0.0,0.0,,,False
diff__tg10__dw_branch_hidden_zheng_yin,TG10,25,0.0,0.0,0.0,,,False
diff__tg10__dw_stem_jiecai,TG10,25,0.0,0.0,0.0,,,False
diff__tg10__dw_stem_qi_sha,TG10,25,0.0,0.0,0.0,,,False
diff__tg10__dw_stem_zheng_guan,TG10,25,0.0,0.0,0.0,,,False
diff__tg10__sw_branch_hidden_bijian,TG10,25,0.0,0.0,0.0,,,False
diff__tg10__sw_branch_hidden_pian_yin,TG10,25,0.0,0.0,0.0,,,False
diff__tg10__sw_stem_bijian,TG10,25,0.0,0.0,0.0,,,False
diff__tg10__sw_stem_zheng_cai,TG10,25,0.0,0.0,0.0,,,False
diff__tgxstrength__dw_bijian_neutral,TGX_STRENGTH,25,0.0,0.0,0.0,,,False
diff__tgxstrength__dw_jiecai_neutral,TGX_STRENGTH,25,0.0,0.0,0.0,,,False
diff__tgxstrength__dw_jiecai_strong,TGX_STRENGTH,25,0.0,0.0,0.0,,,False
diff__tgxstrength__dw_pian_cai_neutral,TGX_STRENGTH,25,0.0,0.0,0.0,,,False
diff__tgxstrength__dw_pian_yin_neutral,TGX_STRENGTH,25,0.0,0.0,0.0,,,False
diff__tgxstrength__dw_qi_sha_neutral,TGX_STRENGTH,25,0.0,0.0,0.0,,,False
diff__tgxstrength__dw_qi_sha_strong,TGX_STRENGTH,25,0.0,0.0,0.0,,,False
diff__tgxstrength__dw_qi_sha_weak,TGX_STRENGTH,25,0.0,0.0,0.0,,,False
diff__tgxstrength__dw_shangguan_neutral,TGX_STRENGTH,25,0.0,0.0,0.0,,,False
diff__tgxstrength__dw_shishen_neutral,TGX_STRENGTH,25,0.0,0.0,0.0,,,False
diff__tgxstrength__dw_zheng_cai_neutral,TGX_STRENGTH,25,0.0,0.0,0.0,,,False
diff__tgxstrength__dw_zheng_guan_neutral,TGX_STRENGTH,25,0.0,0.0,0.0,,,False
diff__tgxstrength__dw_zheng_guan_strong,TGX_STRENGTH,25,0.0,0.0,0.0,,,False
diff__tgxstrength__dw_zheng_yin_neutral,TGX_STRENGTH,25,0.0,0.0,0.0,,,False
diff__tgxstrength__sw_bijian_neutral,TGX_STRENGTH,25,0.0,0.0,0.0,,,False
diff__tgxstrength__sw_jiecai_neutral,TGX_STRENGTH,25,0.0,0.0,0.0,,,False
diff__tgxstrength__sw_pian_cai_neutral,TGX_STRENGTH,25,0.0,0.0,0.0,,,False
diff__tgxstrength__sw_pian_cai_strong,TGX_STRENGTH,25,0.0,0.0,0.0,,,False
diff__tgxstrength__sw_pian_yin_neutral,TGX_STRENGTH,25,0.0,0.0,0.0,,,False
diff__tgxstrength__sw_qi_sha_neutral,TGX_STRENGTH,25,0.0,0.0,0.0,,,False
diff__tgxstrength__sw_shangguan_neutral,TGX_STRENGTH,25,0.0,0.0,0.0,,,False
diff__tgxstrength__sw_shishen_neutral,TGX_STRENGTH,25,0.0,0.0,0.0,,,False
diff__tgxstrength__sw_zheng_cai_neutral,TGX_STRENGTH,25,0.0,0.0,0.0,,,False
diff__tgxstrength__sw_zheng_guan_neutral,TGX_STRENGTH,25,0.0,0.0,0.0,,,False
diff__tgxstrength__sw_zheng_yin_neutral,TGX_STRENGTH,25,0.0,0.0,0.0,,,False
diff__unseong__dw_state_장생,UNSEONG,25,0.0,0.0,0.0,,,False
diff__unseong__dw_state_태,UNSEONG,25,0.0,0.0,0.0,,,False
diff__unseong__sw_state_건록,UNSEONG,25,0.0,0.0,0.0,,,False
diff__unseong__sw_state_관대,UNSEONG,25,0.0,0.0,0.0,,,False
diff__unseong__sw_state_태,UNSEONG,25,0.0,0.0,0.0,,,False
diff__yongshin__dw_yong_branch_fit,YONGSHIN,25,0.0,0.0,0.0,,,False
diff__yongshin__dw_yong_fit,YONGSHIN,25,0.0,0.0,0.0,,,False
diff__yongshin__sw_supplies_fav,YONGSHIN,25,0.0,0.0,0.0,,,False
diff__yongshin__sw_yong_branch_fit,YONGSHIN,25,0.0,0.0,0.0,,,False
