feature_set,repeat,n_subjects,macro_pairwise,subject_hit_rate,median_sep
TENGOD,0,23,0.562232574189096,0.5652173913043478,0.2882064560158277
TENGOD,1,23,0.5590924775707385,0.6521739130434783,0.5391266969983325
TENGOD,2,23,0.6293823326432022,0.6086956521739131,0.5759837399022671
TENGOD,3,23,0.6177881297446515,0.6956521739130435,0.5636263765911971
TENGOD,4,23,0.6532953761214632,0.6956521739130435,0.5039168066023207
TENGOD,5,23,0.5420117322291235,0.5652173913043478,0.3454370811690438
TENGOD,6,23,0.520928226363009,0.5217391304347826,0.19593252730015387
TENGOD,7,23,0.622135955831608,0.6521739130434783,0.5910176134878795
TENGOD,8,23,0.506400966183575,0.6086956521739131,0.13156569822002018
TENGOD,9,23,0.5803485162180814,0.5652173913043478,0.06969999270905203
TENGOD,10,23,0.5651311249137336,0.5217391304347826,0.2141918140072796
TENGOD,11,23,0.5907349896480332,0.6521739130434783,0.43938225211378723
TENGOD,12,23,0.6139233954451345,0.6086956521739131,0.23536422166954268
TENGOD,13,23,0.6281746031746033,0.6521739130434783,0.5898303219337897
TENGOD,14,23,0.6064354727398206,0.6521739130434783,0.3939418830816236
TENGOD,15,23,0.6243098688750862,0.6086956521739131,0.5526068994262476
TENGOD,16,23,0.5982229123533471,0.6086956521739131,0.2225599328095237
TENGOD,17,23,0.5762422360248448,0.6086956521739131,0.2934435743145711
TENGOD,18,23,0.620928226363009,0.6956521739130435,0.6247403502545986
TENGOD,19,23,0.6513630089717047,0.7391304347826086,0.6857948597359693
TENGOD,20,23,0.6426673567977916,0.6521739130434783,0.6084570052696229
TENGOD,21,23,0.6221359558316081,0.6521739130434783,0.6199057315171969
TENGOD,22,23,0.5542615596963423,0.5652173913043478,0.4673738602973112
TENGOD,23,23,0.56972049689441,0.6956521739130435,0.34880056602867615
TENGOD,24,23,0.6018461007591442,0.6086956521739131,0.13547408944903994
TENGOD,25,23,0.5639233954451346,0.6086956521739131,0.45507893981310044
TENGOD,26,23,0.6450828157349897,0.6956521739130435,0.4723317066989622
TENGOD,27,23,0.6414596273291926,0.6521739130434783,0.3561647636891494
TENGOD,28,23,0.5938750862663906,0.6521739130434783,0.2267693032429712
TENGOD,29,23,0.612232574189096,0.6521739130434783,0.39390949697753486
TENGOD,30,23,0.6117494824016563,0.5652173913043478,0.44208981275476045
TENGOD,31,23,0.6110248447204969,0.6956521739130435,0.5063639936724333
TENGOD,32,23,0.5392857142857143,0.5652173913043478,0.06888674798066524
TENGOD,33,23,0.6016045548654244,0.6521739130434783,0.564818140991669
TENGOD,34,23,0.627208419599724,0.6521739130434783,0.7966960328480424
TENGOD,35,23,0.61972049689441,0.6086956521739131,0.7086178831220854
TENGOD,36,23,0.6281746031746033,0.6086956521739131,0.6108457334301082
TENGOD,37,23,0.6098861283643892,0.6521739130434783,0.6277000588639752
TENGOD,38,23,0.6499137336093859,0.6521739130434783,0.5186100849444877
TENGOD,39,23,0.6412180814354729,0.6956521739130435,0.6630530987461472
TENGOD,40,23,0.6223775017253278,0.6086956521739131,0.5240406713083194
TENGOD,41,23,0.5810731538992409,0.6521739130434783,0.4678583774741375
TENGOD,42,23,0.5921842650103519,0.6521739130434783,0.44131199395465526
TENGOD,43,23,0.5885610766045549,0.5652173913043478,0.4200540467476648
TENGOD,44,23,0.6112663906142167,0.6521739130434783,0.4019372803224941
TENGOD,45,23,0.5822808833678399,0.6086956521739131,0.3675725752269533
TENGOD,46,23,0.6390441683919945,0.6521739130434783,0.5190913184024133
TENGOD,47,23,0.5955659075224293,0.6086956521739131,0.4495909731080934
TENGOD,48,23,0.6088509316770186,0.6521739130434783,0.5511057757478898
TENGOD,49,23,0.618512767425811,0.6521739130434783,0.6415658268893742
TENGOD,50,23,0.653536922015183,0.6521739130434783,0.6833090370884681
TENGOD,51,23,0.5656142167011732,0.6086956521739131,0.4290102292358115
TENGOD,52,23,0.6431504485852313,0.7391304347826086,0.42814784764006975
TENGOD,53,23,0.6016735679779158,0.6086956521739131,0.6438375987766572
TENGOD,54,23,0.6274499654934438,0.6956521739130435,0.5507378371776358
TENGOD,55,23,0.6438750862663907,0.6956521739130435,0.6145920364754878
TENGOD,56,23,0.587111801242236,0.6521739130434783,0.26230181192108415
TENGOD,57,23,0.5627156659765356,0.6521739130434783,0.2778168547643267
TENGOD,58,23,0.5832470669427192,0.7391304347826086,0.43617448389609836
TENGOD,59,23,0.5612663906142167,0.6086956521739131,0.34893338705179056
TENGOD,60,23,0.5618184955141478,0.6521739130434783,0.4443383647017083
TENGOD,61,23,0.6402518978605936,0.6521739130434783,0.6148581680922932
TENGOD,62,23,0.6438750862663907,0.6956521739130435,0.6939699856149135
TENGOD,63,23,0.6173050379572119,0.6521739130434783,0.5854026047131423
TENGOD,64,23,0.631073153899241,0.6956521739130435,0.5531051788406607
TENGOD,65,23,0.5900103519668737,0.6086956521739131,0.3037599371249947
TENGOD,66,23,0.6322808833678399,0.6956521739130435,0.7016688103319554
TENGOD,67,23,0.6426673567977916,0.6521739130434783,0.5788660822336109
TENGOD,68,23,0.6426673567977916,0.6521739130434783,0.6541266484208358
TENGOD,69,23,0.600879917184265,0.5652173913043478,0.33867884531182596
TENGOD,70,23,0.6189958592132505,0.6956521739130435,0.5069737645823951
TENGOD,71,23,0.5974637681159422,0.6521739130434783,0.3591040901887464
TENGOD,72,23,0.6103002070393374,0.6956521739130435,0.5792774011452351
TENGOD,73,23,0.6173050379572119,0.6086956521739131,0.46832452302679384
TENGOD,74,23,0.5474982746721878,0.6521739130434783,0.35835929362627017
TENGOD,75,23,0.6281746031746033,0.6956521739130435,0.5333161013422069
TENGOD,76,23,0.6247929606625259,0.6086956521739131,0.6243121232534428
TENGOD,77,23,0.626000690131125,0.6521739130434783,0.5158247841126626
TENGOD,78,23,0.5090924775707384,0.6086956521739131,0.4491709659559002
TENGOD,79,23,0.6076432022084196,0.6521739130434783,0.20099372427115936
TENGOD,80,23,0.6288992408557627,0.6956521739130435,0.2568679274617043
TENGOD,81,23,0.5933919944789511,0.6521739130434783,0.46401502391560956
TENGOD,82,23,0.6426673567977916,0.7391304347826086,0.5900409142446262
TENGOD,83,23,0.5801069703243616,0.6521739130434783,0.33481892653203266
TENGOD,84,23,0.6001552795031057,0.6956521739130435,0.41254214295276753
TENGOD,85,23,0.6281746031746033,0.6521739130434783,0.3197972324749683
TENGOD,86,23,0.6272084195997241,0.6956521739130435,0.39627101243730395
TENGOD,87,23,0.5991890959282263,0.6086956521739131,0.39999256354818513
TENGOD,88,23,0.6284161490683231,0.6521739130434783,0.5542008603836261
TENGOD,89,23,0.6088509316770186,0.7391304347826086,0.5143016963609065
TENGOD,90,23,0.620928226363009,0.6956521739130435,0.324632939601906
TENGOD,91,23,0.6136818495514148,0.6086956521739131,0.6484482532354818
TENGOD,92,23,0.5970151828847481,0.6521739130434783,0.4589487992902968
TENGOD,93,23,0.5944271911663216,0.6086956521739131,0.4547895761768903
TENGOD,94,23,0.5948412698412698,0.5652173913043478,0.648506992070278
TENGOD,95,23,0.6453243616287095,0.6956521739130435,0.4009832463111822
TENGOD,96,23,0.6366287094547964,0.7391304347826086,0.5550403251507006
TENGOD,97,23,0.5892857142857143,0.5217391304347826,0.05537760508555223
TENGOD,98,23,0.620928226363009,0.6086956521739131,0.642963297197024
TENGOD,99,23,0.6127156659765355,0.6521739130434783,0.5829906101858566
SHINSAL_ALL,0,23,0.5890786749482402,0.6086956521739131,0.6036226234285582
SHINSAL_ALL,1,23,0.5505693581780539,0.6086956521739131,0.16161077669107726
SHINSAL_ALL,2,23,0.6253450655624568,0.5652173913043478,0.3641335034093265
SHINSAL_ALL,3,23,0.6698930296756384,0.6956521739130435,0.5074731794076004
SHINSAL_ALL,4,23,0.5525707384403037,0.5217391304347826,0.2610726754543844
SHINSAL_ALL,5,23,0.5394582470669427,0.5652173913043478,1.0362151980163539
SHINSAL_ALL,6,23,0.49477225672877845,0.5217391304347826,0.028550661663519605
SHINSAL_ALL,7,23,0.5652346445824707,0.5652173913043478,0.44316486785070097
SHINSAL_ALL,8,23,0.6131987577639751,0.5217391304347826,0.28972262638750834
SHINSAL_ALL,9,23,0.5866287094547965,0.5217391304347826,0.272829043807846
SHINSAL_ALL,10,23,0.534696342305038,0.5217391304347826,0.15767983425343024
SHINSAL_ALL,11,23,0.5817287784679089,0.6086956521739131,0.26900885941530817
SHINSAL_ALL,12,23,0.5954968944099379,0.6086956521739131,0.2960998367324052
SHINSAL_ALL,13,23,0.6168219461697724,0.6086956521739131,0.4316947840321106
SHINSAL_ALL,14,23,0.38010697032436164,0.391304347826087,-0.4210839362886425
SHINSAL_ALL,15,23,0.6419772256728778,0.5652173913043478,0.33413950671054415
SHINSAL_ALL,16,23,0.6173050379572119,0.5652173913043478,0.07633309306658731
SHINSAL_ALL,17,23,0.559023464458247,0.5217391304347826,0.3037346730392869
SHINSAL_ALL,18,23,0.6111973775017253,0.5652173913043478,0.3663895589978843
SHINSAL_ALL,19,23,0.5750345065562458,0.4782608695652174,-0.048953156300827416
SHINSAL_ALL,20,23,0.5552277432712216,0.5217391304347826,0.21548923623395666
SHINSAL_ALL,21,23,0.6143719806763285,0.6086956521739131,0.5235972214639784
SHINSAL_ALL,22,23,0.580072463768116,0.5217391304347826,0.706335191299698
SHINSAL_ALL,23,23,0.6466356107660456,0.5652173913043478,0.21014012895804868
SHINSAL_ALL,24,23,0.6459799861973775,0.7391304347826086,0.7958535943350871
SHINSAL_ALL,25,23,0.6822118702553486,0.6956521739130435,0.7109384698971652
SHINSAL_ALL,26,23,0.5574706694271913,0.5217391304347826,0.028522992792215263
SHINSAL_ALL,27,23,0.5764147688060731,0.6086956521739131,0.25306983140070294
SHINSAL_ALL,28,23,0.5447722567287785,0.5652173913043478,0.21903308408225897
SHINSAL_ALL,29,23,0.5471877156659766,0.5217391304347826,0.008941176467343936
SHINSAL_ALL,30,23,0.5402518978605936,0.6086956521739131,0.33591405254737516
SHINSAL_ALL,31,23,0.5650621118012422,0.5652173913043478,0.34187842090607123
SHINSAL_ALL,32,23,0.5102311939268462,0.5217391304347826,0.12753243420475613
SHINSAL_ALL,33,23,0.6518115942028986,0.6086956521739131,0.5620110103864295
SHINSAL_ALL,34,23,0.6360766045548655,0.6521739130434783,0.46888466362714354
SHINSAL_ALL,35,23,0.6008109040717736,0.5652173913043478,0.15921670848046077
SHINSAL_ALL,36,23,0.6208592132505176,0.6086956521739131,0.2916598111352296
SHINSAL_ALL,37,23,0.6265182884748102,0.6521739130434783,0.43752163099834096
SHINSAL_ALL,38,23,0.5752760524499656,0.4782608695652174,-0.00602201076076625
SHINSAL_ALL,39,23,0.622688060731539,0.5652173913043478,0.49065633814617193
SHINSAL_ALL,40,23,0.5425983436853002,0.4782608695652174,-0.11339109310707585
SHINSAL_ALL,41,23,0.5778640441683921,0.5652173913043478,0.07793495292333219
SHINSAL_ALL,42,23,0.5330055210489995,0.4782608695652174,-0.16699556767081347
SHINSAL_ALL,43,23,0.5541925465838509,0.6086956521739131,0.37616763401305087
SHINSAL_ALL,44,23,0.62148033126294,0.6521739130434783,0.5726758534414067
SHINSAL_ALL,45,23,0.5575741890959283,0.5652173913043478,0.13551961643033095
SHINSAL_ALL,46,23,0.5685127674258109,0.5217391304347826,0.04474021459981614
SHINSAL_ALL,47,23,0.5394582470669427,0.5217391304347826,0.04568449847389289
SHINSAL_ALL,48,23,0.6046066252587992,0.6086956521739131,0.16555272262750975
SHINSAL_ALL,49,23,0.6030538302277433,0.6521739130434783,0.2881417490731333
SHINSAL_ALL,50,23,0.5018806073153899,0.5217391304347826,0.46775674981514825
SHINSAL_ALL,51,23,0.5571256038647343,0.5652173913043478,0.37361027217803766
SHINSAL_ALL,52,23,0.5859385783298826,0.6086956521739131,0.4914880999293869
SHINSAL_ALL,53,23,0.6350414078674949,0.782608695652174,0.42241650591311064
SHINSAL_ALL,54,23,0.6254830917874395,0.6521739130434783,0.4220080433878364
SHINSAL_ALL,55,23,0.650672877846791,0.6086956521739131,0.5746044744987913
SHINSAL_ALL,56,23,0.6646825396825397,0.6521739130434783,0.8982231238819942
SHINSAL_ALL,57,23,0.5677191166321601,0.5652173913043478,0.14764416254514146
SHINSAL_ALL,58,23,0.5985679779158041,0.5652173913043478,0.38945026042113184
SHINSAL_ALL,59,23,0.6336956521739131,0.6521739130434783,0.23051857132965736
SHINSAL_ALL,60,23,0.5438750862663907,0.5217391304347826,0.23500907601062515
SHINSAL_ALL,61,23,0.6367322291235336,0.6086956521739131,0.9447224240676455
SHINSAL_ALL,62,23,0.542184265010352,0.4782608695652174,-0.14481325501628817
SHINSAL_ALL,63,23,0.6006383712905451,0.6521739130434783,0.5616122964762074
SHINSAL_ALL,64,23,0.47013457556935817,0.4782608695652174,-0.032381588666048344
SHINSAL_ALL,65,23,0.5284161490683229,0.6086956521739131,0.3398777000468183
SHINSAL_ALL,66,23,0.606504485852312,0.5652173913043478,0.08667845129841467
SHINSAL_ALL,67,23,0.6614389233954452,0.7391304347826086,0.8647036525364395
SHINSAL_ALL,68,23,0.6130607315389924,0.5652173913043478,0.4082450131934623
SHINSAL_ALL,69,23,0.6390786749482402,0.6086956521739131,0.7072638637382269
SHINSAL_ALL,70,23,0.5889751552795032,0.7391304347826086,0.5400818145231732
SHINSAL_ALL,71,23,0.6196514837819186,0.6086956521739131,0.3439520457719958
SHINSAL_ALL,72,23,0.5483264320220842,0.5217391304347826,0.34077038117625236
SHINSAL_ALL,73,23,0.5669944789510007,0.5217391304347826,0.03857938466949662
SHINSAL_ALL,74,23,0.5414596273291926,0.5652173913043478,0.28034842856203834
SHINSAL_ALL,75,23,0.5679951690821256,0.6086956521739131,0.5384984796614702
SHINSAL_ALL,76,23,0.5937370600414079,0.6086956521739131,0.6705622816645249
SHINSAL_ALL,77,23,0.6655452035886819,0.6956521739130435,0.8573998355562469
SHINSAL_ALL,78,23,0.5471877156659765,0.5217391304347826,0.0153659447916219
SHINSAL_ALL,79,23,0.5603692201518289,0.5652173913043478,0.5552820366386282
SHINSAL_ALL,80,23,0.5950828157349897,0.6521739130434783,0.63110783325466
SHINSAL_ALL,81,23,0.601086956521739,0.5217391304347826,0.0507058508578031
SHINSAL_ALL,82,23,0.6847998619737751,0.7391304347826086,0.8087919165050739
SHINSAL_ALL,83,23,0.5137508626639062,0.43478260869565216,-0.14188093629475507
SHINSAL_ALL,84,23,0.5631297446514837,0.5217391304347826,0.308857967694367
SHINSAL_ALL,85,23,0.6056418219461698,0.6521739130434783,0.5956837933398722
SHINSAL_ALL,86,23,0.6240683229813665,0.5652173913043478,0.9547760452000773
SHINSAL_ALL,87,23,0.5247239475500345,0.6086956521739131,0.4648584669667546
SHINSAL_ALL,88,23,0.581038647342995,0.6956521739130435,0.7285129452201202
SHINSAL_ALL,89,23,0.5863181504485853,0.6086956521739131,0.23701294505260462
SHINSAL_ALL,90,23,0.6029848171152519,0.4782608695652174,-0.011131211325990265
SHINSAL_ALL,91,23,0.5317287784679089,0.5217391304347826,0.16790870779455602
SHINSAL_ALL,92,23,0.47551759834368534,0.34782608695652173,-0.36005274344218563
SHINSAL_ALL,93,23,0.6263457556935819,0.6956521739130435,0.6845827832774223
SHINSAL_ALL,94,23,0.5810041407867494,0.6086956521739131,0.15532017640299323
SHINSAL_ALL,95,23,0.6841442374051069,0.6956521739130435,0.7968768448700914
SHINSAL_ALL,96,23,0.6102311939268461,0.6521739130434783,0.42891714076749565
SHINSAL_ALL,97,23,0.6709627329192547,0.782608695652174,0.958335026403919
SHINSAL_ALL,98,23,0.6419427191166321,0.6956521739130435,0.5921963035138083
SHINSAL_ALL,99,23,0.5802795031055901,0.5217391304347826,0.22538590329338248
SHINSAL_GONGMANG,0,23,0.4982919254658385,0.08695652173913043,0.0
SHINSAL_GONGMANG,1,23,0.4982919254658385,0.08695652173913043,0.0
SHINSAL_GONGMANG,2,23,0.4982919254658385,0.08695652173913043,0.0
SHINSAL_GONGMANG,3,23,0.4830745341614907,0.043478260869565216,0.0
SHINSAL_GONGMANG,4,23,0.46133540372670806,0.043478260869565216,0.0
SHINSAL_GONGMANG,5,23,0.4982919254658385,0.08695652173913043,0.0
SHINSAL_GONGMANG,6,23,0.4982919254658385,0.13043478260869565,0.0
SHINSAL_GONGMANG,7,23,0.4982919254658385,0.08695652173913043,0.0
SHINSAL_GONGMANG,8,23,0.4982919254658385,0.21739130434782608,0.0
SHINSAL_GONGMANG,9,23,0.4982919254658385,0.08695652173913043,0.0
SHINSAL_GONGMANG,10,23,0.4982919254658385,0.13043478260869565,0.0
SHINSAL_GONGMANG,11,23,0.46133540372670806,0.0,0.0
SHINSAL_GONGMANG,12,23,0.4982919254658385,0.08695652173913043,0.0
SHINSAL_GONGMANG,13,23,0.46133540372670806,0.0,0.0
SHINSAL_GONGMANG,14,23,0.4982919254658385,0.17391304347826086,0.0
SHINSAL_GONGMANG,15,23,0.46133540372670806,0.08695652173913043,0.0
SHINSAL_GONGMANG,16,23,0.5091614906832298,0.17391304347826086,0.0
SHINSAL_GONGMANG,17,23,0.46133540372670806,0.0,0.0
SHINSAL_GONGMANG,18,23,0.5091614906832298,0.08695652173913043,0.0
SHINSAL_GONGMANG,19,23,0.4982919254658385,0.13043478260869565,0.0
SHINSAL_GONGMANG,20,23,0.4982919254658385,0.08695652173913043,0.0
SHINSAL_GONGMANG,21,23,0.4982919254658385,0.13043478260869565,0.0
SHINSAL_GONGMANG,22,23,0.4982919254658385,0.13043478260869565,0.0
SHINSAL_GONGMANG,23,23,0.4982919254658385,0.08695652173913043,0.0
SHINSAL_GONGMANG,24,23,0.4982919254658385,0.13043478260869565,0.0
SHINSAL_GONGMANG,25,23,0.4982919254658385,0.08695652173913043,0.0
SHINSAL_GONGMANG,26,23,0.4982919254658385,0.17391304347826086,0.0
SHINSAL_GONGMANG,27,23,0.4982919254658385,0.08695652173913043,0.0
SHINSAL_GONGMANG,28,23,0.46133540372670806,0.0,0.0
SHINSAL_GONGMANG,29,23,0.4982919254658385,0.13043478260869565,0.0
SHINSAL_GONGMANG,30,23,0.4982919254658385,0.13043478260869565,0.0
SHINSAL_GONGMANG,31,23,0.4982919254658385,0.08695652173913043,0.0
SHINSAL_GONGMANG,32,23,0.4982919254658385,0.08695652173913043,0.0
SHINSAL_GONGMANG,33,23,0.4799689440993789,0.17391304347826086,0.0
SHINSAL_GONGMANG,34,23,0.4982919254658385,0.21739130434782608,0.0
SHINSAL_GONGMANG,35,23,0.4982919254658385,0.08695652173913043,0.0
SHINSAL_GONGMANG,36,23,0.4982919254658385,0.08695652173913043,0.0
SHINSAL_GONGMANG,37,23,0.5091614906832298,0.13043478260869565,0.0
SHINSAL_GONGMANG,38,23,0.4830745341614907,0.043478260869565216,0.0
SHINSAL_GONGMANG,39,23,0.4982919254658385,0.08695652173913043,0.0
SHINSAL_GONGMANG,40,23,0.4982919254658385,0.13043478260869565,0.0
SHINSAL_GONGMANG,41,23,0.4982919254658385,0.08695652173913043,0.0
SHINSAL_GONGMANG,42,23,0.4982919254658385,0.13043478260869565,0.0
SHINSAL_GONGMANG,43,23,0.4982919254658385,0.13043478260869565,0.0
SHINSAL_GONGMANG,44,23,0.4982919254658385,0.08695652173913043,0.0
SHINSAL_GONGMANG,45,23,0.46133540372670806,0.0,0.0
SHINSAL_GONGMANG,46,23,0.4982919254658385,0.08695652173913043,0.0
SHINSAL_GONGMANG,47,23,0.5091614906832298,0.17391304347826086,0.0
SHINSAL_GONGMANG,48,23,0.5091614906832298,0.13043478260869565,0.0
SHINSAL_GONGMANG,49,23,0.4982919254658385,0.08695652173913043,0.0
SHINSAL_GONGMANG,50,23,0.4982919254658385,0.08695652173913043,0.0
SHINSAL_GONGMANG,51,23,0.4799689440993789,0.043478260869565216,0.0
SHINSAL_GONGMANG,52,23,0.4982919254658385,0.08695652173913043,0.0
SHINSAL_GONGMANG,53,23,0.5091614906832298,0.08695652173913043,0.0
SHINSAL_GONGMANG,54,23,0.4982919254658385,0.08695652173913043,0.0
SHINSAL_GONGMANG,55,23,0.4982919254658385,0.13043478260869565,0.0
SHINSAL_GONGMANG,56,23,0.4982919254658385,0.08695652173913043,0.0
SHINSAL_GONGMANG,57,23,0.46133540372670806,0.043478260869565216,0.0
SHINSAL_GONGMANG,58,23,0.4982919254658385,0.08695652173913043,0.0
SHINSAL_GONGMANG,59,23,0.4799689440993789,0.08695652173913043,0.0
SHINSAL_GONGMANG,60,23,0.5091614906832298,0.08695652173913043,0.0
SHINSAL_GONGMANG,61,23,0.4982919254658385,0.08695652173913043,0.0
SHINSAL_GONGMANG,62,23,0.4982919254658385,0.13043478260869565,0.0
SHINSAL_GONGMANG,63,23,0.5091614906832298,0.08695652173913043,0.0
SHINSAL_GONGMANG,64,23,0.4982919254658385,0.08695652173913043,0.0
SHINSAL_GONGMANG,65,23,0.4982919254658385,0.08695652173913043,0.0
SHINSAL_GONGMANG,66,23,0.46133540372670806,0.08695652173913043,0.0
SHINSAL_GONGMANG,67,23,0.5091614906832298,0.17391304347826086,0.0
SHINSAL_GONGMANG,68,23,0.4982919254658385,0.08695652173913043,0.0
SHINSAL_GONGMANG,69,23,0.4982919254658385,0.08695652173913043,0.0
SHINSAL_GONGMANG,70,23,0.4982919254658385,0.17391304347826086,0.0
SHINSAL_GONGMANG,71,23,0.5091614906832298,0.13043478260869565,0.0
SHINSAL_GONGMANG,72,23,0.4982919254658385,0.13043478260869565,0.0
SHINSAL_GONGMANG,73,23,0.5091614906832298,0.08695652173913043,0.0
SHINSAL_GONGMANG,74,23,0.4982919254658385,0.08695652173913043,0.0
SHINSAL_GONGMANG,75,23,0.4982919254658385,0.17391304347826086,0.0
SHINSAL_GONGMANG,76,23,0.4982919254658385,0.08695652173913043,0.0
SHINSAL_GONGMANG,77,23,0.4982919254658385,0.17391304347826086,0.0
SHINSAL_GONGMANG,78,23,0.4982919254658385,0.08695652173913043,0.0
SHINSAL_GONGMANG,79,23,0.4982919254658385,0.08695652173913043,0.0
SHINSAL_GONGMANG,80,23,0.4982919254658385,0.13043478260869565,0.0
SHINSAL_GONGMANG,81,23,0.4799689440993789,0.043478260869565216,0.0
SHINSAL_GONGMANG,82,23,0.4982919254658385,0.13043478260869565,0.0
SHINSAL_GONGMANG,83,23,0.4982919254658385,0.13043478260869565,0.0
SHINSAL_GONGMANG,84,23,0.4830745341614907,0.043478260869565216,0.0
SHINSAL_GONGMANG,85,23,0.4982919254658385,0.13043478260869565,0.0
SHINSAL_GONGMANG,86,23,0.4982919254658385,0.08695652173913043,0.0
SHINSAL_GONGMANG,87,23,0.4982919254658385,0.08695652173913043,0.0
SHINSAL_GONGMANG,88,23,0.4982919254658385,0.17391304347826086,0.0
SHINSAL_GONGMANG,89,23,0.4982919254658385,0.21739130434782608,0.0
SHINSAL_GONGMANG,90,23,0.4982919254658385,0.2608695652173913,0.0
SHINSAL_GONGMANG,91,23,0.4982919254658385,0.08695652173913043,0.0
SHINSAL_GONGMANG,92,23,0.4982919254658385,0.17391304347826086,0.0
SHINSAL_GONGMANG,93,23,0.5091614906832298,0.08695652173913043,0.0
SHINSAL_GONGMANG,94,23,0.4982919254658385,0.08695652173913043,0.0
SHINSAL_GONGMANG,95,23,0.4982919254658385,0.08695652173913043,0.0
SHINSAL_GONGMANG,96,23,0.5091614906832298,0.08695652173913043,0.0
SHINSAL_GONGMANG,97,23,0.4982919254658385,0.13043478260869565,0.0
SHINSAL_GONGMANG,98,23,0.4982919254658385,0.08695652173913043,0.0
SHINSAL_GONGMANG,99,23,0.4982919254658385,0.13043478260869565,0.0
SHINSAL_NOBLE,0,23,0.5244996549344375,0.6521739130434783,0.34881315194659207
SHINSAL_NOBLE,1,23,0.5409247757073843,0.6956521739130435,0.33446866694797417
SHINSAL_NOBLE,2,23,0.6406142167011732,0.782608695652174,0.5692999301650139
SHINSAL_NOBLE,3,23,0.5061421670117322,0.6521739130434783,0.38358424763034193
SHINSAL_NOBLE,4,23,0.6046238785369221,0.782608695652174,0.41276391205676277
SHINSAL_NOBLE,5,23,0.5044513457556936,0.6086956521739131,0.32758923801284334
SHINSAL_NOBLE,6,23,0.5648378191856452,0.6521739130434783,0.4699343349886141
SHINSAL_NOBLE,7,23,0.501311249137336,0.6086956521739131,0.36564708216548586
SHINSAL_NOBLE,8,23,0.4800552104899931,0.6521739130434783,0.2806880907673145
SHINSAL_NOBLE,9,23,0.5966528640441684,0.6956521739130435,0.39444427603146337
SHINSAL_NOBLE,10,23,0.5844030365769496,0.7391304347826086,0.4866312765520348
SHINSAL_NOBLE,11,23,0.6177363699102829,0.7391304347826086,0.4524141397053048
SHINSAL_NOBLE,12,23,0.478847481021394,0.6086956521739131,0.2744468276272034
SHINSAL_NOBLE,13,23,0.5385093167701863,0.6521739130434783,0.38338787318457146
SHINSAL_NOBLE,14,23,0.4882677708764665,0.6086956521739131,0.3153293987815595
SHINSAL_NOBLE,15,23,0.5973775017253279,0.782608695652174,0.43339780835661745
SHINSAL_NOBLE,16,23,0.5384748102139406,0.6956521739130435,0.3555648887032418
SHINSAL_NOBLE,17,23,0.6177363699102829,0.6956521739130435,0.3895738055307592
SHINSAL_NOBLE,18,23,0.5587646652864044,0.6956521739130435,0.34581824650381054
SHINSAL_NOBLE,19,23,0.5290890269151138,0.6956521739130435,0.5000089203157233
SHINSAL_NOBLE,20,23,0.534575569358178,0.6521739130434783,0.40014039438511095
SHINSAL_NOBLE,21,23,0.5027605244996548,0.6521739130434783,0.4317821041702101
SHINSAL_NOBLE,22,23,0.5481366459627328,0.6521739130434783,0.4593447390931799
SHINSAL_NOBLE,23,23,0.5568668046928916,0.6956521739130435,0.38040013201411926
SHINSAL_NOBLE,24,23,0.5075914423740511,0.6521739130434783,0.27055391473902146
SHINSAL_NOBLE,25,23,0.48512767425810904,0.6086956521739131,0.14103489606950464
SHINSAL_NOBLE,26,23,0.49454796411318147,0.6956521739130435,0.4367783710914441
SHINSAL_NOBLE,27,23,0.5510697032436164,0.6956521739130435,0.37311457082437016
SHINSAL_NOBLE,28,23,0.515079365079365,0.6086956521739131,0.41858411673499374
SHINSAL_NOBLE,29,23,0.5061421670117322,0.6086956521739131,0.40808459057041613
SHINSAL_NOBLE,30,23,0.5496204278812974,0.6956521739130435,0.4980651469633325
SHINSAL_NOBLE,31,23,0.5430986887508626,0.6521739130434783,0.4230972317484445
SHINSAL_NOBLE,32,23,0.6052104899930988,0.782608695652174,0.38425584030214444
SHINSAL_NOBLE,33,23,0.49458247066942723,0.6086956521739131,0.40618644575314866
SHINSAL_NOBLE,34,23,0.4947895100069013,0.6521739130434783,0.3636866688540776
SHINSAL_NOBLE,35,23,0.45300207039337476,0.5652173913043478,0.17588910854516268
SHINSAL_NOBLE,36,23,0.4815044858523119,0.5652173913043478,0.26972301207009186
SHINSAL_NOBLE,37,23,0.5462042788129744,0.6086956521739131,0.24169625125948493
SHINSAL_NOBLE,38,23,0.5416494133885437,0.6086956521739131,0.23759603198356855
SHINSAL_NOBLE,39,23,0.4909247757073844,0.6086956521739131,0.30146743947084226
SHINSAL_NOBLE,40,23,0.49672187715665983,0.5652173913043478,0.24601896691965383
SHINSAL_NOBLE,41,23,0.48512767425810904,0.6521739130434783,0.2967302932626454
SHINSAL_NOBLE,42,23,0.4870600414078674,0.5652173913043478,0.14321110163736844
SHINSAL_NOBLE,43,23,0.5592132505175983,0.7391304347826086,0.24947963300420195
SHINSAL_NOBLE,44,23,0.5416494133885438,0.6086956521739131,0.33280867913820206
SHINSAL_NOBLE,45,23,0.5409247757073844,0.6956521739130435,0.5092087682443636
SHINSAL_NOBLE,46,23,0.6138026224982747,0.782608695652174,0.31693697713435276
SHINSAL_NOBLE,47,23,0.5503105590062111,0.7391304347826086,0.40796113710461795
SHINSAL_NOBLE,48,23,0.5208419599723947,0.6956521739130435,0.4179202612914095
SHINSAL_NOBLE,49,23,0.5278812974465148,0.6086956521739131,0.5009239243271475
SHINSAL_NOBLE,50,23,0.4795721187025535,0.6521739130434783,0.3072820623545134
SHINSAL_NOBLE,51,23,0.5464458247066943,0.6521739130434783,0.38378248227022355
SHINSAL_NOBLE,52,23,0.49786059351276746,0.6086956521739131,0.42561671709260973
SHINSAL_NOBLE,53,23,0.5431331953071085,0.6956521739130435,0.47413501459533025
SHINSAL_NOBLE,54,23,0.5580745341614907,0.6521739130434783,0.4920521824849468
SHINSAL_NOBLE,55,23,0.5479296066252587,0.6956521739130435,0.5108096695945208
SHINSAL_NOBLE,56,23,0.49427191166321593,0.6956521739130435,0.4175477040024022
SHINSAL_NOBLE,57,23,0.4567977915804003,0.6521739130434783,0.34042907424136737
SHINSAL_NOBLE,58,23,0.4887508626639061,0.6521739130434783,0.39361090162564716
SHINSAL_NOBLE,59,23,0.559247757073844,0.7391304347826086,0.4383777754822821
SHINSAL_NOBLE,60,23,0.577743271221532,0.6521739130434783,0.30845724625832893
SHINSAL_NOBLE,61,23,0.4831608005521048,0.6521739130434783,0.3195283240992625
SHINSAL_NOBLE,62,23,0.4981711525189786,0.6521739130434783,0.3508407088026884
SHINSAL_NOBLE,63,23,0.617943409247757,0.782608695652174,0.47515700553671514
SHINSAL_NOBLE,64,23,0.46628709454796413,0.5652173913043478,0.06861821430153078
SHINSAL_NOBLE,65,23,0.5641131815044859,0.6956521739130435,0.38585822854641344
SHINSAL_NOBLE,66,23,0.5046928916494133,0.6086956521739131,0.4374825159894722
SHINSAL_NOBLE,67,23,0.586783988957902,0.6956521739130435,0.46605775895927815
SHINSAL_NOBLE,68,23,0.5464113181504486,0.6521739130434783,0.29999359033209516
SHINSAL_NOBLE,69,23,0.5534851621808143,0.6956521739130435,0.573928284162225
SHINSAL_NOBLE,70,23,0.4749827467218772,0.6086956521739131,0.12941008754448619
SHINSAL_NOBLE,71,23,0.5377501725327811,0.7391304347826086,0.5112903904366047
SHINSAL_NOBLE,72,23,0.5025189786059352,0.5652173913043478,0.24714943855577381
SHINSAL_NOBLE,73,23,0.5172187715665977,0.6521739130434783,0.20344738845729543
SHINSAL_NOBLE,74,23,0.5133885438233264,0.6521739130434783,0.23484426305266548
SHINSAL_NOBLE,75,23,0.590407177363699,0.6956521739130435,0.4012365208254338
SHINSAL_NOBLE,76,23,0.4923740510697032,0.6086956521739131,0.3148035098042137
SHINSAL_NOBLE,77,23,0.5601794340924776,0.6521739130434783,0.2830578946754321
SHINSAL_NOBLE,78,23,0.5633885438233264,0.6956521739130435,0.3924651993743238
SHINSAL_NOBLE,79,23,0.5617322291235335,0.6956521739130435,0.3630000060911033
SHINSAL_NOBLE,80,23,0.498895790200138,0.6086956521739131,0.3508115873302897
SHINSAL_NOBLE,81,23,0.5273636991028294,0.6521739130434783,0.1760291889438888
SHINSAL_NOBLE,82,23,0.5467218771566598,0.6956521739130435,0.3918343174283707
SHINSAL_NOBLE,83,23,0.538750862663906,0.6956521739130435,0.3583795590638079
SHINSAL_NOBLE,84,23,0.5368184955141476,0.6956521739130435,0.3842584961072959
SHINSAL_NOBLE,85,23,0.5322291235334714,0.6086956521739131,0.43402798257788044
SHINSAL_NOBLE,86,23,0.5455141476880607,0.6521739130434783,0.4167692526861008
SHINSAL_NOBLE,87,23,0.5786059351276742,0.6956521739130435,0.4271395251800712
SHINSAL_NOBLE,88,23,0.5061421670117322,0.6521739130434783,0.29695964052397117
SHINSAL_NOBLE,89,23,0.5447895100069012,0.6956521739130435,0.46534839045445797
SHINSAL_NOBLE,90,23,0.4996204278812974,0.6521739130434783,0.25040132170928997
SHINSAL_NOBLE,91,23,0.5097653554175293,0.6086956521739131,0.3583282935131569
SHINSAL_NOBLE,92,23,0.5315044858523119,0.6086956521739131,0.4467805942360001
SHINSAL_NOBLE,93,23,0.487336093857833,0.6521739130434783,0.5478322388383338
SHINSAL_NOBLE,94,23,0.5815044858523118,0.6521739130434783,0.37894029533379725
SHINSAL_NOBLE,95,23,0.49672187715665983,0.6521739130434783,0.4229028860504848
SHINSAL_NOBLE,96,23,0.5449965493443755,0.6956521739130435,0.34920042594885803
SHINSAL_NOBLE,97,23,0.5237750172532781,0.6521739130434783,0.3202622499883412
SHINSAL_NOBLE,98,23,0.5880262249827467,0.7391304347826086,0.42197832934198426
SHINSAL_NOBLE,99,23,0.44696342305037956,0.5652173913043478,0.3402292334632632
SHINSAL_SCALAR,0,23,0.5580745341614906,0.391304347826087,0.0
SHINSAL_SCALAR,1,23,0.5580745341614906,0.391304347826087,0.0
SHINSAL_SCALAR,2,23,0.4933747412008282,0.2608695652173913,0.0
SHINSAL_SCALAR,3,23,0.5580745341614906,0.391304347826087,0.0
SHINSAL_SCALAR,4,23,0.46076604554865425,0.2608695652173913,0.0
SHINSAL_SCALAR,5,23,0.5580745341614906,0.391304347826087,0.0
SHINSAL_SCALAR,6,23,0.5580745341614906,0.391304347826087,0.0
SHINSAL_SCALAR,7,23,0.5580745341614906,0.391304347826087,0.0
SHINSAL_SCALAR,8,23,0.5580745341614906,0.391304347826087,0.0
SHINSAL_SCALAR,9,23,0.43561076604554866,0.21739130434782608,0.0
SHINSAL_SCALAR,10,23,0.5184782608695653,0.2608695652173913,0.0
SHINSAL_SCALAR,11,23,0.5580745341614906,0.391304347826087,0.0
SHINSAL_SCALAR,12,23,0.5580745341614906,0.391304347826087,0.0
SHINSAL_SCALAR,13,23,0.5580745341614906,0.391304347826087,0.0
SHINSAL_SCALAR,14,23,0.5580745341614906,0.391304347826087,0.0
SHINSAL_SCALAR,15,23,0.4354037267080746,0.21739130434782608,0.0
SHINSAL_SCALAR,16,23,0.5042443064182195,0.30434782608695654,0.0
SHINSAL_SCALAR,17,23,0.5580745341614906,0.391304347826087,0.0
SHINSAL_SCALAR,18,23,0.5042443064182195,0.30434782608695654,0.0
SHINSAL_SCALAR,19,23,0.472360248447205,0.2608695652173913,0.0
SHINSAL_SCALAR,20,23,0.44989648033126295,0.21739130434782608,0.0
SHINSAL_SCALAR,21,23,0.5593167701863354,0.34782608695652173,0.0
SHINSAL_SCALAR,22,23,0.44648033126293996,0.21739130434782608,0.0
SHINSAL_SCALAR,23,23,0.5580745341614906,0.391304347826087,0.0
SHINSAL_SCALAR,24,23,0.5369565217391304,0.2608695652173913,0.0
SHINSAL_SCALAR,25,23,0.5580745341614906,0.391304347826087,0.0
SHINSAL_SCALAR,26,23,0.5303312629399586,0.30434782608695654,0.0
SHINSAL_SCALAR,27,23,0.4899585921325052,0.2608695652173913,0.0
SHINSAL_SCALAR,28,23,0.5580745341614906,0.391304347826087,0.0
SHINSAL_SCALAR,29,23,0.5580745341614906,0.391304347826087,0.0
SHINSAL_SCALAR,30,23,0.472360248447205,0.21739130434782608,0.0
SHINSAL_SCALAR,31,23,0.48561076604554865,0.2608695652173913,0.0
SHINSAL_SCALAR,32,23,0.4716356107660456,0.2608695652173913,0.0
SHINSAL_SCALAR,33,23,0.5297101449275362,0.2608695652173913,0.0
SHINSAL_SCALAR,34,23,0.5580745341614906,0.391304347826087,0.0
SHINSAL_SCALAR,35,23,0.472360248447205,0.2608695652173913,0.0
SHINSAL_SCALAR,36,23,0.4972049689440993,0.2608695652173913,0.0
SHINSAL_SCALAR,37,23,0.5580745341614906,0.391304347826087,0.0
SHINSAL_SCALAR,38,23,0.4354037267080746,0.21739130434782608,0.0
SHINSAL_SCALAR,39,23,0.5311594202898551,0.2608695652173913,0.0
SHINSAL_SCALAR,40,23,0.5580745341614906,0.391304347826087,0.0
SHINSAL_SCALAR,41,23,0.5079710144927536,0.21739130434782608,0.0
SHINSAL_SCALAR,42,23,0.5580745341614906,0.391304347826087,0.0
SHINSAL_SCALAR,43,23,0.46076604554865425,0.2608695652173913,0.0
SHINSAL_SCALAR,44,23,0.5580745341614906,0.391304347826087,0.0
SHINSAL_SCALAR,45,23,0.5580745341614906,0.391304347826087,0.0
SHINSAL_SCALAR,46,23,0.5580745341614906,0.391304347826087,0.0
SHINSAL_SCALAR,47,23,0.5580745341614906,0.391304347826087,0.0
SHINSAL_SCALAR,48,23,0.5580745341614906,0.391304347826087,0.0
SHINSAL_SCALAR,49,23,0.5580745341614906,0.391304347826087,0.0
SHINSAL_SCALAR,50,23,0.5580745341614906,0.391304347826087,0.0
SHINSAL_SCALAR,51,23,0.44337474120082815,0.17391304347826086,0.0
SHINSAL_SCALAR,52,23,0.5580745341614906,0.391304347826087,0.0
SHINSAL_SCALAR,53,23,0.5580745341614906,0.391304347826087,0.0
SHINSAL_SCALAR,54,23,0.4832298136645963,0.2608695652173913,0.0
SHINSAL_SCALAR,55,23,0.5580745341614906,0.391304347826087,0.0
SHINSAL_SCALAR,56,23,0.5580745341614906,0.391304347826087,0.0
SHINSAL_SCALAR,57,23,0.5580745341614906,0.391304347826087,0.0
SHINSAL_SCALAR,58,23,0.5580745341614906,0.391304347826087,0.0
SHINSAL_SCALAR,59,23,0.4832298136645963,0.2608695652173913,0.0
SHINSAL_SCALAR,60,23,0.5580745341614906,0.391304347826087,0.0
SHINSAL_SCALAR,61,23,0.5580745341614906,0.391304347826087,0.0
SHINSAL_SCALAR,62,23,0.5580745341614906,0.391304347826087,0.0
SHINSAL_SCALAR,63,23,0.5580745341614906,0.391304347826087,0.0
SHINSAL_SCALAR,64,23,0.5484472049689441,0.30434782608695654,0.0
SHINSAL_SCALAR,65,23,0.5194616977225673,0.30434782608695654,0.0
SHINSAL_SCALAR,66,23,0.5580745341614906,0.391304347826087,0.0
SHINSAL_SCALAR,67,23,0.5580745341614906,0.391304347826087,0.0
SHINSAL_SCALAR,68,23,0.5580745341614906,0.391304347826087,0.0
SHINSAL_SCALAR,69,23,0.4972049689440993,0.2608695652173913,0.0
SHINSAL_SCALAR,70,23,0.5580745341614906,0.391304347826087,0.0
SHINSAL_SCALAR,71,23,0.4899585921325052,0.2608695652173913,0.0
SHINSAL_SCALAR,72,23,0.4868530020703934,0.30434782608695654,0.0
SHINSAL_SCALAR,73,23,0.5580745341614906,0.391304347826087,0.0
SHINSAL_SCALAR,74,23,0.5580745341614906,0.391304347826087,0.0
SHINSAL_SCALAR,75,23,0.46821946169772255,0.2608695652173913,0.0
SHINSAL_SCALAR,76,23,0.5158385093167702,0.30434782608695654,0.0
SHINSAL_SCALAR,77,23,0.5580745341614906,0.391304347826087,0.0
SHINSAL_SCALAR,78,23,0.5580745341614906,0.391304347826087,0.0
SHINSAL_SCALAR,79,23,0.5580745341614906,0.391304347826087,0.0
SHINSAL_SCALAR,80,23,0.4868530020703934,0.2608695652173913,0.0
SHINSAL_SCALAR,81,23,0.38902691511387166,0.13043478260869565,0.0
SHINSAL_SCALAR,82,23,0.5580745341614906,0.391304347826087,0.0
SHINSAL_SCALAR,83,23,0.5580745341614906,0.391304347826087,0.0
SHINSAL_SCALAR,84,23,0.5580745341614906,0.391304347826087,0.0
SHINSAL_SCALAR,85,23,0.5158385093167702,0.30434782608695654,0.0
SHINSAL_SCALAR,86,23,0.5580745341614906,0.391304347826087,0.0
SHINSAL_SCALAR,87,23,0.5580745341614906,0.391304347826087,0.0
SHINSAL_SCALAR,88,23,0.5580745341614906,0.391304347826087,0.0
SHINSAL_SCALAR,89,23,0.5580745341614906,0.391304347826087,0.0
SHINSAL_SCALAR,90,23,0.5580745341614906,0.391304347826087,0.0
SHINSAL_SCALAR,91,23,0.47474120082815735,0.2608695652173913,0.0
SHINSAL_SCALAR,92,23,0.5580745341614906,0.391304347826087,0.0
SHINSAL_SCALAR,93,23,0.5580745341614906,0.391304347826087,0.0
SHINSAL_SCALAR,94,23,0.482712215320911,0.2608695652173913,0.0
SHINSAL_SCALAR,95,23,0.5580745341614906,0.391304347826087,0.0
SHINSAL_SCALAR,96,23,0.5580745341614906,0.391304347826087,0.0
SHINSAL_SCALAR,97,23,0.5580745341614906,0.391304347826087,0.0
SHINSAL_SCALAR,98,23,0.3854037267080745,0.13043478260869565,0.0
SHINSAL_SCALAR,99,23,0.48561076604554865,0.2608695652173913,0.0
SHINSAL_OTHER,0,23,0.56796066252588,0.6086956521739131,0.1899852469771255
SHINSAL_OTHER,1,23,0.5248274672187716,0.6086956521739131,0.05987528239844242
SHINSAL_OTHER,2,23,0.490079365079365,0.5217391304347826,0.04069097717923453
SHINSAL_OTHER,3,23,0.6522601794340924,0.7391304347826086,0.6301508204461335
SHINSAL_OTHER,4,23,0.5147170462387853,0.391304347826087,-0.1982190018447597
SHINSAL_OTHER,5,23,0.5549861973775018,0.6521739130434783,0.5197944380881809
SHINSAL_OTHER,6,23,0.4576432022084196,0.43478260869565216,-0.10496317313886849
SHINSAL_OTHER,7,23,0.5090234644582471,0.4782608695652174,-0.05466563050066586
SHINSAL_OTHER,8,23,0.5738267770876466,0.6086956521739131,0.6734217909339897
SHINSAL_OTHER,9,23,0.43766390614216694,0.34782608695652173,-0.252760981641847
SHINSAL_OTHER,10,23,0.4771394064872326,0.4782608695652174,-0.011255952185105222
SHINSAL_OTHER,11,23,0.4774499654934438,0.4782608695652174,-0.15422284057317182
SHINSAL_OTHER,12,23,0.5741028295376122,0.5652173913043478,0.25917863269532526
SHINSAL_OTHER,13,23,0.5490855762594894,0.5652173913043478,0.17331572851509502
SHINSAL_OTHER,14,23,0.4144755003450656,0.43478260869565216,-0.6026246475591823
SHINSAL_OTHER,15,23,0.5533298826777088,0.6086956521739131,0.47580783189605663
SHINSAL_OTHER,16,23,0.5699620427881298,0.5652173913043478,0.07825903539210533
SHINSAL_OTHER,17,23,0.5264837819185646,0.5652173913043478,0.7369309194692748
SHINSAL_OTHER,18,23,0.5252760524499656,0.5652173913043478,0.02267684839504902
SHINSAL_OTHER,19,23,0.45764320220841964,0.43478260869565216,-0.2557727949769215
SHINSAL_OTHER,20,23,0.5094030365769496,0.4782608695652174,-0.17048509174885007
SHINSAL_OTHER,21,23,0.5482229123533472,0.4782608695652174,-0.1578403375684263
SHINSAL_OTHER,22,23,0.5372843340234644,0.5217391304347826,0.13195084906434917
SHINSAL_OTHER,23,23,0.5184437543133196,0.43478260869565216,-0.036033984407753294
SHINSAL_OTHER,24,23,0.6297273982056592,0.6521739130434783,0.5514244879838615
SHINSAL_OTHER,25,23,0.5588509316770187,0.5217391304347826,0.053332362495491115
SHINSAL_OTHER,26,23,0.44249482401656315,0.34782608695652173,-0.2710063352264882
SHINSAL_OTHER,27,23,0.504848171152519,0.5217391304347826,0.0010792957509466738
SHINSAL_OTHER,28,23,0.5255175983436853,0.5652173913043478,0.05828220320296107
SHINSAL_OTHER,29,23,0.5100931677018633,0.43478260869565216,-0.16231849677943957
SHINSAL_OTHER,30,23,0.46937543133195314,0.5217391304347826,0.1974538944501001
SHINSAL_OTHER,31,23,0.5464630779848171,0.5217391304347826,0.14431364083038778
SHINSAL_OTHER,32,23,0.4522601794340924,0.43478260869565216,-0.008976966915959839
SHINSAL_OTHER,33,23,0.5849033816425121,0.5652173913043478,0.17659884601400233
SHINSAL_OTHER,34,23,0.5911490683229814,0.6086956521739131,0.5808108812784571
SHINSAL_OTHER,35,23,0.5633022774327123,0.4782608695652174,-0.08988952877068301
SHINSAL_OTHER,36,23,0.5804520358868185,0.6521739130434783,0.2566995167580681
SHINSAL_OTHER,37,23,0.48655969634230506,0.5652173913043478,0.3669475736783361
SHINSAL_OTHER,38,23,0.5236542443064183,0.5217391304347826,0.08455155114871782
SHINSAL_OTHER,39,23,0.5474982746721878,0.4782608695652174,-0.02897596831168814
SHINSAL_OTHER,40,23,0.4598171152518979,0.5217391304347826,0.28800909833285493
SHINSAL_OTHER,41,23,0.5325224292615598,0.43478260869565216,-0.11249691707096598
SHINSAL_OTHER,42,23,0.44290890269151145,0.391304347826087,-0.4306781629244387
SHINSAL_OTHER,43,23,0.5203071083505867,0.5652173913043478,0.28519405910225437
SHINSAL_OTHER,44,23,0.555952380952381,0.6521739130434783,0.38823609417638716
SHINSAL_OTHER,45,23,0.5633712905452036,0.5217391304347826,0.04878165015667579
SHINSAL_OTHER,46,23,0.5581953071083505,0.6521739130434783,0.35026132457582637
SHINSAL_OTHER,47,23,0.5054692891649414,0.5217391304347826,0.13306230403989328
SHINSAL_OTHER,48,23,0.5201345755693582,0.4782608695652174,-0.023831418371727642
SHINSAL_OTHER,49,23,0.5511214630779848,0.4782608695652174,-0.031797288535406254
SHINSAL_OTHER,50,23,0.5149585921325052,0.4782608695652174,-0.16974787099384747
SHINSAL_OTHER,51,23,0.48745686680469286,0.6086956521739131,0.29872256552222076
SHINSAL_OTHER,52,23,0.49428916494133884,0.5652173913043478,0.09017297922681355
SHINSAL_OTHER,53,23,0.528416149068323,0.5652173913043478,0.21177666032858833
SHINSAL_OTHER,54,23,0.5110593512767426,0.5652173913043478,0.3440415907403701
SHINSAL_OTHER,55,23,0.5264837819185645,0.43478260869565216,-0.0661602596313664
SHINSAL_OTHER,56,23,0.5790027605244996,0.6956521739130435,0.5343969135659155
SHINSAL_OTHER,57,23,0.5417701863354037,0.5217391304347826,0.26303430988292553
SHINSAL_OTHER,58,23,0.5773809523809524,0.6521739130434783,0.474322539215166
SHINSAL_OTHER,59,23,0.5468771566597654,0.5652173913043478,0.1479539280423412
SHINSAL_OTHER,60,23,0.4694789510006902,0.43478260869565216,-0.24988497786395292
SHINSAL_OTHER,61,23,0.5558833678398895,0.6521739130434783,0.29928322263421725
SHINSAL_OTHER,62,23,0.4878364389233955,0.4782608695652174,-0.4169919047982835
SHINSAL_OTHER,63,23,0.5237577639751553,0.5652173913043478,0.10660309132401946
SHINSAL_OTHER,64,23,0.4417701863354038,0.43478260869565216,-0.2939611563232023
SHINSAL_OTHER,65,23,0.5437025534851623,0.6086956521739131,0.2065241454327323
SHINSAL_OTHER,66,23,0.5492581090407178,0.5652173913043478,0.35765089724943655
SHINSAL_OTHER,67,23,0.6194789510006902,0.6956521739130435,0.32492142900600507
SHINSAL_OTHER,68,23,0.5456694271911663,0.6086956521739131,0.2338022745827837
SHINSAL_OTHER,69,23,0.5346273291925465,0.5652173913043478,0.036798650088289975
SHINSAL_OTHER,70,23,0.6591269841269841,0.6521739130434783,0.3895418704334519
SHINSAL_OTHER,71,23,0.5069185645272603,0.5217391304347826,0.05486510093628194
SHINSAL_OTHER,72,23,0.4620255348516218,0.4782608695652174,-0.0991684713518326
SHINSAL_OTHER,73,23,0.5388026224982746,0.5217391304347826,0.0556351389773595
SHINSAL_OTHER,74,23,0.4522256728778468,0.43478260869565216,-0.35974964327887393
SHINSAL_OTHER,75,23,0.5453933747412009,0.6086956521739131,0.1053977385096525
SHINSAL_OTHER,76,23,0.5195824706694273,0.6086956521739131,0.310532090553723
SHINSAL_OTHER,77,23,0.5555383022774326,0.5652173913043478,0.25505746440378396
SHINSAL_OTHER,78,23,0.42141131815044863,0.43478260869565216,-0.2553701789156704
SHINSAL_OTHER,79,23,0.492736369910283,0.4782608695652174,-0.02131869692240873
SHINSAL_OTHER,80,23,0.5402518978605936,0.6521739130434783,0.2712286676271325
SHINSAL_OTHER,81,23,0.5201345755693582,0.5652173913043478,0.13494766756080745
SHINSAL_OTHER,82,23,0.6304520358868185,0.782608695652174,0.37670968178957875
SHINSAL_OTHER,83,23,0.4318668046928917,0.30434782608695654,-0.24454045022352
SHINSAL_OTHER,84,23,0.5549171842650102,0.6086956521739131,0.2231869308435439
SHINSAL_OTHER,85,23,0.5189268461007592,0.5217391304347826,0.1214048638170541
SHINSAL_OTHER,86,23,0.6018461007591442,0.5652173913043478,0.33258392647997126
SHINSAL_OTHER,87,23,0.5879054520358868,0.5652173913043478,0.22342096709626236
SHINSAL_OTHER,88,23,0.5886645962732919,0.6086956521739131,0.38534871907843726
SHINSAL_OTHER,89,23,0.5167529330572809,0.5652173913043478,0.10337672724948721
SHINSAL_OTHER,90,23,0.5955659075224293,0.5652173913043478,0.48240025068796477
SHINSAL_OTHER,91,23,0.4578847481021394,0.4782608695652174,-0.2183118867906162
SHINSAL_OTHER,92,23,0.46181849551414766,0.4782608695652174,-0.100347656870579
SHINSAL_OTHER,93,23,0.5525017253278123,0.5217391304347826,0.037031309097872
SHINSAL_OTHER,94,23,0.4247929606625259,0.4782608695652174,-0.04392325962868367
SHINSAL_OTHER,95,23,0.5801414768806072,0.6521739130434783,0.3668112888010646
SHINSAL_OTHER,96,23,0.5238267770876467,0.5652173913043478,0.35840849005393727
SHINSAL_OTHER,97,23,0.6017080745341615,0.782608695652174,0.4649894989146053
SHINSAL_OTHER,98,23,0.5214803312629399,0.5217391304347826,0.16308859853025193
SHINSAL_OTHER,99,23,0.5744824016563147,0.391304347826087,-0.13183313461186796
