C,l1_ratio,inner_pairwise,inner_p10,repeat,fold
1.0,0.5,0.5604653996101365,0.47748538011695907,0,0
1.0,0.75,0.5568104288499025,0.49195906432748543,0,0
0.03,0.75,0.5489400584795322,0.4213450292397661,0,0
0.3,0.75,0.5448952241715399,0.46695906432748535,0,0
0.3,0.5,0.5431408382066276,0.4853801169590643,0,0
0.03,0.25,0.5424098440545808,0.4732456140350877,0,0
0.1,0.75,0.5377314814814815,0.4671052631578947,0,0
0.03,1.0,0.5352582846003898,0.4263888888888889,0,0
0.1,0.5,0.5343689083820662,0.4695906432748538,0,0
0.1,1.0,0.5337110136452241,0.4622807017543859,0,0
0.03,0.5,0.5326267056530214,0.4263157894736842,0,0
0.3,1.0,0.5269858674463938,0.4244152046783626,0,0
0.3,0.25,0.5253045808966861,0.439766081871345,0,0
0.1,0.25,0.5222344054580896,0.46213450292397656,0,0
1.0,0.25,0.5167415065441381,0.42134502923976613,0,0
1.0,1.0,0.5147538986354776,0.43195906432748543,0,0
0.03,0.75,0.5974885129490393,0.540921052631579,0,1
1.0,0.5,0.5839250905040378,0.5387120579225843,0,1
0.1,1.0,0.5793964076858814,0.5244005847953217,0,1
0.03,0.5,0.5789699944305208,0.49403787245892505,0,1
1.0,0.25,0.5786984823169034,0.5082407407407408,0,1
1.0,0.75,0.573313492063492,0.5263972431077694,0,1
0.3,0.25,0.5721073517126148,0.5222076023391813,0,1
0.3,0.5,0.5704869813422444,0.5302276524644945,0,1
0.03,1.0,0.5687238930659984,0.466140350877193,0,1
0.03,0.25,0.566067947646895,0.49845795043163466,0,1
0.1,0.25,0.5619987468671679,0.5219959621275411,0,1
0.1,0.75,0.5555781815650237,0.5153098022834864,0,1
0.1,0.5,0.548901768309663,0.4780388471177945,0,1
1.0,1.0,0.5408451684767474,0.5003265107212476,0,1
0.3,0.75,0.5328895154553049,0.4743699526594264,0,1
0.3,1.0,0.5157111528822055,0.487724171539961,0,1
0.03,1.0,0.5475471085120207,0.520012995451592,0,2
0.03,0.75,0.5330896686159844,0.4765350877192982,0,2
0.1,1.0,0.5291301169590643,0.41162280701754383,0,2
0.03,0.5,0.5231115984405458,0.45723684210526316,0,2
0.03,0.25,0.5141447368421053,0.46557017543859647,0,2
0.1,0.25,0.49380685510071476,0.41935510071474985,0,2
0.3,0.75,0.4894574398960364,0.39910656270305395,0,2
0.1,0.75,0.4882959714100065,0.39946393762183235,0,2
0.1,0.5,0.48689896036387265,0.4185510071474984,0,2
1.0,1.0,0.4857943469785575,0.4129142300194932,0,2
0.3,1.0,0.482512995451592,0.39910656270305395,0,2
0.3,0.25,0.47822855750487325,0.42668128654970755,0,2
1.0,0.5,0.47789961013645227,0.41330409356725145,0,2
1.0,0.25,0.4741959064327485,0.433625730994152,0,2
0.3,0.5,0.47256335282651074,0.3961013645224171,0,2
1.0,0.75,0.46715399610136454,0.3984405458089669,0,2
0.03,0.75,0.5111894319131162,0.4479385964912281,0,3
1.0,0.25,0.498062865497076,0.39175438596491224,0,3
1.0,0.5,0.4841217627401838,0.37464912280701756,0,3
0.1,0.25,0.4678936925647452,0.3657017543859649,0,3
0.03,1.0,0.46646129211918685,0.4293859649122807,0,3
0.3,0.25,0.4654814118629908,0.3417543859649123,0,3
1.0,0.75,0.46493316624895575,0.4009649122807018,0,3
1.0,1.0,0.4593045112781955,0.3730701754385965,0,3
0.1,1.0,0.45744047619047623,0.35096491228070176,0,3
0.3,0.5,0.45393170426065155,0.3730701754385965,0,3
0.03,0.25,0.45382205513784457,0.3650877192982456,0,3
0.03,0.5,0.45128446115288223,0.38245614035087716,0,3
0.1,0.75,0.4511904761904762,0.37122807017543863,0,3
0.1,0.5,0.44508667502088556,0.3396491228070176,0,3
0.3,0.75,0.4309784878863826,0.3362280701754386,0,3
0.3,1.0,0.4143849206349206,0.3230952380952381,0,3
0.03,1.0,0.5857110948667966,0.5390350877192982,0,4
1.0,1.0,0.5814907639469044,0.5146686159844055,0,4
0.3,0.25,0.570984753550543,0.4883771929824562,0,4
1.0,0.75,0.5688770537454748,0.4953216374269006,0,4
0.03,0.75,0.5676094170611714,0.4827485380116959,0,4
1.0,0.5,0.5669967743432656,0.47990740740740745,0,4
0.3,0.5,0.5574004455583403,0.4854093567251462,0,4
1.0,0.25,0.549065951916829,0.44440545808966864,0,4
0.03,0.5,0.5450785528636406,0.5026315789473684,0,4
0.1,0.25,0.5413185742133111,0.4712183235867446,0,4
0.3,1.0,0.5225523298988212,0.4818372319688109,0,4
0.03,0.25,0.520326278659612,0.47401559454191033,0,4
0.1,0.75,0.5181454794393391,0.5109827810266407,0,4
0.3,0.75,0.5153682818156502,0.4586549707602339,0,4
0.1,0.5,0.512265617748074,0.43221247563352827,0,4
0.1,1.0,0.5082364476004827,0.4846410006497726,0,4
0.1,0.25,0.5957457300659055,0.502509746588694,1,0
0.3,0.75,0.5775770444630094,0.48945419103313836,1,0
0.3,1.0,0.5734028357931867,0.4521393762183236,1,0
0.3,0.25,0.572106191404437,0.48765107212475634,1,0
0.1,0.5,0.5717325721711686,0.4887378167641325,1,0
1.0,1.0,0.5640008586280516,0.4435136452241716,1,0
1.0,0.25,0.5591148008911166,0.4619611528822055,1,0
1.0,0.5,0.5589482966675949,0.4587037037037037,1,0
0.1,0.75,0.5580101875058016,0.46700292397660825,1,0
1.0,0.75,0.5570685974194746,0.4433528265107212,1,0
0.1,1.0,0.5516302329898821,0.4598489278752437,1,0
0.03,0.25,0.549278288313376,0.48661306042884994,1,0
0.03,0.5,0.5474177341501902,0.5123148148148148,1,0
0.3,0.5,0.5391592406943284,0.4249317738791423,1,0
0.03,0.75,0.5321399563724125,0.4928703703703704,1,0
0.03,1.0,0.5202499883969182,0.49284031838856396,1,0
1.0,0.75,0.5391952102478418,0.4637037037037037,1,1
0.3,0.5,0.5351991088833195,0.4766666666666666,1,1
0.1,0.25,0.5217244500139238,0.48185185185185186,1,1
0.3,0.75,0.5210178223336117,0.45555555555555555,1,1
1.0,1.0,0.5162419938735727,0.43425925925925923,1,1
0.03,0.25,0.5160644667223615,0.5005555555555555,1,1
0.1,1.0,0.5129664438874966,0.45259676970203283,1,1
1.0,0.5,0.5106864383180172,0.41648148148148145,1,1
0.1,0.75,0.5103870788081314,0.4909259259259259,1,1
0.1,0.5,0.5103139793929268,0.47833333333333333,1,1
0.03,0.5,0.5089981899192425,0.4341214146477304,1,1
0.3,0.25,0.5034495962127541,0.4375925925925926,1,1
0.3,1.0,0.48775758841548317,0.43148148148148147,1,1
0.03,0.75,0.4825118351434141,0.4668664717348928,1,1
1.0,0.25,0.4692512531328321,0.38435185185185183,1,1
0.03,1.0,0.44725181008075743,0.3770627958785853,1,1
0.03,1.0,0.5010761858349577,0.473641975308642,1,2
0.03,0.75,0.4963450292397661,0.4687719298245614,1,2
0.03,0.5,0.460891812865497,0.3977777777777778,1,2
0.1,0.25,0.46057504873294347,0.3698148148148148,1,2
0.1,1.0,0.4468689083820662,0.38805555555555554,1,2
0.1,0.5,0.4408382066276803,0.3531481481481481,1,2
1.0,0.25,0.43359324236517216,0.3421604938271605,1,2
0.3,0.5,0.42738791423001954,0.32870370370370366,1,2
0.03,0.25,0.4270711500974659,0.35962962962962963,1,2
0.3,0.25,0.4268762183235868,0.327037037037037,1,2
0.1,0.75,0.4212841130604288,0.36287037037037034,1,2
1.0,0.5,0.41875406107862245,0.3310493827160494,1,2
0.3,0.75,0.4084551656920078,0.3253703703703703,1,2
1.0,0.75,0.40167316439246264,0.31623456790123455,1,2
0.3,1.0,0.4012426900584795,0.3383333333333333,1,2
1.0,1.0,0.3986029889538662,0.2951234567901235,1,2
0.3,0.75,0.5837110136452242,0.4899122807017544,1,3
1.0,1.0,0.5786671539961014,0.4820175438596491,1,3
0.3,0.5,0.5705531189083821,0.47412280701754383,1,3
0.3,1.0,0.5663864522417154,0.4728070175438596,1,3
1.0,0.75,0.5594420077972709,0.4714912280701754,1,3
0.1,0.75,0.5442251461988303,0.4647368421052631,1,3
1.0,0.25,0.5430921052631579,0.443859649122807,1,3
0.1,1.0,0.5411445279866333,0.4618421052631579,1,3
1.0,0.5,0.540095029239766,0.4473684210526316,1,3
0.3,0.25,0.5398026315789474,0.4570175438596491,1,3
0.1,0.5,0.5381457115009747,0.44078947368421056,1,3
0.1,0.25,0.5347953216374269,0.43157894736842106,1,3
0.03,0.5,0.5320784600389863,0.46059941520467834,1,3
0.03,0.75,0.5223614592035645,0.43665831244778613,1,3
0.03,1.0,0.5132240323029796,0.46043859649122804,1,3
0.03,0.25,0.49428606237816763,0.4192105263157895,1,3
0.03,0.25,0.5580183096630466,0.49271442495126705,1,4
0.1,0.75,0.5525462962962963,0.48932261208576994,1,4
0.1,0.5,0.5509276663881927,0.5032115009746588,1,4
0.03,0.5,0.5491187459389213,0.5085038986354776,1,4
0.1,1.0,0.5477948343079921,0.49498538011695903,1,4
0.3,0.75,0.5476538568643832,0.49132553606237817,1,4
0.1,0.25,0.5452885686438318,0.47821150097465887,1,4
1.0,0.25,0.5426308827624617,0.49980506822612086,1,4
1.0,0.75,0.5386626287942078,0.49132553606237817,1,4
0.3,0.5,0.5377854358117515,0.48343079922027293,1,4
1.0,1.0,0.5367133110554163,0.49744639376218325,1,4
0.3,1.0,0.5325222779170149,0.4863255360623782,1,4
0.3,0.25,0.526026872737399,0.4705945419103314,1,4
1.0,0.5,0.5209099136730715,0.4810916179337232,1,4
0.03,0.75,0.4933090828924162,0.4653882391163093,1,4
0.03,1.0,0.45258574677434327,0.4217871066555277,1,4
0.03,0.25,0.5069966583124478,0.46292397660818707,2,0
0.1,0.75,0.5054023948760791,0.4552436647173489,2,0
0.3,0.75,0.5046557365636313,0.4539814814814815,2,0
0.03,1.0,0.49738408521303257,0.38739766081871346,2,0
0.1,1.0,0.49680103035366197,0.4628849902534113,2,0
0.03,0.75,0.4870387774993038,0.4226559454191033,2,0
0.3,1.0,0.48476225285435814,0.4400925925925926,2,0
0.1,0.5,0.4765507518796992,0.4539132553606237,2,0
0.3,0.25,0.4763297131718185,0.43576719576719575,2,0
0.03,0.5,0.47542119186856024,0.3936939571150097,2,0
0.3,0.5,0.4748677248677249,0.4498148148148148,2,0
0.1,0.25,0.4743194792536898,0.44548941798941794,2,0
1.0,0.75,0.47031119465329996,0.4462475633528265,2,0
1.0,1.0,0.4701284461152882,0.42731481481481476,2,0
1.0,0.25,0.46573029796714005,0.43576719576719575,2,0
1.0,0.5,0.460077276524645,0.4345029239766082,2,0
1.0,0.5,0.5387914230019494,0.4505165692007797,2,1
1.0,0.25,0.5223643599740091,0.4426218323586744,2,1
0.3,0.5,0.5155945419103314,0.4125828460038986,2,1
0.3,0.25,0.515338693957115,0.39471734892787524,2,1
0.3,0.75,0.505567738791423,0.4214327485380117,2,1
1.0,0.75,0.5021483105912931,0.3997855750487329,2,1
1.0,1.0,0.49624350227420405,0.4050194931773879,2,1
0.1,0.25,0.49189002599090315,0.38013157894736843,2,1
0.1,0.5,0.48922189733593247,0.3977485380116959,2,1
0.1,1.0,0.48788986354775826,0.4225146198830409,2,1
0.3,1.0,0.48654970760233923,0.3877777777777778,2,1
0.1,0.75,0.484433885640026,0.40659844054580896,2,1
0.03,0.75,0.4730933235867446,0.40249999999999997,2,1
0.03,1.0,0.4601547270955166,0.338874269005848,2,1
0.03,0.5,0.45396564327485384,0.3939181286549708,2,1
0.03,0.25,0.4524366471734892,0.37768031189083817,2,1
1.0,0.5,0.5631631161236424,0.516015037593985,2,2
0.3,0.5,0.5608970342522974,0.49668128654970756,2,2
1.0,1.0,0.5492742272347535,0.4741666666666666,2,2
0.3,0.25,0.547373642439432,0.48247702589807856,2,2
0.1,0.75,0.5457863408521304,0.5230555555555555,2,2
0.3,0.75,0.5428414786967418,0.47583333333333333,2,2
0.3,1.0,0.54156223893066,0.47833333333333333,2,2
0.1,0.25,0.5343619465329992,0.47285087719298247,2,2
1.0,0.25,0.5341060985797828,0.4743483709273183,2,2
1.0,0.75,0.5232142857142857,0.5042982456140351,2,2
0.1,1.0,0.5216426482873852,0.46402046783625733,2,2
0.1,0.5,0.5198360484544695,0.47583333333333333,2,2
0.03,0.5,0.49471073517126146,0.4130263157894737,2,2
0.03,0.25,0.47959482038429413,0.43000000000000005,2,2
0.03,1.0,0.4745013575605681,0.4479166666666667,2,2
0.03,0.75,0.44987990810359235,0.4025,2,2
0.03,1.0,0.556300763482781,0.4778825536062378,2,3
0.03,0.75,0.5460430590364801,0.4807675438596491,2,3
0.1,0.25,0.5324520792722547,0.44947368421052636,2,3
0.3,0.25,0.5296621182586095,0.46964912280701754,2,3
0.3,0.5,0.5267381416504224,0.4663840155945419,2,3
0.1,0.75,0.5251055880441845,0.4618421052631579,2,3
1.0,0.75,0.5206384015594542,0.43660818713450295,2,3
0.1,0.5,0.519314489928525,0.47236842105263155,2,3
0.3,0.75,0.5142909356725146,0.4256432748538012,2,3
1.0,1.0,0.5119923651721897,0.4204093567251462,2,3
0.03,0.5,0.5109695535134132,0.48224728487886376,2,3
1.0,0.25,0.5065139701104614,0.42608187134502923,2,3
0.1,1.0,0.5060069154367399,0.44263157894736843,2,3
1.0,0.5,0.5050722871994803,0.4061988304093567,2,3
0.03,0.25,0.5037443144899285,0.4703216374269006,2,3
0.3,1.0,0.5036427875243664,0.413640350877193,2,3
0.03,0.5,0.5802353104984684,0.48298245614035085,2,4
0.03,0.75,0.5569383528265107,0.44947368421052625,2,4
0.1,0.5,0.5532738095238094,0.49078947368421055,2,4
0.3,0.5,0.5493038150932887,0.4818421052631579,2,4
1.0,0.25,0.5487677527151211,0.5018421052631579,2,4
0.3,0.25,0.5444061542745754,0.465,2,4
0.03,0.25,0.5442094820384294,0.5005263157894737,2,4
0.1,0.25,0.5415657198551935,0.4947368421052632,2,4
0.3,0.75,0.5370718462823726,0.45552631578947367,2,4
1.0,0.5,0.5356098579782791,0.465,2,4
1.0,0.75,0.5352165135059872,0.465,2,4
0.03,1.0,0.5350659635199109,0.41600877192982455,2,4
0.1,0.75,0.5307835561125035,0.48947368421052634,2,4
0.1,1.0,0.5301256613756614,0.4763888888888889,2,4
1.0,1.0,0.5171400724032302,0.4326315789473684,2,4
0.3,1.0,0.5076893622946255,0.451578947368421,2,4
