repeat,fold,model,n_subjects,macro_pairwise,hit_rate,median_sep,chosen_C,chosen_l1_ratio,n_selected_features
0,0,TENGOD_FIXED,19,0.5771929824561404,0.6842105263157895,0.13324597024231455,,,10
0,0,ALL_L2,19,0.6105263157894737,0.5789473684210527,0.3203713201853997,,,302
0,0,ELASTICNET_AUTO,19,0.5798245614035087,0.5789473684210527,1.7402480819670494,1.0,0.5,115
0,0,STABILITY_SELECTED,19,0.6298245614035087,0.5789473684210527,1.185302319112124,1.0,0.5,40
0,0,HGB_CONTEXTUAL,19,0.5561403508771929,0.5263157894736842,0.024808608783452923,,,302
0,1,TENGOD_FIXED,19,0.7842105263157895,0.7894736842105263,0.4838659236629673,,,10
0,1,ALL_L2,19,0.5078947368421053,0.47368421052631576,-0.2691456194578925,,,302
0,1,ELASTICNET_AUTO,19,0.45789473684210524,0.3684210526315789,-0.16211553910807197,0.03,0.75,27
0,1,STABILITY_SELECTED,19,0.4131578947368421,0.47368421052631576,-0.031509027218848185,0.03,0.75,11
0,1,HGB_CONTEXTUAL,19,0.45526315789473687,0.3684210526315789,-0.02294852322920571,,,302
0,2,TENGOD_FIXED,19,0.531328320802005,0.5789473684210527,0.07983930851826382,,,10
0,2,ALL_L2,19,0.6309523809523809,0.7368421052631579,1.1504646340761706,,,302
0,2,ELASTICNET_AUTO,19,0.48370927318295737,0.47368421052631576,-0.01697528198698056,0.03,1.0,19
0,2,STABILITY_SELECTED,19,0.5093984962406015,0.5263157894736842,0.06629465439472959,0.03,1.0,5
0,2,HGB_CONTEXTUAL,19,0.4705513784461153,0.5263157894736842,0.025249183615539073,,,302
0,3,TENGOD_FIXED,18,0.5979938271604939,0.6666666666666666,0.25446114223614447,,,10
0,3,ALL_L2,18,0.5354938271604939,0.6666666666666666,2.2304767274101067,,,302
0,3,ELASTICNET_AUTO,18,0.6033950617283951,0.6666666666666666,0.07915423788377726,0.03,0.75,26
0,3,STABILITY_SELECTED,18,0.683641975308642,0.7222222222222222,0.5619560308943401,0.03,0.75,7
0,3,HGB_CONTEXTUAL,18,0.49845679012345673,0.5,-0.002075566789462191,,,302
0,4,TENGOD_FIXED,18,0.4583333333333333,0.5,-0.08923980918675584,,,10
0,4,ALL_L2,18,0.5,0.5,-0.21027765585420455,,,302
0,4,ELASTICNET_AUTO,18,0.39814814814814814,0.4444444444444444,-0.016560733228470757,0.03,1.0,18
0,4,STABILITY_SELECTED,18,0.5023148148148148,0.5,0.08821107369799888,0.03,1.0,8
0,4,HGB_CONTEXTUAL,18,0.5648148148148148,0.6111111111111112,0.03854947722710389,,,302
1,0,TENGOD_FIXED,19,0.5350877192982456,0.631578947368421,0.18902701592834176,,,10
1,0,ALL_L2,19,0.5789473684210527,0.5263157894736842,0.23559735630368728,,,302
1,0,ELASTICNET_AUTO,19,0.6578947368421053,0.631578947368421,0.5669919901467599,0.1,0.25,109
1,0,STABILITY_SELECTED,19,0.5789473684210527,0.5263157894736842,0.13083076190553866,0.1,0.25,40
1,0,HGB_CONTEXTUAL,19,0.5043859649122806,0.5263157894736842,0.014155607590979224,,,302
1,1,TENGOD_FIXED,19,0.7219298245614035,0.6842105263157895,0.4451707681334768,,,10
1,1,ALL_L2,19,0.4324561403508772,0.47368421052631576,-0.168967587622177,,,302
1,1,ELASTICNET_AUTO,19,0.46140350877192976,0.5263157894736842,0.3091482609847893,1.0,0.75,105
1,1,STABILITY_SELECTED,19,0.4456140350877193,0.3684210526315789,-0.5303531071299714,1.0,0.75,40
1,1,HGB_CONTEXTUAL,19,0.5339181286549707,0.6842105263157895,0.03190125925620668,,,302
1,2,TENGOD_FIXED,19,0.5488721804511278,0.631578947368421,0.23154129134809548,,,10
1,2,ALL_L2,19,0.6459899749373433,0.7894736842105263,2.7927720409881314,,,302
1,2,ELASTICNET_AUTO,19,0.637218045112782,0.6842105263157895,0.24063136598406315,0.03,1.0,19
1,2,STABILITY_SELECTED,19,0.5156641604010025,0.3684210526315789,0.0,0.03,1.0,3
1,2,HGB_CONTEXTUAL,19,0.5802005012531328,0.5789473684210527,0.024496360144886653,,,302
1,3,TENGOD_FIXED,18,0.5092592592592592,0.5,-0.0077234969203489046,,,10
1,3,ALL_L2,18,0.5083333333333333,0.5555555555555556,0.9205602574188063,,,302
1,3,ELASTICNET_AUTO,18,0.4703703703703704,0.4444444444444444,-0.11792169141435771,0.3,0.75,90
1,3,STABILITY_SELECTED,18,0.48888888888888893,0.6111111111111112,0.09614596507489614,0.3,0.75,40
1,3,HGB_CONTEXTUAL,18,0.4138888888888889,0.3888888888888889,-0.06553847791003725,,,302
1,4,TENGOD_FIXED,18,0.5023148148148148,0.5555555555555556,0.07723115481043705,,,10
1,4,ALL_L2,18,0.4555555555555555,0.5,0.1823814646237989,,,302
1,4,ELASTICNET_AUTO,18,0.509567901234568,0.5,-0.01694712290420944,0.03,0.25,67
1,4,STABILITY_SELECTED,18,0.44783950617283946,0.5,0.25260609621936186,0.03,0.25,37
1,4,HGB_CONTEXTUAL,18,0.4737654320987655,0.4444444444444444,-0.007687492775904414,,,302
2,0,TENGOD_FIXED,19,0.6008771929824561,0.631578947368421,0.33591585725641027,,,10
2,0,ALL_L2,19,0.5087719298245613,0.5789473684210527,1.0623534581782081,,,302
2,0,ELASTICNET_AUTO,19,0.5219298245614035,0.47368421052631576,-0.0014709694411210172,0.03,0.25,75
2,0,STABILITY_SELECTED,19,0.5131578947368421,0.5263157894736842,0.2623715111861813,0.03,0.25,40
2,0,HGB_CONTEXTUAL,19,0.5947368421052632,0.5789473684210527,0.008609965904738726,,,302
2,1,TENGOD_FIXED,19,0.7708020050125314,0.7368421052631579,0.4340120473028684,,,10
2,1,ALL_L2,19,0.5595238095238095,0.5789473684210527,0.7236644449306735,,,302
2,1,ELASTICNET_AUTO,19,0.5726817042606517,0.631578947368421,0.9537682679185042,1.0,0.5,118
2,1,STABILITY_SELECTED,19,0.5454887218045112,0.47368421052631576,-0.3886709391534986,1.0,0.5,40
2,1,HGB_CONTEXTUAL,19,0.5473684210526316,0.42105263157894735,-0.03098930472213174,,,302
2,2,TENGOD_FIXED,19,0.6271929824561403,0.5789473684210527,0.13477581496419222,,,10
2,2,ALL_L2,19,0.5614035087719298,0.631578947368421,3.4666485359286767,,,302
2,2,ELASTICNET_AUTO,19,0.587719298245614,0.631578947368421,3.3014425743162876,1.0,0.5,121
2,2,STABILITY_SELECTED,19,0.5438596491228069,0.5789473684210527,0.9082999070940048,1.0,0.5,40
2,2,HGB_CONTEXTUAL,19,0.6345029239766081,0.631578947368421,0.026902405476143976,,,302
2,3,TENGOD_FIXED,18,0.40555555555555556,0.3888888888888889,-0.17550242261654672,,,10
2,3,ALL_L2,18,0.5472222222222222,0.6111111111111112,0.8070900367886802,,,302
2,3,ELASTICNET_AUTO,18,0.47500000000000003,0.5,-0.039287841782912364,0.03,1.0,18
2,3,STABILITY_SELECTED,18,0.5351851851851852,0.5,0.16517526795136453,0.03,1.0,5
2,3,HGB_CONTEXTUAL,18,0.42962962962962964,0.4444444444444444,-0.017999195679337443,,,302
2,4,TENGOD_FIXED,18,0.5100308641975309,0.5,0.018883164025322724,,,10
2,4,ALL_L2,18,0.5493827160493827,0.5555555555555556,0.419959604156362,,,302
2,4,ELASTICNET_AUTO,18,0.5555555555555556,0.5555555555555556,0.06397759190113525,0.03,0.5,35
2,4,STABILITY_SELECTED,18,0.595679012345679,0.5,-0.15404817834086876,0.03,0.5,22
2,4,HGB_CONTEXTUAL,18,0.6188271604938271,0.6111111111111112,0.03191812079655415,,,302
