pair_id,pair_origin,pool,subject_id,name,axis,positive_event_id,positive_year,positive_description,negative_event_id,negative_year,negative_description,positive_source_status,negative_source_status,positive_source_reference,negative_source_reference,positive_measurement_basis,negative_measurement_basis,source_pair_eligible,positive_age,negative_age,positive_earlier,abs_year_gap,age_only_pairwise,calendar_earlier_only_pairwise,n_pairs_subject,subject_equal_pair_weight,chronology_gate_passed,model_ready,positive_earlier_calc,age_only_calc
V4PRE_PAIR_001,PREEXISTING_414_SOURCE_REVIEW,NEW_DEV_2_CONSUMED,NEWDEV2_006,Bob Lilly,COMPETITIVE,NEWDEV2_006_E001,1972,Won Super Bowl VI with the Dallas Cowboys.,NEWDEV2_006_E002,1971,Dallas lost Super Bowl V to the Baltimore Colts.,CONFIRMED_PREVIOUS_V4_REVIEW,CONFIRMED_PREVIOUS_V4_REVIEW,V4_CAREER_TAXONOMY_SOURCE_REVIEWED_414.csv:NEWDEV2_006_E001,V4_CAREER_TAXONOMY_SOURCE_REVIEWED_414.csv:NEWDEV2_006_E002,legacy_confirmed_axis_outcome,legacy_confirmed_axis_outcome,True,33,32,False,1,0.0,0.0,1,1.0,True,True,False,0.0
V4PRE_PAIR_002,PREEXISTING_414_SOURCE_REVIEW,NEW_DEV_2_CONSUMED,NEWDEV2_010,Bob Pettit,COMPETITIVE,NEWDEV2_010_E001,1958,Led the St. Louis Hawks to the NBA championship over Boston.,NEWDEV2_010_E002,1957,Lost the NBA Finals to the Boston Celtics in Game 7.,CONFIRMED_PREVIOUS_V4_REVIEW,CONFIRMED_PREVIOUS_V4_REVIEW,V4_CAREER_TAXONOMY_SOURCE_REVIEWED_414.csv:NEWDEV2_010_E001,V4_CAREER_TAXONOMY_SOURCE_REVIEWED_414.csv:NEWDEV2_010_E002,legacy_confirmed_axis_outcome,legacy_confirmed_axis_outcome,True,26,25,False,1,0.0,0.0,1,1.0,True,True,False,0.0
V4PRE_PAIR_003,PREEXISTING_414_SOURCE_REVIEW,NEW_DEV_2_CONSUMED,NEWDEV2_013,Bob Seagren,COMPETITIVE,NEWDEV2_013_E001,1968,Won the Olympic pole vault gold medal.,NEWDEV2_013_E002,1972,Won only silver at the Munich Olympics after a last-minute pole ban controversy disrupted the competition.,CONFIRMED_PREVIOUS_V4_REVIEW,CONFIRMED_PREVIOUS_V4_REVIEW,V4_CAREER_TAXONOMY_SOURCE_REVIEWED_414.csv:NEWDEV2_013_E001,V4_CAREER_TAXONOMY_SOURCE_REVIEWED_414.csv:NEWDEV2_013_E002,legacy_confirmed_axis_outcome,legacy_confirmed_axis_outcome,True,22,26,True,4,1.0,1.0,1,1.0,True,True,True,1.0
V4PRE_PAIR_004,PREEXISTING_414_SOURCE_REVIEW,NEW_DEV_2_CONSUMED,NEWDEV2_016,Bobby Bell,COMPETITIVE,NEWDEV2_016_E001,1970,Won Super Bowl IV with the Kansas City Chiefs.,NEWDEV2_016_E002,1967,The Chiefs lost Super Bowl I to the Green Bay Packers.,CONFIRMED_PREVIOUS_V4_REVIEW,CONFIRMED_PREVIOUS_V4_REVIEW,V4_CAREER_TAXONOMY_SOURCE_REVIEWED_414.csv:NEWDEV2_016_E001,V4_CAREER_TAXONOMY_SOURCE_REVIEWED_414.csv:NEWDEV2_016_E002,legacy_confirmed_axis_outcome,legacy_confirmed_axis_outcome,True,30,27,False,3,0.0,0.0,1,1.0,True,True,False,0.0
V4PRE_PAIR_005,PREEXISTING_414_SOURCE_REVIEW,NEW_DEV_2_CONSUMED,NEWDEV2_019,Bo Derek,PROJECT,NEWDEV2_019_E001,1979,The film 10 made her an international star and breakthrough screen figure.,NEWDEV2_019_E002,1984,Bolero was widely panned and received multiple Golden Raspberry awards.,CONFIRMED_PREVIOUS_V4_REVIEW,CONFIRMED_PREVIOUS_V4_REVIEW,V4_CAREER_TAXONOMY_SOURCE_REVIEWED_414.csv:NEWDEV2_019_E001,V4_CAREER_TAXONOMY_SOURCE_REVIEWED_414.csv:NEWDEV2_019_E002,legacy_confirmed_axis_outcome,legacy_confirmed_axis_outcome,True,23,28,True,5,1.0,1.0,1,1.0,True,True,True,1.0
V4PRE_PAIR_006,PREEXISTING_414_SOURCE_REVIEW,NEW_DEV_2_CONSUMED,NEWDEV2_024,Bill Forsyth,PROJECT,NEWDEV2_024_E001,1983,Local Hero brought major international critical acclaim and awards recognition.,NEWDEV2_024_E002,1999,Gregory's Two Girls received a limited release and was followed by a long break from feature directing.,CONFIRMED_PREVIOUS_V4_REVIEW,CONFIRMED_PREVIOUS_V4_REVIEW,V4_CAREER_TAXONOMY_SOURCE_REVIEWED_414.csv:NEWDEV2_024_E001,V4_CAREER_TAXONOMY_SOURCE_REVIEWED_414.csv:NEWDEV2_024_E002,legacy_confirmed_axis_outcome,legacy_confirmed_axis_outcome,True,37,53,True,16,1.0,1.0,1,1.0,True,True,True,1.0
V4PRE_PAIR_007,PREEXISTING_414_SOURCE_REVIEW,NEW_DEV_2_CONSUMED,NEWDEV2_028,Billy Backus,COMPETITIVE,NEWDEV2_028_E001,1970,Won the world welterweight championship by defeating José Nápoles.,NEWDEV2_028_E002,1971,Lost the welterweight title to Nápoles in their rematch.,CONFIRMED_PREVIOUS_V4_REVIEW,CONFIRMED_PREVIOUS_V4_REVIEW,V4_CAREER_TAXONOMY_SOURCE_REVIEWED_414.csv:NEWDEV2_028_E001,V4_CAREER_TAXONOMY_SOURCE_REVIEWED_414.csv:NEWDEV2_028_E002,legacy_confirmed_axis_outcome,legacy_confirmed_axis_outcome,True,27,28,True,1,1.0,1.0,1,1.0,True,True,True,1.0
V4PRE_PAIR_008,PREEXISTING_414_SOURCE_REVIEW,NEW_DEV_2_CONSUMED,NEWDEV2_029,Billy Casper,COMPETITIVE,NEWDEV2_029_E001,1966,Won the U.S. Open after an 18-hole playoff against Arnold Palmer.,NEWDEV2_029_E002,1969,"Finished tied for second at the Masters, narrowly missing another major championship.",CONFIRMED_PREVIOUS_V4_REVIEW,CONFIRMED_PREVIOUS_V4_REVIEW,V4_CAREER_TAXONOMY_SOURCE_REVIEWED_414.csv:NEWDEV2_029_E001,V4_CAREER_TAXONOMY_SOURCE_REVIEWED_414.csv:NEWDEV2_029_E002,legacy_confirmed_axis_outcome,legacy_confirmed_axis_outcome,True,35,38,True,3,1.0,1.0,2,0.5,True,True,True,1.0
V4PRE_PAIR_009,PREEXISTING_414_SOURCE_REVIEW,NEW_DEV_2_CONSUMED,NEWDEV2_030,Billy Kidd,COMPETITIVE,NEWDEV2_030_E001,1964,"Won Olympic silver in the slalom, the first U.S. men's Olympic medal in alpine skiing.",NEWDEV2_030_E002,1968,Was unable to match his 1964 Olympic success at Grenoble amid injuries and inconsistent results.,CONFIRMED_PREVIOUS_V4_REVIEW,CONFIRMED_PREVIOUS_V4_REVIEW,V4_CAREER_TAXONOMY_SOURCE_REVIEWED_414.csv:NEWDEV2_030_E001,V4_CAREER_TAXONOMY_SOURCE_REVIEWED_414.csv:NEWDEV2_030_E002,legacy_confirmed_axis_outcome,legacy_confirmed_axis_outcome,True,21,25,True,4,1.0,1.0,1,1.0,True,True,True,1.0
V4PRE_PAIR_010,PREEXISTING_414_SOURCE_REVIEW,NEW_DEV_2_CONSUMED,NEWDEV2_035,Bill Steinkraus,COMPETITIVE,NEWDEV2_035_E001,1968,Won individual Olympic gold in show jumping.,NEWDEV2_035_E002,1972,Failed to repeat his individual Olympic title at Munich.,CONFIRMED_PREVIOUS_V4_REVIEW,CONFIRMED_PREVIOUS_V4_REVIEW,V4_CAREER_TAXONOMY_SOURCE_REVIEWED_414.csv:NEWDEV2_035_E001,V4_CAREER_TAXONOMY_SOURCE_REVIEWED_414.csv:NEWDEV2_035_E002,legacy_confirmed_axis_outcome,legacy_confirmed_axis_outcome,True,43,47,True,4,1.0,1.0,1,1.0,True,True,True,1.0
V4PRE_PAIR_011,PREEXISTING_414_SOURCE_REVIEW,NEW_DEV_2_CONSUMED,NEWDEV2_039,Tom Daschle,STATUS,NEWDEV2_039_E001,1995,Became U.S. Senate Democratic leader.,NEWDEV2_039_E002,2004,Lost his Senate reelection race to John Thune.,CONFIRMED_PREVIOUS_V4_REVIEW,CONFIRMED_PREVIOUS_V4_REVIEW,V4_CAREER_TAXONOMY_SOURCE_REVIEWED_414.csv:NEWDEV2_039_E001,V4_CAREER_TAXONOMY_SOURCE_REVIEWED_414.csv:NEWDEV2_039_E002,legacy_confirmed_axis_outcome,legacy_confirmed_axis_outcome,True,48,57,True,9,1.0,1.0,1,1.0,True,True,True,1.0
V4PRE_PAIR_012,PREEXISTING_414_SOURCE_REVIEW,NEW_DEV_2_CONSUMED,NEWDEV2_041,Tom Foley,STATUS,NEWDEV2_041_E001,1989,Became Speaker of the U.S. House of Representatives.,NEWDEV2_041_E002,1994,"Lost his House reelection race, becoming the first sitting Speaker defeated since 1862.",CONFIRMED_PREVIOUS_V4_REVIEW,CONFIRMED_PREVIOUS_V4_REVIEW,V4_CAREER_TAXONOMY_SOURCE_REVIEWED_414.csv:NEWDEV2_041_E001,V4_CAREER_TAXONOMY_SOURCE_REVIEWED_414.csv:NEWDEV2_041_E002,legacy_confirmed_axis_outcome,legacy_confirmed_axis_outcome,True,60,65,True,5,1.0,1.0,2,0.5,True,True,True,1.0
V4PRE_PAIR_013,PREEXISTING_414_SOURCE_REVIEW,NEW_DEV_2_CONSUMED,NEWDEV2_043,Tom Okker,COMPETITIVE,NEWDEV2_043_E001,1973,Won the French Open men's doubles title.,NEWDEV2_043_E002,1968,Lost the U.S. Open singles final in five sets to Arthur Ashe.,CONFIRMED_PREVIOUS_V4_REVIEW,CONFIRMED_PREVIOUS_V4_REVIEW,V4_CAREER_TAXONOMY_SOURCE_REVIEWED_414.csv:NEWDEV2_043_E001,V4_CAREER_TAXONOMY_SOURCE_REVIEWED_414.csv:NEWDEV2_043_E002,legacy_confirmed_axis_outcome,legacy_confirmed_axis_outcome,True,29,24,False,5,0.0,0.0,1,1.0,True,True,False,0.0
V4PRE_PAIR_014,PREEXISTING_414_SOURCE_REVIEW,NEW_DEV_2_CONSUMED,NEWDEV2_053,Toni Kroos,COMPETITIVE,NEWDEV2_053_E001,2014,"Won the FIFA World Cup with Germany and joined Real Madrid, beginning a highly successful period.",NEWDEV2_053_E002,2012,Bayern Munich lost the UEFA Champions League final at home to Chelsea.,CONFIRMED_PREVIOUS_V4_REVIEW,CONFIRMED_PREVIOUS_V4_REVIEW,V4_CAREER_TAXONOMY_SOURCE_REVIEWED_414.csv:NEWDEV2_053_E001,V4_CAREER_TAXONOMY_SOURCE_REVIEWED_414.csv:NEWDEV2_053_E002,legacy_confirmed_axis_outcome,legacy_confirmed_axis_outcome,True,24,22,False,2,0.0,0.0,1,1.0,True,True,False,0.0
V4PRE_PAIR_015,PREEXISTING_414_SOURCE_REVIEW,NEW_DEV_2_CONSUMED,NEWDEV2_056,Tony Estanguet,COMPETITIVE,NEWDEV2_056_E001,2000,Won Olympic gold in canoe slalom C1 at Sydney.,NEWDEV2_056_E002,2008,Failed to reach the C1 final at the Beijing Olympics.,CONFIRMED_PREVIOUS_V4_REVIEW,CONFIRMED_PREVIOUS_V4_REVIEW,V4_CAREER_TAXONOMY_SOURCE_REVIEWED_414.csv:NEWDEV2_056_E001,V4_CAREER_TAXONOMY_SOURCE_REVIEWED_414.csv:NEWDEV2_056_E002,legacy_confirmed_axis_outcome,legacy_confirmed_axis_outcome,True,22,30,True,8,1.0,1.0,4,0.25,True,True,True,1.0
V4PRE_PAIR_016,PREEXISTING_414_SOURCE_REVIEW,NEW_DEV_2_CONSUMED,NEWDEV2_065,George Foreman,COMPETITIVE,NEWDEV2_065_E001,1973,Won the world heavyweight boxing championship by defeating Joe Frazier.,NEWDEV2_065_E002,1974,Lost the heavyweight title to Muhammad Ali in the Rumble in the Jungle.,CONFIRMED_PREVIOUS_V4_REVIEW,CONFIRMED_PREVIOUS_V4_REVIEW,V4_CAREER_TAXONOMY_SOURCE_REVIEWED_414.csv:NEWDEV2_065_E001,V4_CAREER_TAXONOMY_SOURCE_REVIEWED_414.csv:NEWDEV2_065_E002,legacy_confirmed_axis_outcome,legacy_confirmed_axis_outcome,True,24,25,True,1,1.0,1.0,3,0.3333333333333333,True,True,True,1.0
V4PRE_PAIR_017,PREEXISTING_414_SOURCE_REVIEW,NEW_DEV_2_CONSUMED,NEWDEV2_066,George Galloway,STATUS,NEWDEV2_066_E001,2005,Won the Bethnal Green and Bow parliamentary seat as a Respect Party candidate.,NEWDEV2_066_E002,2010,Lost his attempt to win the Poplar and Limehouse parliamentary seat.,CONFIRMED_PREVIOUS_V4_REVIEW,CONFIRMED_PREVIOUS_V4_REVIEW,V4_CAREER_TAXONOMY_SOURCE_REVIEWED_414.csv:NEWDEV2_066_E001,V4_CAREER_TAXONOMY_SOURCE_REVIEWED_414.csv:NEWDEV2_066_E002,legacy_confirmed_axis_outcome,legacy_confirmed_axis_outcome,True,51,56,True,5,1.0,1.0,3,0.3333333333333333,True,True,True,1.0
V4PRE_PAIR_018,PREEXISTING_414_SOURCE_REVIEW,NEW_DEV_2_CONSUMED,NEWDEV2_067,Gerald Ford,STATUS,NEWDEV2_067_E001,1974,Became President of the United States after Richard Nixon resigned.,NEWDEV2_067_E002,1976,Lost the presidential election to Jimmy Carter.,CONFIRMED_PREVIOUS_V4_REVIEW,CONFIRMED_PREVIOUS_V4_REVIEW,V4_CAREER_TAXONOMY_SOURCE_REVIEWED_414.csv:NEWDEV2_067_E001,V4_CAREER_TAXONOMY_SOURCE_REVIEWED_414.csv:NEWDEV2_067_E002,legacy_confirmed_axis_outcome,legacy_confirmed_axis_outcome,True,61,63,True,2,1.0,1.0,1,1.0,True,True,True,1.0
V4PRE_PAIR_019,PREEXISTING_414_SOURCE_REVIEW,NEW_DEV_2_CONSUMED,NEWDEV2_068,Gerard Butler,PROJECT,NEWDEV2_068_E001,2007,300 became an international box-office success and made him a leading action star.,NEWDEV2_068_E002,2017,Geostorm was poorly reviewed and underperformed relative to its large production budget.,CONFIRMED_PREVIOUS_V4_REVIEW,CONFIRMED_PREVIOUS_V4_REVIEW,V4_CAREER_TAXONOMY_SOURCE_REVIEWED_414.csv:NEWDEV2_068_E001,V4_CAREER_TAXONOMY_SOURCE_REVIEWED_414.csv:NEWDEV2_068_E002,legacy_confirmed_axis_outcome,legacy_confirmed_axis_outcome,True,38,48,True,10,1.0,1.0,1,1.0,True,True,True,1.0
V4PRE_PAIR_020,PREEXISTING_414_SOURCE_REVIEW,NEW_DEV_2_CONSUMED,NEWDEV2_070,Carol Burnett,PROJECT,NEWDEV2_070_E001,1967,The Carol Burnett Show premiered and became a major long-running television success.,NEWDEV2_070_E002,1991,Her network comeback series The Carol Burnett Show was canceled after a short run.,CONFIRMED_PREVIOUS_V4_REVIEW,CONFIRMED_PREVIOUS_V4_REVIEW,V4_CAREER_TAXONOMY_SOURCE_REVIEWED_414.csv:NEWDEV2_070_E001,V4_CAREER_TAXONOMY_SOURCE_REVIEWED_414.csv:NEWDEV2_070_E002,legacy_confirmed_axis_outcome,legacy_confirmed_axis_outcome,True,34,58,True,24,1.0,1.0,1,1.0,True,True,True,1.0
V4PRE_PAIR_021,PREEXISTING_414_SOURCE_REVIEW,NEW_DEV_2_CONSUMED,NEWDEV2_074,Carmen Electra,PROJECT,NEWDEV2_074_E001,1997,Joined Baywatch and gained wide television recognition.,NEWDEV2_074_E002,2005,Dirty Love was critically panned and received multiple Golden Raspberry awards.,CONFIRMED_PREVIOUS_V4_REVIEW,CONFIRMED_PREVIOUS_V4_REVIEW,V4_CAREER_TAXONOMY_SOURCE_REVIEWED_414.csv:NEWDEV2_074_E001,V4_CAREER_TAXONOMY_SOURCE_REVIEWED_414.csv:NEWDEV2_074_E002,legacy_confirmed_axis_outcome,legacy_confirmed_axis_outcome,True,25,33,True,8,1.0,1.0,1,1.0,True,True,True,1.0
V4PRE_PAIR_022,PREEXISTING_414_SOURCE_REVIEW,NEW_DEV_2_CONSUMED,NEWDEV2_075,Carmen Basilio,COMPETITIVE,NEWDEV2_075_E001,1957,Defeated Sugar Ray Robinson to win the world middleweight championship.,NEWDEV2_075_E002,1958,Lost the middleweight title back to Robinson in their rematch.,CONFIRMED_PREVIOUS_V4_REVIEW,CONFIRMED_PREVIOUS_V4_REVIEW,V4_CAREER_TAXONOMY_SOURCE_REVIEWED_414.csv:NEWDEV2_075_E001,V4_CAREER_TAXONOMY_SOURCE_REVIEWED_414.csv:NEWDEV2_075_E002,legacy_confirmed_axis_outcome,legacy_confirmed_axis_outcome,True,30,31,True,1,1.0,1.0,1,1.0,True,True,True,1.0
V4PRE_PAIR_023,PREEXISTING_414_SOURCE_REVIEW,NEW_DEV_2_CONSUMED,NEWDEV2_077,Dennis Wilson,PROJECT,NEWDEV2_077_E001,1977,"Released Pacific Ocean Blue, a well-regarded solo album and landmark outside the Beach Boys.",NEWDEV2_077_E002,1980,Work on his planned follow-up Bambu stalled and remained unfinished amid financial and personal problems.,CONFIRMED_PREVIOUS_V4_REVIEW,CONFIRMED_PREVIOUS_V4_REVIEW,V4_CAREER_TAXONOMY_SOURCE_REVIEWED_414.csv:NEWDEV2_077_E001,V4_CAREER_TAXONOMY_SOURCE_REVIEWED_414.csv:NEWDEV2_077_E002,legacy_confirmed_axis_outcome,legacy_confirmed_axis_outcome,True,33,36,True,3,1.0,1.0,1,1.0,True,True,True,1.0
V4PRE_PAIR_024,PREEXISTING_414_SOURCE_REVIEW,NEW_DEV_2_CONSUMED,NEWDEV2_078,Dennis Ralston,COMPETITIVE,NEWDEV2_078_E001,1963,Helped the United States win the Davis Cup.,NEWDEV2_078_E002,1966,Lost the Wimbledon men's singles final to Manuel Santana.,CONFIRMED_PREVIOUS_V4_REVIEW,CONFIRMED_PREVIOUS_V4_REVIEW,V4_CAREER_TAXONOMY_SOURCE_REVIEWED_414.csv:NEWDEV2_078_E001,V4_CAREER_TAXONOMY_SOURCE_REVIEWED_414.csv:NEWDEV2_078_E002,legacy_confirmed_axis_outcome,legacy_confirmed_axis_outcome,True,21,24,True,3,1.0,1.0,1,1.0,True,True,True,1.0
V4PRE_PAIR_025,PREEXISTING_414_SOURCE_REVIEW,NEW_DEV_2_CONSUMED,NEWDEV2_081,Elizabeth Banks,PROJECT,NEWDEV2_081_E001,2012,The Hunger Games and Pitch Perfect franchises elevated her to major mainstream visibility.,NEWDEV2_081_E002,2019,Her Charlie's Angels directing project underperformed at the box office.,CONFIRMED_PREVIOUS_V4_REVIEW,CONFIRMED_PREVIOUS_V4_REVIEW,V4_CAREER_TAXONOMY_SOURCE_REVIEWED_414.csv:NEWDEV2_081_E001,V4_CAREER_TAXONOMY_SOURCE_REVIEWED_414.csv:NEWDEV2_081_E002,legacy_confirmed_axis_outcome,legacy_confirmed_axis_outcome,True,38,45,True,7,1.0,1.0,2,0.5,True,True,True,1.0
V4PRE_PAIR_026,PREEXISTING_414_SOURCE_REVIEW,NEW_DEV_2_CONSUMED,NEWDEV2_082,Elizabeth Dole,STATUS,NEWDEV2_082_E001,2002,Won election to the U.S. Senate from North Carolina.,NEWDEV2_082_E002,2008,Lost her Senate reelection bid to Kay Hagan.,CONFIRMED_PREVIOUS_V4_REVIEW,CONFIRMED_PREVIOUS_V4_REVIEW,V4_CAREER_TAXONOMY_SOURCE_REVIEWED_414.csv:NEWDEV2_082_E001,V4_CAREER_TAXONOMY_SOURCE_REVIEWED_414.csv:NEWDEV2_082_E002,legacy_confirmed_axis_outcome,legacy_confirmed_axis_outcome,True,66,72,True,6,1.0,1.0,1,1.0,True,True,True,1.0
V4PRE_PAIR_027,PREEXISTING_414_SOURCE_REVIEW,NEW_DEV_2_CONSUMED,NEWDEV2_089,Robert Byrd,STATUS,NEWDEV2_089_E001,1987,Became U.S. Senate Majority Leader.,NEWDEV2_089_E002,1988,Lost the Democratic leadership contest to George Mitchell for the following Congress.,CONFIRMED_PREVIOUS_V4_REVIEW,CONFIRMED_PREVIOUS_V4_REVIEW,V4_CAREER_TAXONOMY_SOURCE_REVIEWED_414.csv:NEWDEV2_089_E001,V4_CAREER_TAXONOMY_SOURCE_REVIEWED_414.csv:NEWDEV2_089_E002,legacy_confirmed_axis_outcome,legacy_confirmed_axis_outcome,True,70,71,True,1,1.0,1.0,2,0.5,True,True,True,1.0
V4PRE_PAIR_028,PREEXISTING_414_SOURCE_REVIEW,NEW_DEV_2_CONSUMED,NEWDEV2_090,Tony Trabert,COMPETITIVE,NEWDEV2_090_E001,1955,"Won the French Championships, Wimbledon, and U.S. Championships in a dominant amateur season.",NEWDEV2_090_E002,1956,"After turning professional, he lost major head-to-head professional series to Pancho Gonzales.",CONFIRMED_PREVIOUS_V4_REVIEW,CONFIRMED_PREVIOUS_V4_REVIEW,V4_CAREER_TAXONOMY_SOURCE_REVIEWED_414.csv:NEWDEV2_090_E001,V4_CAREER_TAXONOMY_SOURCE_REVIEWED_414.csv:NEWDEV2_090_E002,legacy_confirmed_axis_outcome,legacy_confirmed_axis_outcome,True,25,26,True,1,1.0,1.0,1,1.0,True,True,True,1.0
V4PRE_PAIR_029,PREEXISTING_414_SOURCE_REVIEW,NEW_DEV_2_CONSUMED,NEWDEV2_091,Michael Landon,PROJECT,NEWDEV2_091_E001,1974,"Little House on the Prairie premiered, launching another long-running hit series under his creative control.",NEWDEV2_091_E002,1989,"NBC ended Highway to Heaven after ratings fell, closing his final long-running series.",CONFIRMED_PREVIOUS_V4_REVIEW,CONFIRMED_PREVIOUS_V4_REVIEW,V4_CAREER_TAXONOMY_SOURCE_REVIEWED_414.csv:NEWDEV2_091_E001,V4_CAREER_TAXONOMY_SOURCE_REVIEWED_414.csv:NEWDEV2_091_E002,legacy_confirmed_axis_outcome,legacy_confirmed_axis_outcome,True,38,53,True,15,1.0,1.0,1,1.0,True,True,True,1.0
V4PRE_PAIR_030,PREEXISTING_414_SOURCE_REVIEW,NEW_DEV_2_CONSUMED,NEWDEV2_093,Aaron Pryor,COMPETITIVE,NEWDEV2_093_E001,1982,Defeated Alexis Argüello by TKO in a celebrated junior-welterweight title defense.,NEWDEV2_093_E002,1987,"Suffered the first loss of his professional career, a TKO defeat to Bobby Joe Young during a troubled comeback.",CONFIRMED_PREVIOUS_V4_REVIEW,CONFIRMED_PREVIOUS_V4_REVIEW,V4_CAREER_TAXONOMY_SOURCE_REVIEWED_414.csv:NEWDEV2_093_E001,V4_CAREER_TAXONOMY_SOURCE_REVIEWED_414.csv:NEWDEV2_093_E002,legacy_confirmed_axis_outcome,legacy_confirmed_axis_outcome,True,27,32,True,5,1.0,1.0,1,1.0,True,True,True,1.0
V4PRE_PAIR_031,PREEXISTING_414_SOURCE_REVIEW,V2_NEW_DEV,MLV2_DEV_003,Jennifer Aniston,PROJECT,MLV2_DEV_003_E0001,1994,Friends premiered and launched her international fame,MLV2_DEV_003_E0003,2010,The Bounty Hunter was widely panned by critics and became a conspicuous low point in her film run.,CONFIRMED_PREVIOUS_V4_REVIEW,CONFIRMED_PREVIOUS_V4_REVIEW,V4_CAREER_TAXONOMY_SOURCE_REVIEWED_414.csv:MLV2_DEV_003_E0001,V4_CAREER_TAXONOMY_SOURCE_REVIEWED_414.csv:MLV2_DEV_003_E0003,legacy_confirmed_axis_outcome,legacy_confirmed_axis_outcome,True,25,41,True,16,1.0,1.0,2,0.5,True,True,True,1.0
V4PRE_PAIR_032,PREEXISTING_414_SOURCE_REVIEW,V2_NEW_DEV,MLV2_DEV_005,Julia Roberts,PROJECT,MLV2_DEV_005_E0001,1990,Pretty Woman became a global breakout hit,MLV2_DEV_005_E0002,1996,Mary Reilly was a major critical and box-office disappointment.,CONFIRMED_PREVIOUS_V4_REVIEW,CONFIRMED_PREVIOUS_V4_REVIEW,V4_CAREER_TAXONOMY_SOURCE_REVIEWED_414.csv:MLV2_DEV_005_E0001,V4_CAREER_TAXONOMY_SOURCE_REVIEWED_414.csv:MLV2_DEV_005_E0002,legacy_confirmed_axis_outcome,legacy_confirmed_axis_outcome,True,23,29,True,6,1.0,1.0,2,0.5,True,True,True,1.0
V4PRE_PAIR_033,PREEXISTING_414_SOURCE_REVIEW,V2_NEW_DEV,MLV2_DEV_007,Julie Delpy,PROJECT,MLV2_DEV_007_E0001,1995,Before Sunrise established her international art-house profile,MLV2_DEV_007_E0003,2009,Her directorial film The Countess received mixed-to-negative reviews and limited commercial impact.,CONFIRMED_PREVIOUS_V4_REVIEW,CONFIRMED_PREVIOUS_V4_REVIEW,V4_CAREER_TAXONOMY_SOURCE_REVIEWED_414.csv:MLV2_DEV_007_E0001,V4_CAREER_TAXONOMY_SOURCE_REVIEWED_414.csv:MLV2_DEV_007_E0003,legacy_confirmed_axis_outcome,legacy_confirmed_axis_outcome,True,26,40,True,14,1.0,1.0,3,0.3333333333333333,True,True,True,1.0
V4PRE_PAIR_034,PREEXISTING_414_SOURCE_REVIEW,V2_NEW_DEV,MLV2_DEV_007,Julie Delpy,PROJECT,MLV2_DEV_007_E0002,2004,Before Sunset earned major acclaim and screenplay recognition,MLV2_DEV_007_E0003,2009,Her directorial film The Countess received mixed-to-negative reviews and limited commercial impact.,CONFIRMED_PREVIOUS_V4_REVIEW,CONFIRMED_PREVIOUS_V4_REVIEW,V4_CAREER_TAXONOMY_SOURCE_REVIEWED_414.csv:MLV2_DEV_007_E0002,V4_CAREER_TAXONOMY_SOURCE_REVIEWED_414.csv:MLV2_DEV_007_E0003,legacy_confirmed_axis_outcome,legacy_confirmed_axis_outcome,True,35,40,True,5,1.0,1.0,3,0.3333333333333333,True,True,True,1.0
V4PRE_PAIR_035,PREEXISTING_414_SOURCE_REVIEW,V2_NEW_DEV,MLV2_DEV_008,Jenna Elfman,PROJECT,MLV2_DEV_008_E0001,1997,Dharma & Greg became her breakout television role,MLV2_DEV_008_E0003,2002,"Dharma & Greg ended after five seasons, closing the series that had defined her breakout period.",CONFIRMED_PREVIOUS_V4_REVIEW,CONFIRMED_PREVIOUS_V4_REVIEW,V4_CAREER_TAXONOMY_SOURCE_REVIEWED_414.csv:MLV2_DEV_008_E0001,V4_CAREER_TAXONOMY_SOURCE_REVIEWED_414.csv:MLV2_DEV_008_E0003,legacy_confirmed_axis_outcome,legacy_confirmed_axis_outcome,True,26,31,True,5,1.0,1.0,1,1.0,True,True,True,1.0
V4PRE_PAIR_036,PREEXISTING_414_SOURCE_REVIEW,V2_NEW_DEV,MLV2_DEV_020,Cindy Sherman,PROJECT,MLV2_DEV_020_E0001,1981,Untitled Film Stills established major art-world recognition,MLV2_DEV_020_E0003,1997,Her feature-film directorial debut Office Killer received mixed reviews and very limited commercial exposure.,CONFIRMED_PREVIOUS_V4_REVIEW,CONFIRMED_PREVIOUS_V4_REVIEW,V4_CAREER_TAXONOMY_SOURCE_REVIEWED_414.csv:MLV2_DEV_020_E0001,V4_CAREER_TAXONOMY_SOURCE_REVIEWED_414.csv:MLV2_DEV_020_E0003,legacy_confirmed_axis_outcome,legacy_confirmed_axis_outcome,True,27,43,True,16,1.0,1.0,1,1.0,True,True,True,1.0
V4PRE_PAIR_037,PREEXISTING_414_SOURCE_REVIEW,V2_NEW_DEV,MLV2_DEV_022,Glenn Close,RECOGNITION,MLV2_DEV_022_E0001,1983,Received an early Academy Award nomination during breakthrough film work,MLV2_DEV_022_E0002,2020,Hillbilly Elegy drew strongly negative reviews and brought a Razzie nomination despite awards attention for her performance.,CONFIRMED_PREVIOUS_V4_REVIEW,CONFIRMED_PREVIOUS_V4_REVIEW,V4_CAREER_TAXONOMY_SOURCE_REVIEWED_414.csv:MLV2_DEV_022_E0001,V4_CAREER_TAXONOMY_SOURCE_REVIEWED_414.csv:MLV2_DEV_022_E0002,legacy_confirmed_axis_outcome,legacy_confirmed_axis_outcome,True,36,73,True,37,1.0,1.0,2,0.5,True,True,True,1.0
V4PRE_PAIR_038,PREEXISTING_414_SOURCE_REVIEW,V2_NEW_DEV,MLV2_DEV_022,Glenn Close,RECOGNITION,MLV2_DEV_022_E0003,2021,Reached eight career Academy Award acting nominations,MLV2_DEV_022_E0002,2020,Hillbilly Elegy drew strongly negative reviews and brought a Razzie nomination despite awards attention for her performance.,CONFIRMED_PREVIOUS_V4_REVIEW,CONFIRMED_PREVIOUS_V4_REVIEW,V4_CAREER_TAXONOMY_SOURCE_REVIEWED_414.csv:MLV2_DEV_022_E0003,V4_CAREER_TAXONOMY_SOURCE_REVIEWED_414.csv:MLV2_DEV_022_E0002,legacy_confirmed_axis_outcome,legacy_confirmed_axis_outcome,True,74,73,False,1,0.0,0.0,2,0.5,True,True,False,0.0
V4PRE_PAIR_039,PREEXISTING_414_SOURCE_REVIEW,V2_NEW_DEV,MLV2_DEV_027,Jamie Lee Curtis,PROJECT,MLV2_DEV_027_E0001,1978,Halloween became her breakthrough film,MLV2_DEV_027_E0002,1999,Virus was a major critical failure and later became a film she publicly described as a bad project.,CONFIRMED_PREVIOUS_V4_REVIEW,CONFIRMED_PREVIOUS_V4_REVIEW,V4_CAREER_TAXONOMY_SOURCE_REVIEWED_414.csv:MLV2_DEV_027_E0001,V4_CAREER_TAXONOMY_SOURCE_REVIEWED_414.csv:MLV2_DEV_027_E0002,legacy_confirmed_axis_outcome,legacy_confirmed_axis_outcome,True,20,41,True,21,1.0,1.0,2,0.5,True,True,True,1.0
V4PRE_PAIR_040,PREEXISTING_414_SOURCE_REVIEW,V2_NEW_DEV,MLV2_DEV_033,Kevin Costner,PROJECT,MLV2_DEV_033_E0003,2018,Yellowstone launched a major late-career resurgence,MLV2_DEV_033_E0002,1995,Waterworld became associated with severe production difficulties and negative publicity,CONFIRMED_PREVIOUS_V4_REVIEW,CONFIRMED_PREVIOUS_V4_REVIEW,V4_CAREER_TAXONOMY_SOURCE_REVIEWED_414.csv:MLV2_DEV_033_E0003,V4_CAREER_TAXONOMY_SOURCE_REVIEWED_414.csv:MLV2_DEV_033_E0002,legacy_confirmed_axis_outcome,legacy_confirmed_axis_outcome,True,63,40,False,23,0.0,0.0,1,1.0,True,True,False,0.0
V4PRE_PAIR_041,PREEXISTING_414_SOURCE_REVIEW,V2_NEW_DEV,MLV2_DEV_038,Leonardo DiCaprio,RECOGNITION,MLV2_DEV_038_E0003,2016,Won the Academy Award for The Revenant,MLV2_DEV_038_E0002,2000,The Beach drew mixed-to-negative reviews and brought a Razzie nomination during his post-Titanic period.,CONFIRMED_PREVIOUS_V4_REVIEW,CONFIRMED_PREVIOUS_V4_REVIEW,V4_CAREER_TAXONOMY_SOURCE_REVIEWED_414.csv:MLV2_DEV_038_E0003,V4_CAREER_TAXONOMY_SOURCE_REVIEWED_414.csv:MLV2_DEV_038_E0002,legacy_confirmed_axis_outcome,legacy_confirmed_axis_outcome,True,42,26,False,16,0.0,0.0,1,1.0,True,True,False,0.0
V4PRE_PAIR_042,PREEXISTING_414_SOURCE_REVIEW,V2_NEW_DEV,MLV2_DEV_039,Leonardo Del Vecchio,STATUS,MLV2_DEV_039_E0001,1961,"Founded Luxottica, the company that became the foundation of his eyewear empire.",MLV2_DEV_039_E0003,2014,Luxottica underwent a highly public leadership and governance disruption with rapid chief-executive turnover.,CONFIRMED_PREVIOUS_V4_REVIEW,CONFIRMED_PREVIOUS_V4_REVIEW,V4_CAREER_TAXONOMY_SOURCE_REVIEWED_414.csv:MLV2_DEV_039_E0001,V4_CAREER_TAXONOMY_SOURCE_REVIEWED_414.csv:MLV2_DEV_039_E0003,legacy_confirmed_axis_outcome,legacy_confirmed_axis_outcome,True,26,79,True,53,1.0,1.0,1,1.0,True,True,True,1.0
V4PRE_PAIR_043,PREEXISTING_414_SOURCE_REVIEW,V2_NEW_DEV,MLV2_DEV_041,Lisa Ling,PROJECT,MLV2_DEV_041_E0002,2014,This Is Life with Lisa Ling launched on CNN,MLV2_DEV_041_E0003,2022,"CNN ended This Is Life with Lisa Ling amid network programming changes, closing her long-running documentary series.",CONFIRMED_PREVIOUS_V4_REVIEW,CONFIRMED_PREVIOUS_V4_REVIEW,V4_CAREER_TAXONOMY_SOURCE_REVIEWED_414.csv:MLV2_DEV_041_E0002,V4_CAREER_TAXONOMY_SOURCE_REVIEWED_414.csv:MLV2_DEV_041_E0003,legacy_confirmed_axis_outcome,legacy_confirmed_axis_outcome,True,41,49,True,8,1.0,1.0,1,1.0,True,True,True,1.0
V4PRE_PAIR_044,PREEXISTING_414_SOURCE_REVIEW,V2_NEW_DEV,MLV2_DEV_043,Mark Spitz,COMPETITIVE,MLV2_DEV_043_E0001,1968,Won multiple Olympic medals in Mexico City,MLV2_DEV_043_E0003,1992,His attempted Olympic comeback ended when he failed to qualify for the US Olympic team.,CONFIRMED_PREVIOUS_V4_REVIEW,CONFIRMED_PREVIOUS_V4_REVIEW,V4_CAREER_TAXONOMY_SOURCE_REVIEWED_414.csv:MLV2_DEV_043_E0001,V4_CAREER_TAXONOMY_SOURCE_REVIEWED_414.csv:MLV2_DEV_043_E0003,legacy_confirmed_axis_outcome,legacy_confirmed_axis_outcome,True,18,42,True,24,1.0,1.0,3,0.3333333333333333,True,True,True,1.0
V4PRE_PAIR_045,PREEXISTING_414_SOURCE_REVIEW,V2_NEW_DEV,MLV2_DEV_043,Mark Spitz,COMPETITIVE,MLV2_DEV_043_E0002,1972,Won seven Olympic gold medals in Munich,MLV2_DEV_043_E0003,1992,His attempted Olympic comeback ended when he failed to qualify for the US Olympic team.,CONFIRMED_PREVIOUS_V4_REVIEW,CONFIRMED_PREVIOUS_V4_REVIEW,V4_CAREER_TAXONOMY_SOURCE_REVIEWED_414.csv:MLV2_DEV_043_E0002,V4_CAREER_TAXONOMY_SOURCE_REVIEWED_414.csv:MLV2_DEV_043_E0003,legacy_confirmed_axis_outcome,legacy_confirmed_axis_outcome,True,22,42,True,20,1.0,1.0,3,0.3333333333333333,True,True,True,1.0
V4PRE_PAIR_046,PREEXISTING_414_SOURCE_REVIEW,V2_NEW_DEV,MLV2_DEV_050,Sigourney Weaver,PROJECT,MLV2_DEV_050_E0001,1979,Alien established her as a major film star,MLV2_DEV_050_E0003,1997,Alien Resurrection received mixed critical reaction and marked an uneven close to her original Ripley film run.,CONFIRMED_PREVIOUS_V4_REVIEW,CONFIRMED_PREVIOUS_V4_REVIEW,V4_CAREER_TAXONOMY_SOURCE_REVIEWED_414.csv:MLV2_DEV_050_E0001,V4_CAREER_TAXONOMY_SOURCE_REVIEWED_414.csv:MLV2_DEV_050_E0003,legacy_confirmed_axis_outcome,legacy_confirmed_axis_outcome,True,30,48,True,18,1.0,1.0,1,1.0,True,True,True,1.0
V4PRE_PAIR_047,PREEXISTING_414_SOURCE_REVIEW,V2_NEW_DEV,MLV2_DEV_054,Uma Thurman,RECOGNITION,MLV2_DEV_054_E0001,1994,Pulp Fiction earned an Academy Award nomination,MLV2_DEV_054_E0002,1997,Batman & Robin was critically savaged and brought her a Razzie nomination.,CONFIRMED_PREVIOUS_V4_REVIEW,CONFIRMED_PREVIOUS_V4_REVIEW,V4_CAREER_TAXONOMY_SOURCE_REVIEWED_414.csv:MLV2_DEV_054_E0001,V4_CAREER_TAXONOMY_SOURCE_REVIEWED_414.csv:MLV2_DEV_054_E0002,legacy_confirmed_axis_outcome,legacy_confirmed_axis_outcome,True,24,27,True,3,1.0,1.0,2,0.5,True,True,True,1.0
V4PRE_PAIR_048,PREEXISTING_414_SOURCE_REVIEW,V2_NEW_DEV,MLV2_DEV_057,Diane Keaton,PROJECT,MLV2_DEV_057_E0002,1996,The First Wives Club became a major commercial success,MLV2_DEV_057_E0003,2007,Because I Said So was heavily criticized by reviewers despite commercial visibility.,CONFIRMED_PREVIOUS_V4_REVIEW,CONFIRMED_PREVIOUS_V4_REVIEW,V4_CAREER_TAXONOMY_SOURCE_REVIEWED_414.csv:MLV2_DEV_057_E0002,V4_CAREER_TAXONOMY_SOURCE_REVIEWED_414.csv:MLV2_DEV_057_E0003,legacy_confirmed_axis_outcome,legacy_confirmed_axis_outcome,True,50,61,True,11,1.0,1.0,2,0.5,True,True,True,1.0
V4PRE_PAIR_049,PREEXISTING_414_SOURCE_REVIEW,V2_NEW_DEV,MLV2_DEV_058,George Takei,PROJECT,MLV2_DEV_058_E0001,1966,"Star Trek premiered with Takei as Hikaru Sulu, establishing his defining role.",MLV2_DEV_058_E0002,1969,"Star Trek was cancelled after three seasons, ending his regular network-series role.",CONFIRMED_PREVIOUS_V4_REVIEW,CONFIRMED_PREVIOUS_V4_REVIEW,V4_CAREER_TAXONOMY_SOURCE_REVIEWED_414.csv:MLV2_DEV_058_E0001,V4_CAREER_TAXONOMY_SOURCE_REVIEWED_414.csv:MLV2_DEV_058_E0002,legacy_confirmed_axis_outcome,legacy_confirmed_axis_outcome,True,29,32,True,3,1.0,1.0,1,1.0,True,True,True,1.0
V4EXP_PAIR_001,V4_TARGET_EXPANSION_2026-08-16,NEW_DEV_2_CONSUMED,NEWDEV2_005,Bob Knight,COMPETITIVE,V4EXP_NEWDEV2_005_COMPETITIVE_POS_1976,1976,Indiana completed a 32-0 season and won the NCAA championship.,V4EXP_NEWDEV2_005_COMPETITIVE_NEG_1975,1975,Indiana finished 31-1 after losing in the NCAA Elite Eight.,CONFIRMED_PUBLIC_SOURCE_RESEARCH_2026-08-16,CONFIRMED_PUBLIC_SOURCE_RESEARCH_2026-08-16,https://www.bobknight.com/coaching-record,https://www.bobknight.com/coaching-record,explicit_outcome,explicit_outcome,True,36,35,False,1,0.0,0.0,2,0.5,True,True,False,0.0
V4EXP_PAIR_002,V4_TARGET_EXPANSION_2026-08-16,NEW_DEV_2_CONSUMED,NEWDEV2_036,Tom Brady,COMPETITIVE,V4EXP_NEWDEV2_036_COMPETITIVE_POS_2015,2015,New England defeated Seattle in Super Bowl XLIX.,V4EXP_NEWDEV2_036_COMPETITIVE_NEG_2012,2012,New England lost Super Bowl XLVI to the Giants.,CONFIRMED_PUBLIC_SOURCE_RESEARCH_2026-08-16,CONFIRMED_PUBLIC_SOURCE_RESEARCH_2026-08-16,https://www.patriots.com/press-room/super-bowl-xlix,https://www.patriots.com/press-room/super-bowl-xlvi,explicit_outcome,explicit_outcome,True,38,35,False,3,0.0,0.0,2,0.5,True,True,False,0.0
V4EXP_PAIR_003,V4_TARGET_EXPANSION_2026-08-16,NEW_DEV_2_CONSUMED,NEWDEV2_036,Tom Brady,COMPETITIVE,V4EXP_NEWDEV2_036_COMPETITIVE_POS_2019,2019,New England defeated the Rams in Super Bowl LIII.,V4EXP_NEWDEV2_036_COMPETITIVE_NEG_2018,2018,New England lost Super Bowl LII to Philadelphia.,CONFIRMED_PUBLIC_SOURCE_RESEARCH_2026-08-16,CONFIRMED_PUBLIC_SOURCE_RESEARCH_2026-08-16,https://www.patriots.com/press-room/super-bowl-liii,https://www.patriots.com/press-room/super-bowl-lii,explicit_outcome,explicit_outcome,True,42,41,False,1,0.0,0.0,2,0.5,True,True,False,0.0
V4EXP_PAIR_004,V4_TARGET_EXPANSION_2026-08-16,NEW_DEV_2_CONSUMED,NEWDEV2_042,Tom Glavine,COMPETITIVE,V4EXP_NEWDEV2_042_COMPETITIVE_POS_1995,1995,Atlanta won the 1995 World Series; Glavine was the decisive Game 6 starter and World Series MVP.,V4EXP_NEWDEV2_042_COMPETITIVE_NEG_1991,1991,Atlanta lost the 1991 World Series.,CONFIRMED_PUBLIC_SOURCE_RESEARCH_2026-08-16,CONFIRMED_PUBLIC_SOURCE_RESEARCH_2026-08-16,https://www.mlb.com/news/1995-world-series-recap,https://www.mlb.com/braves/history/timeline,explicit_outcome,explicit_outcome,True,29,25,False,4,0.0,0.0,2,0.5,True,True,False,0.0
V4EXP_PAIR_005,V4_TARGET_EXPANSION_2026-08-16,NEW_DEV_2_CONSUMED,NEWDEV2_042,Tom Glavine,COMPETITIVE,V4EXP_NEWDEV2_042_COMPETITIVE_POS_1995,1995,Atlanta won the 1995 World Series; Glavine was the decisive Game 6 starter and World Series MVP.,V4EXP_NEWDEV2_042_COMPETITIVE_NEG_1992,1992,Atlanta lost the 1992 World Series.,CONFIRMED_PUBLIC_SOURCE_RESEARCH_2026-08-16,CONFIRMED_PUBLIC_SOURCE_RESEARCH_2026-08-16,https://www.mlb.com/news/1995-world-series-recap,https://www.mlb.com/braves/history/timeline,explicit_outcome,explicit_outcome,True,29,26,False,3,0.0,0.0,2,0.5,True,True,False,0.0
V4EXP_PAIR_006,V4_TARGET_EXPANSION_2026-08-16,V2_NEW_DEV,MLV2_DEV_068,Chris Evert,COMPETITIVE,V4EXP_MLV2_DEV_068_COMPETITIVE_POS_1974,1974,Won the Roland Garros singles title.,V4EXP_MLV2_DEV_068_COMPETITIVE_NEG_1973,1973,Lost the Roland Garros singles final.,CONFIRMED_PUBLIC_SOURCE_RESEARCH_2026-08-16,CONFIRMED_PUBLIC_SOURCE_RESEARCH_2026-08-16,https://www.wtatennis.com/legends/50020/chris-evert/record,https://www.wtatennis.com/legends/50020/chris-evert/record,explicit_outcome,explicit_outcome,True,20,19,False,1,0.0,0.0,5,0.2,True,True,False,0.0
V4EXP_PAIR_007,V4_TARGET_EXPANSION_2026-08-16,V2_NEW_DEV,MLV2_DEV_068,Chris Evert,COMPETITIVE,V4EXP_MLV2_DEV_068_COMPETITIVE_POS_1985,1985,Won the Roland Garros singles title.,V4EXP_MLV2_DEV_068_COMPETITIVE_NEG_1984,1984,Lost the Roland Garros singles final.,CONFIRMED_PUBLIC_SOURCE_RESEARCH_2026-08-16,CONFIRMED_PUBLIC_SOURCE_RESEARCH_2026-08-16,https://www.wtatennis.com/legends/50020/chris-evert/record,https://www.wtatennis.com/legends/50020/chris-evert/record,explicit_outcome,explicit_outcome,True,31,30,False,1,0.0,0.0,5,0.2,True,True,False,0.0
V4EXP_PAIR_008,V4_TARGET_EXPANSION_2026-08-16,V2_NEW_DEV,MLV2_DEV_068,Chris Evert,COMPETITIVE,V4EXP_MLV2_DEV_068_COMPETITIVE_POS_1982,1982,Won the Australian Open singles title.,V4EXP_MLV2_DEV_068_COMPETITIVE_NEG_1981,1981,Lost the Australian Open singles final.,CONFIRMED_PUBLIC_SOURCE_RESEARCH_2026-08-16,CONFIRMED_PUBLIC_SOURCE_RESEARCH_2026-08-16,https://www.wtatennis.com/legends/50020/chris-evert/record,https://www.wtatennis.com/legends/50020/chris-evert/record,explicit_outcome,explicit_outcome,True,28,27,False,1,0.0,0.0,5,0.2,True,True,False,0.0
V4EXP_PAIR_009,V4_TARGET_EXPANSION_2026-08-16,V2_NEW_DEV,MLV2_DEV_068,Chris Evert,COMPETITIVE,V4EXP_MLV2_DEV_068_COMPETITIVE_POS_1981,1981,Won the Wimbledon singles title.,V4EXP_MLV2_DEV_068_COMPETITIVE_NEG_1979,1979,Lost the Wimbledon singles final.,CONFIRMED_PUBLIC_SOURCE_RESEARCH_2026-08-16,CONFIRMED_PUBLIC_SOURCE_RESEARCH_2026-08-16,https://www.wtatennis.com/legends/50020/chris-evert/record,https://www.wtatennis.com/legends/50020/chris-evert/record,explicit_outcome,explicit_outcome,True,27,25,False,2,0.0,0.0,5,0.2,True,True,False,0.0
V4EXP_PAIR_010,V4_TARGET_EXPANSION_2026-08-16,V2_NEW_DEV,MLV2_DEV_068,Chris Evert,COMPETITIVE,V4EXP_MLV2_DEV_068_COMPETITIVE_POS_1981,1981,Won the Wimbledon singles title.,V4EXP_MLV2_DEV_068_COMPETITIVE_NEG_1978,1978,Lost the Wimbledon singles final.,CONFIRMED_PUBLIC_SOURCE_RESEARCH_2026-08-16,CONFIRMED_PUBLIC_SOURCE_RESEARCH_2026-08-16,https://www.wtatennis.com/legends/50020/chris-evert/record,https://www.wtatennis.com/legends/50020/chris-evert/record,explicit_outcome,explicit_outcome,True,27,24,False,3,0.0,0.0,5,0.2,True,True,False,0.0
V4EXP_PAIR_011,V4_TARGET_EXPANSION_2026-08-16,NEW_DEV_2_CONSUMED,NEWDEV2_027,Billie Jean King,COMPETITIVE,V4EXP_NEWDEV2_027_COMPETITIVE_POS_1966,1966,Won the Wimbledon singles title.,V4EXP_NEWDEV2_027_COMPETITIVE_NEG_1963,1963,Lost the Wimbledon singles final.,CONFIRMED_PUBLIC_SOURCE_RESEARCH_2026-08-16,CONFIRMED_PUBLIC_SOURCE_RESEARCH_2026-08-16,https://www.wtatennis.com/legends/110100/billie-jean-king/record,https://www.wtatennis.com/legends/110100/billie-jean-king/record,explicit_outcome,explicit_outcome,True,23,20,False,3,0.0,0.0,3,0.3333333333333333,True,True,False,0.0
V4EXP_PAIR_012,V4_TARGET_EXPANSION_2026-08-16,NEW_DEV_2_CONSUMED,NEWDEV2_027,Billie Jean King,COMPETITIVE,V4EXP_NEWDEV2_027_COMPETITIVE_POS_1972,1972,Won the Wimbledon singles title.,V4EXP_NEWDEV2_027_COMPETITIVE_NEG_1969,1969,Lost the Wimbledon singles final.,CONFIRMED_PUBLIC_SOURCE_RESEARCH_2026-08-16,CONFIRMED_PUBLIC_SOURCE_RESEARCH_2026-08-16,https://www.wtatennis.com/legends/110100/billie-jean-king/record,https://www.wtatennis.com/legends/110100/billie-jean-king/record,explicit_outcome,explicit_outcome,True,29,26,False,3,0.0,0.0,3,0.3333333333333333,True,True,False,0.0
V4EXP_PAIR_013,V4_TARGET_EXPANSION_2026-08-16,NEW_DEV_2_CONSUMED,NEWDEV2_027,Billie Jean King,COMPETITIVE,V4EXP_NEWDEV2_027_COMPETITIVE_POS_1972,1972,Won the Wimbledon singles title.,V4EXP_NEWDEV2_027_COMPETITIVE_NEG_1970,1970,Lost the Wimbledon singles final.,CONFIRMED_PUBLIC_SOURCE_RESEARCH_2026-08-16,CONFIRMED_PUBLIC_SOURCE_RESEARCH_2026-08-16,https://www.wtatennis.com/legends/110100/billie-jean-king/record,https://www.wtatennis.com/legends/110100/billie-jean-king/record,explicit_outcome,explicit_outcome,True,29,27,False,2,0.0,0.0,3,0.3333333333333333,True,True,False,0.0
V4EXP_PAIR_014,V4_TARGET_EXPANSION_2026-08-16,NEW_DEV_2_CONSUMED,NEWDEV2_056,Tony Estanguet,COMPETITIVE,V4EXP_NEWDEV2_056_COMPETITIVE_POS_2009,2009,Won the C1 world championship.,V4EXP_NEWDEV2_056_COMPETITIVE_NEG_2008,2008,Failed to reach the Beijing Olympic C1 final.,CONFIRMED_PUBLIC_SOURCE_RESEARCH_2026-08-16,CONFIRMED_PUBLIC_SOURCE_RESEARCH_2026-08-16,https://www.theguardian.com/sport/article/2024/jul/21/tony-estanguet-paris-olympic-gold-sebastian-coe,https://www.theguardian.com/sport/article/2024/jul/21/tony-estanguet-paris-olympic-gold-sebastian-coe,explicit_outcome,explicit_outcome,True,31,30,False,1,0.0,0.0,4,0.25,True,True,False,0.0
V4EXP_PAIR_015,V4_TARGET_EXPANSION_2026-08-16,NEW_DEV_2_CONSUMED,NEWDEV2_056,Tony Estanguet,COMPETITIVE,V4EXP_NEWDEV2_056_COMPETITIVE_POS_2010,2010,Won the C1 world championship.,V4EXP_NEWDEV2_056_COMPETITIVE_NEG_2008,2008,Failed to reach the Beijing Olympic C1 final.,CONFIRMED_PUBLIC_SOURCE_RESEARCH_2026-08-16,CONFIRMED_PUBLIC_SOURCE_RESEARCH_2026-08-16,https://www.theguardian.com/sport/article/2024/jul/21/tony-estanguet-paris-olympic-gold-sebastian-coe,https://www.theguardian.com/sport/article/2024/jul/21/tony-estanguet-paris-olympic-gold-sebastian-coe,explicit_outcome,explicit_outcome,True,32,30,False,2,0.0,0.0,4,0.25,True,True,False,0.0
V4EXP_PAIR_016,V4_TARGET_EXPANSION_2026-08-16,NEW_DEV_2_CONSUMED,NEWDEV2_056,Tony Estanguet,COMPETITIVE,V4EXP_NEWDEV2_056_COMPETITIVE_POS_2012,2012,Won Olympic C1 gold in London.,V4EXP_NEWDEV2_056_COMPETITIVE_NEG_2008,2008,Failed to reach the Beijing Olympic C1 final.,CONFIRMED_PUBLIC_SOURCE_RESEARCH_2026-08-16,CONFIRMED_PUBLIC_SOURCE_RESEARCH_2026-08-16,https://www.theguardian.com/sport/article/2024/jul/21/tony-estanguet-paris-olympic-gold-sebastian-coe,https://www.theguardian.com/sport/article/2024/jul/21/tony-estanguet-paris-olympic-gold-sebastian-coe,explicit_outcome,explicit_outcome,True,34,30,False,4,0.0,0.0,4,0.25,True,True,False,0.0
V4EXP_PAIR_017,V4_TARGET_EXPANSION_2026-08-16,NEW_DEV_2_CONSUMED,NEWDEV2_060,Tony Parker,COMPETITIVE,V4EXP_NEWDEV2_060_COMPETITIVE_POS_2014,2014,San Antonio won the 2014 NBA championship.,V4EXP_NEWDEV2_060_COMPETITIVE_NEG_2013,2013,San Antonio lost the 2013 NBA Finals.,CONFIRMED_PUBLIC_SOURCE_RESEARCH_2026-08-16,CONFIRMED_PUBLIC_SOURCE_RESEARCH_2026-08-16,https://www.nba.com/news/history-season-review-2013-14,https://www.nba.com/watch/list/collection/nba-finals-2013,explicit_outcome,explicit_outcome,True,32,31,False,1,0.0,0.0,1,1.0,True,True,False,0.0
V4EXP_PAIR_018,V4_TARGET_EXPANSION_2026-08-16,NEW_DEV_2_CONSUMED,NEWDEV2_065,George Foreman,COMPETITIVE,V4EXP_NEWDEV2_065_COMPETITIVE_POS_1994,1994,Regained the heavyweight championship by knocking out Michael Moorer.,V4EXP_NEWDEV2_065_COMPETITIVE_NEG_1974,1974,Lost the heavyweight title to Muhammad Ali.,CONFIRMED_PUBLIC_SOURCE_RESEARCH_2026-08-16,CONFIRMED_PUBLIC_SOURCE_RESEARCH_2026-08-16,https://www.reuters.com/sports/american-boxing-legend-george-foreman-dead-76-family-says-2025-03-22/,https://www.reuters.com/sports/american-boxing-legend-george-foreman-dead-76-family-says-2025-03-22/,explicit_outcome,explicit_outcome,True,45,25,False,20,0.0,0.0,3,0.3333333333333333,True,True,False,0.0
V4EXP_PAIR_019,V4_TARGET_EXPANSION_2026-08-16,NEW_DEV_2_CONSUMED,NEWDEV2_065,George Foreman,COMPETITIVE,V4EXP_NEWDEV2_065_COMPETITIVE_POS_1994,1994,Regained the heavyweight championship by knocking out Michael Moorer.,V4EXP_NEWDEV2_065_COMPETITIVE_NEG_1991,1991,Lost a heavyweight title challenge to Evander Holyfield.,CONFIRMED_PUBLIC_SOURCE_RESEARCH_2026-08-16,CONFIRMED_PUBLIC_SOURCE_RESEARCH_2026-08-16,https://www.reuters.com/sports/american-boxing-legend-george-foreman-dead-76-family-says-2025-03-22/,https://www.reuters.com/sports/american-boxing-legend-george-foreman-dead-76-family-says-2025-03-22/,explicit_outcome,explicit_outcome,True,45,42,False,3,0.0,0.0,3,0.3333333333333333,True,True,False,0.0
V4EXP_PAIR_020,V4_TARGET_EXPANSION_2026-08-16,NEW_DEV_2_CONSUMED,NEWDEV2_031,Billy Martin,COMPETITIVE,V4EXP_NEWDEV2_031_COMPETITIVE_POS_1977,1977,Managed the Yankees to a World Series championship.,V4EXP_NEWDEV2_031_COMPETITIVE_NEG_1976,1976,Managed the Yankees in a World Series loss.,CONFIRMED_PUBLIC_SOURCE_RESEARCH_2026-08-16,CONFIRMED_PUBLIC_SOURCE_RESEARCH_2026-08-16,https://www.mlb.com/postseason/history/1977,https://www.mlb.com/postseason/history/1976,explicit_outcome,explicit_outcome,True,49,48,False,1,0.0,0.0,1,1.0,True,True,False,0.0
V4EXP_PAIR_021,V4_TARGET_EXPANSION_2026-08-16,NEW_DEV_2_CONSUMED,NEWDEV2_092,Michael Llodra,COMPETITIVE,V4EXP_NEWDEV2_092_COMPETITIVE_POS_2003,2003,Won Australian Open men's doubles.,V4EXP_NEWDEV2_092_COMPETITIVE_NEG_2002,2002,Finished runner-up in Australian Open men's doubles.,CONFIRMED_PUBLIC_SOURCE_RESEARCH_2026-08-16,CONFIRMED_PUBLIC_SOURCE_RESEARCH_2026-08-16,https://ausopen.com/history/honour-roll/mens-doubles,https://ausopen.com/history/honour-roll/mens-doubles,explicit_outcome,explicit_outcome,True,23,22,False,1,0.0,0.0,1,1.0,True,True,False,0.0
V4EXP_PAIR_022,V4_TARGET_EXPANSION_2026-08-16,NEW_DEV_2_CONSUMED,NEWDEV2_059,Tony Kubek,COMPETITIVE,V4EXP_NEWDEV2_059_COMPETITIVE_POS_1958,1958,The Yankees won the 1958 World Series with Kubek on the roster.,V4EXP_NEWDEV2_059_COMPETITIVE_NEG_1957,1957,The Yankees lost the 1957 World Series while Kubek played in the series.,CONFIRMED_PUBLIC_SOURCE_RESEARCH_2026-08-16,CONFIRMED_PUBLIC_SOURCE_RESEARCH_2026-08-16,https://www.mlb.com/postseason/history/1958,https://www.mlb.com/postseason/history/1957,explicit_outcome,explicit_outcome,True,23,22,False,1,0.0,0.0,2,0.5,True,True,False,0.0
V4EXP_PAIR_023,V4_TARGET_EXPANSION_2026-08-16,NEW_DEV_2_CONSUMED,NEWDEV2_059,Tony Kubek,COMPETITIVE,V4EXP_NEWDEV2_059_COMPETITIVE_POS_1961,1961,The Yankees won the 1961 World Series with Kubek on the roster.,V4EXP_NEWDEV2_059_COMPETITIVE_NEG_1960,1960,The Yankees lost the 1960 World Series while Kubek played in the series.,CONFIRMED_PUBLIC_SOURCE_RESEARCH_2026-08-16,CONFIRMED_PUBLIC_SOURCE_RESEARCH_2026-08-16,https://www.mlb.com/postseason/history/1961,https://www.mlb.com/postseason/history/1960,explicit_outcome,explicit_outcome,True,26,25,False,1,0.0,0.0,2,0.5,True,True,False,0.0
V4EXP_PAIR_024,V4_TARGET_EXPANSION_2026-08-16,NEW_DEV_2_CONSUMED,NEWDEV2_029,Billy Casper,COMPETITIVE,V4EXP_NEWDEV2_029_COMPETITIVE_POS_1970,1970,Won the Masters Tournament.,V4EXP_NEWDEV2_029_COMPETITIVE_NEG_1969,1969,Finished tied for second at the Masters.,CONFIRMED_PUBLIC_SOURCE_RESEARCH_2026-08-16,CONFIRMED_PREVIOUS_V4_REVIEW,https://www.pga.com/story/past-winners-of-the-masters-tournament,Golf major historical results,explicit_outcome,explicit_outcome,True,39,38,False,1,0.0,0.0,2,0.5,True,True,False,0.0
V4EXP_PAIR_025,V4_TARGET_EXPANSION_2026-08-16,V2_NEW_DEV,MLV2_DEV_043,Mark Spitz,COMPETITIVE,V4EXP_MLV2_DEV_043_COMPETITIVE_POS_1972,1972,Won Olympic gold in the 100m butterfly in world-record time.,V4EXP_MLV2_DEV_043_COMPETITIVE_NEG_1968,1968,"Won silver, not gold, in the Olympic 100m butterfly.",CONFIRMED_PUBLIC_SOURCE_RESEARCH_2026-08-16,CONFIRMED_PUBLIC_SOURCE_RESEARCH_2026-08-16,https://www.olympedia.org/athletes/51572,https://www.olympedia.org/athletes/51572,explicit_outcome,explicit_outcome,True,22,18,False,4,0.0,0.0,3,0.3333333333333333,True,True,False,0.0
V4EXP_PAIR_026,V4_TARGET_EXPANSION_2026-08-16,V2_NEW_DEV,MLV2_DEV_005,Julia Roberts,PROJECT,V4EXP_MLV2_DEV_005_PROJECT_POS_1997,1997,My Best Friend's Wedding became a major box-office success.,V4EXP_MLV2_DEV_005_PROJECT_NEG_1996,1996,Mary Reilly was a critical and box-office failure.,CONFIRMED_PUBLIC_SOURCE_RESEARCH_2026-08-16,CONFIRMED_PUBLIC_SOURCE_RESEARCH_2026-08-16,https://www.the-numbers.com/movie/My-Best-Friends-Wedding,https://www.vanityfair.com/news/1999/06/canoodling-with-julia,commercial_success,overall_project_failure,True,30,29,False,1,0.0,0.0,2,0.5,True,True,False,0.0
V4EXP_PAIR_027,V4_TARGET_EXPANSION_2026-08-16,V2_NEW_DEV,MLV2_DEV_007,Julie Delpy,PROJECT,V4EXP_MLV2_DEV_007_PROJECT_POS_2013,2013,Before Midnight achieved strong box office relative to its small production scale and broad acclaim.,V4EXP_MLV2_DEV_007_PROJECT_NEG_2009,2009,The Countess had limited commercial impact and mixed-to-negative reception.,CONFIRMED_PUBLIC_SOURCE_RESEARCH_2026-08-16,CONFIRMED_PREVIOUS_V4_REVIEW,https://www.the-numbers.com/movie/Before-Midnight,film archives / Rotten Tomatoes,commercial_success,overall_project_failure,True,44,40,False,4,0.0,0.0,3,0.3333333333333333,True,True,False,0.0
V4EXP_PAIR_028,V4_TARGET_EXPANSION_2026-08-16,V2_NEW_DEV,MLV2_DEV_027,Jamie Lee Curtis,PROJECT,V4EXP_MLV2_DEV_027_PROJECT_POS_2003,2003,Freaky Friday became a major commercial success.,V4EXP_MLV2_DEV_027_PROJECT_NEG_1999,1999,Virus was a major critical/commercial failure.,CONFIRMED_PUBLIC_SOURCE_RESEARCH_2026-08-16,CONFIRMED_PUBLIC_SOURCE_RESEARCH_2026-08-16,https://www.the-numbers.com/movie/Freaky-Friday-%282003%29,https://www.the-numbers.com/movie/Virus,commercial_success,commercial_failure,True,45,41,False,4,0.0,0.0,2,0.5,True,True,False,0.0
V4EXP_PAIR_029,V4_TARGET_EXPANSION_2026-08-16,V2_NEW_DEV,MLV2_DEV_063,John Krasinski,PROJECT,V4EXP_MLV2_DEV_063_PROJECT_POS_2018,2018,A Quiet Place became a large commercial hit relative to budget.,V4EXP_MLV2_DEV_063_PROJECT_NEG_2016,2016,The Hollars had very limited theatrical box office.,CONFIRMED_PUBLIC_SOURCE_RESEARCH_2026-08-16,CONFIRMED_PUBLIC_SOURCE_RESEARCH_2026-08-16,https://www.the-numbers.com/movie/Quiet-Place-A-%282018%29,https://www.the-numbers.com/movie/Hollars-The,commercial_success,low_commercial_reach,True,39,37,False,2,0.0,0.0,1,1.0,True,True,False,0.0
V4EXP_PAIR_030,V4_TARGET_EXPANSION_2026-08-16,NEW_DEV_2_CONSUMED,NEWDEV2_002,Bob Fosse,PROJECT,V4EXP_NEWDEV2_002_PROJECT_POS_1972,1972,Cabaret became a major successful film and awards landmark.,V4EXP_NEWDEV2_002_PROJECT_NEG_1969,1969,Sweet Charity was a costly box-office disappointment.,CONFIRMED_PUBLIC_SOURCE_RESEARCH_2026-08-16,CONFIRMED_PUBLIC_SOURCE_RESEARCH_2026-08-16,https://www.tcm.com/articles/25853/cabaret,https://www.tcm.com/articles/87919/sweet-charity,overall_project_success,overall_project_failure,True,45,42,False,3,0.0,0.0,1,1.0,True,True,False,0.0
V4EXP_PAIR_031,V4_TARGET_EXPANSION_2026-08-16,NEW_DEV_2_CONSUMED,NEWDEV2_054,Toni Morrison,PROJECT,V4EXP_NEWDEV2_054_PROJECT_POS_1987,1987,Beloved became an immediate major literary success.,V4EXP_NEWDEV2_054_PROJECT_NEG_1970,1970,The Bluest Eye had limited initial commercial reception.,CONFIRMED_PUBLIC_SOURCE_RESEARCH_2026-08-16,CONFIRMED_PUBLIC_SOURCE_RESEARCH_2026-08-16,https://www.newyorker.com/magazine/2003/10/27/ghosts-in-the-house,https://www.newyorker.com/magazine/2003/10/27/ghosts-in-the-house,major_project_success,low_initial_reception,True,56,39,False,17,0.0,0.0,1,1.0,True,True,False,0.0
V4EXP_PAIR_032,V4_TARGET_EXPANSION_2026-08-16,V2_NEW_DEV,MLV2_DEV_040,Lisa Kudrow,PROJECT,V4EXP_MLV2_DEV_040_PROJECT_POS_2014,2014,The Comeback was revived for a second season years later.,V4EXP_MLV2_DEV_040_PROJECT_NEG_2005,2005,The Comeback was canceled after its first season.,CONFIRMED_PUBLIC_SOURCE_RESEARCH_2026-08-16,CONFIRMED_PUBLIC_SOURCE_RESEARCH_2026-08-16,https://www.vogue.com/article/lisa-kudrow-saying-goodbye-to-valerie-cherish-the-comeback,https://www.vogue.com/article/lisa-kudrow-saying-goodbye-to-valerie-cherish-the-comeback,project_revived,project_cancellation,True,51,42,False,9,0.0,0.0,1,1.0,True,True,False,0.0
V4EXP_PAIR_033,V4_TARGET_EXPANSION_2026-08-16,NEW_DEV_2_CONSUMED,NEWDEV2_081,Elizabeth Banks,PROJECT,V4EXP_NEWDEV2_081_PROJECT_POS_2023,2023,Cocaine Bear exceeded expectations and produced materially stronger theatrical performance.,V4EXP_NEWDEV2_081_PROJECT_NEG_2019,2019,Charlie's Angels had weak box office relative to production budget and expectations.,CONFIRMED_PUBLIC_SOURCE_RESEARCH_2026-08-16,CONFIRMED_PUBLIC_SOURCE_RESEARCH_2026-08-16,https://www.the-numbers.com/movie/Cocaine-Bear-%282023%29,https://www.the-numbers.com/movie/Charlies-Angels-%282019%29,commercial_success,commercial_underperformance,True,49,45,False,4,0.0,0.0,2,0.5,True,True,False,0.0
V4EXP_PAIR_034,V4_TARGET_EXPANSION_2026-08-16,V2_NEW_DEV,MLV2_DEV_051,Steve Martin,PROJECT,V4EXP_MLV2_DEV_051_PROJECT_POS_2021,2021,Only Murders in the Building launched as a major streaming comedy hit.,V4EXP_MLV2_DEV_051_PROJECT_NEG_2011,2011,The Big Year was a large box-office failure relative to budget.,CONFIRMED_PUBLIC_SOURCE_RESEARCH_2026-08-16,CONFIRMED_PUBLIC_SOURCE_RESEARCH_2026-08-16,https://www.televisionacademy.com/features/news/press-releases/emmy-magazine-2022-05,https://www.the-numbers.com/movie/Big-Year-The,project_success,commercial_failure,True,76,66,False,10,0.0,0.0,1,1.0,True,True,False,0.0
V4EXP_PAIR_035,V4_TARGET_EXPANSION_2026-08-16,V2_NEW_DEV,MLV2_DEV_036,Laura Dern,PROJECT,V4EXP_MLV2_DEV_036_PROJECT_POS_2017,2017,Big Little Lies became a major Emmy-winning television success.,V4EXP_MLV2_DEV_036_PROJECT_NEG_2013,2013,Enlightened was canceled after two seasons despite critical acclaim.,CONFIRMED_PUBLIC_SOURCE_RESEARCH_2026-08-16,CONFIRMED_PUBLIC_SOURCE_RESEARCH_2026-08-16,https://www.televisionacademy.com/shows/big-little-lies,https://time.com/5722419/best-tv-shows-2010s-decade/,project_success,project_cancellation,True,50,46,False,4,0.0,0.0,1,1.0,True,True,False,0.0
V4EXP_PAIR_036,V4_TARGET_EXPANSION_2026-08-16,NEW_DEV_2_CONSUMED,NEWDEV2_100,Tony Shalhoub,PROJECT,V4EXP_NEWDEV2_100_PROJECT_POS_2002,2002,"Monk premiered and became a long-running, award-winning series.",V4EXP_NEWDEV2_100_PROJECT_NEG_2000,2000,Stark Raving Mad ended after one season.,CONFIRMED_PUBLIC_SOURCE_RESEARCH_2026-08-16,CONFIRMED_PUBLIC_SOURCE_RESEARCH_2026-08-16,https://www.usanetwork.com/usa-insider/what-has-monk-tony-shalhoub-been-in,https://www.usanetwork.com/usa-insider/what-has-monk-tony-shalhoub-been-in,project_success,project_cancellation,True,49,47,False,2,0.0,0.0,1,1.0,True,True,False,0.0
V4EXP_PAIR_037,V4_TARGET_EXPANSION_2026-08-16,V2_NEW_DEV,MLV2_DEV_028,Jane Curtin,PROJECT,V4EXP_MLV2_DEV_028_PROJECT_POS_1996,1996,3rd Rock from the Sun premiered and became a long-running Emmy-winning sitcom.,V4EXP_MLV2_DEV_028_PROJECT_NEG_1990,1990,Working It Out was canceled after a short run.,CONFIRMED_PUBLIC_SOURCE_RESEARCH_2026-08-16,CONFIRMED_PUBLIC_SOURCE_RESEARCH_2026-08-16,https://people.com/what-happened-to-cast-of-3rd-rock-from-the-sun-11889454,https://www.latimes.com/archives/la-xpm-1990-12-06-ca-8319-story.html,project_success,project_cancellation,True,49,43,False,6,0.0,0.0,1,1.0,True,True,False,0.0
V4EXP_PAIR_038,V4_TARGET_EXPANSION_2026-08-16,V2_NEW_DEV,MLV2_DEV_012,Billy Crystal,PROJECT,V4EXP_MLV2_DEV_012_PROJECT_POS_1999,1999,Analyze This became a major box-office success.,V4EXP_MLV2_DEV_012_PROJECT_NEG_1998,1998,My Giant produced weak box-office results.,CONFIRMED_PUBLIC_SOURCE_RESEARCH_2026-08-16,CONFIRMED_PUBLIC_SOURCE_RESEARCH_2026-08-16,https://www.the-numbers.com/movie/Analyze-This,https://www.the-numbers.com/movie/My-Giant,commercial_success,commercial_failure,True,51,50,False,1,0.0,0.0,1,1.0,True,True,False,0.0
V4EXP_PAIR_039,V4_TARGET_EXPANSION_2026-08-16,NEW_DEV_2_CONSUMED,NEWDEV2_084,Elizabeth Olsen,PROJECT,V4EXP_NEWDEV2_084_PROJECT_POS_2021,2021,WandaVision became a major critically acclaimed and Emmy-nominated success.,V4EXP_NEWDEV2_084_PROJECT_NEG_2013,2013,Oldboy was a commercial failure.,CONFIRMED_PUBLIC_SOURCE_RESEARCH_2026-08-16,CONFIRMED_PUBLIC_SOURCE_RESEARCH_2026-08-16,https://www.vanityfair.com/hollywood/2021/06/wandavision-was-elizabeth-olsens-exercise-in-reclaiming-her-and-wandas-power-little-gold-men,https://www.the-numbers.com/movie/Oldboy-%282013%29,project_success,commercial_failure,True,32,24,False,8,0.0,0.0,1,1.0,True,True,False,0.0
V4EXP_PAIR_040,V4_TARGET_EXPANSION_2026-08-16,V2_NEW_DEV,MLV2_DEV_054,Uma Thurman,PROJECT,V4EXP_MLV2_DEV_054_PROJECT_POS_2003,2003,Kill Bill: Volume 1 became a strong commercial success.,V4EXP_MLV2_DEV_054_PROJECT_NEG_1998,1998,The Avengers underperformed its production budget at the worldwide box office.,CONFIRMED_PUBLIC_SOURCE_RESEARCH_2026-08-16,CONFIRMED_PUBLIC_SOURCE_RESEARCH_2026-08-16,https://www.the-numbers.com/movie/Kill-Bill-Volume-1-%282003%29,https://www.the-numbers.com/movie/Avengers-The-%281998%29,commercial_success,commercial_failure,True,33,28,False,5,0.0,0.0,2,0.5,True,True,False,0.0
V4EXP_PAIR_041,V4_TARGET_EXPANSION_2026-08-16,V2_NEW_DEV,MLV2_DEV_044,Matthew McConaughey,PROJECT,V4EXP_MLV2_DEV_044_PROJECT_POS_2013,2013,Dallas Buyers Club earned strong box office relative to its small budget and major awards recognition.,V4EXP_MLV2_DEV_044_PROJECT_NEG_2005,2005,Sahara generated a large documented financial loss.,CONFIRMED_PUBLIC_SOURCE_RESEARCH_2026-08-16,CONFIRMED_PUBLIC_SOURCE_RESEARCH_2026-08-16,https://www.the-numbers.com/movie/Dallas-Buyers-Club,https://www.latimes.com/business/la-fi-movie15apr15-story.html,commercial_success,financial_failure,True,44,36,False,8,0.0,0.0,1,1.0,True,True,False,0.0
V4EXP_PAIR_042,V4_TARGET_EXPANSION_2026-08-16,V2_NEW_DEV,MLV2_DEV_011,Antonio Banderas,PROJECT,V4EXP_MLV2_DEV_011_PROJECT_POS_2011,2011,Puss in Boots became a large worldwide box-office success.,V4EXP_MLV2_DEV_011_PROJECT_NEG_2002,2002,Ballistic: Ecks vs. Sever was a severe financial and critical failure.,CONFIRMED_PUBLIC_SOURCE_RESEARCH_2026-08-16,CONFIRMED_PUBLIC_SOURCE_RESEARCH_2026-08-16,https://www.the-numbers.com/movie/Puss-in-Boots,https://www.the-numbers.com/movie/Ballistic-Ecks-vs-Sever,commercial_success,commercial_failure,True,51,42,False,9,0.0,0.0,1,1.0,True,True,False,0.0
V4EXP_PAIR_043,V4_TARGET_EXPANSION_2026-08-16,V2_NEW_DEV,MLV2_DEV_001,Aaron Eckhart,PROJECT,V4EXP_MLV2_DEV_001_PROJECT_POS_2016,2016,Sully became a strong worldwide box-office success.,V4EXP_MLV2_DEV_001_PROJECT_NEG_2014,2014,"I, Frankenstein produced weak worldwide box office relative to its production budget.",CONFIRMED_PUBLIC_SOURCE_RESEARCH_2026-08-16,CONFIRMED_PUBLIC_SOURCE_RESEARCH_2026-08-16,https://www.the-numbers.com/movie/Sully,https://www.the-numbers.com/movie/I-Frankenstein,commercial_success,commercial_underperformance,True,48,46,False,2,0.0,0.0,1,1.0,True,True,False,0.0
V4EXP_PAIR_044,V4_TARGET_EXPANSION_2026-08-16,V2_NEW_DEV,MLV2_DEV_057,Diane Keaton,PROJECT,V4EXP_MLV2_DEV_057_PROJECT_POS_2018,2018,Book Club became a large commercial hit relative to budget.,V4EXP_MLV2_DEV_057_PROJECT_NEG_2007,2007,Because I Said So was heavily criticized and retained as a source-confirmed negative project observation in the V4 review.,CONFIRMED_PUBLIC_SOURCE_RESEARCH_2026-08-16,CONFIRMED_PREVIOUS_V4_REVIEW,https://www.the-numbers.com/movie/Book-Club-%282018%29,Los Angeles Times / Rotten Tomatoes,commercial_success,overall_project_failure,True,72,61,False,11,0.0,0.0,2,0.5,True,True,False,0.0
V4EXP_PAIR_045,V4_TARGET_EXPANSION_2026-08-16,V2_NEW_DEV,MLV2_DEV_003,Jennifer Aniston,PROJECT,V4EXP_MLV2_DEV_003_PROJECT_POS_2013,2013,We're the Millers became a major commercial hit.,V4EXP_MLV2_DEV_003_PROJECT_NEG_2012,2012,Wanderlust failed to recoup its production budget theatrically.,CONFIRMED_PUBLIC_SOURCE_RESEARCH_2026-08-16,CONFIRMED_PUBLIC_SOURCE_RESEARCH_2026-08-16,https://www.the-numbers.com/movie/Were-the-Millers,https://www.the-numbers.com/movie/Wanderlust,commercial_success,commercial_failure,True,44,43,False,1,0.0,0.0,2,0.5,True,True,False,0.0
V4EXP_PAIR_046,V4_TARGET_EXPANSION_2026-08-16,NEW_DEV_2_CONSUMED,NEWDEV2_005,Bob Knight,STATUS,V4EXP_NEWDEV2_005_STATUS_POS_2001,2001,Was hired as Texas Tech head coach.,V4EXP_NEWDEV2_005_STATUS_NEG_2000,2000,Was fired as Indiana head coach.,CONFIRMED_PUBLIC_SOURCE_RESEARCH_2026-08-16,CONFIRMED_PUBLIC_SOURCE_RESEARCH_2026-08-16,https://texastech.com/news/2001/3/23/knight_returns_to_coaching_at_texas_tech,https://texastech.com/news/2001/3/23/knight_returns_to_coaching_at_texas_tech,role_gain,role_loss,True,61,60,False,1,0.0,0.0,2,0.5,True,True,False,0.0
V4EXP_PAIR_047,V4_TARGET_EXPANSION_2026-08-16,NEW_DEV_2_CONSUMED,NEWDEV2_041,Tom Foley,STATUS,V4EXP_NEWDEV2_041_STATUS_POS_1997,1997,Became U.S. Ambassador to Japan.,V4EXP_NEWDEV2_041_STATUS_NEG_1994,1994,Lost reelection to the U.S. House while serving as Speaker.,CONFIRMED_PUBLIC_SOURCE_RESEARCH_2026-08-16,CONFIRMED_PUBLIC_SOURCE_RESEARCH_2026-08-16,https://history.state.gov/departmenthistory/people/foley-thomas-stephen,https://history.house.gov/People/Detail/13275,appointment_gain,election_loss,True,68,65,False,3,0.0,0.0,2,0.5,True,True,False,0.0
V4EXP_PAIR_048,V4_TARGET_EXPANSION_2026-08-16,NEW_DEV_2_CONSUMED,NEWDEV2_066,George Galloway,STATUS,V4EXP_NEWDEV2_066_STATUS_POS_2012,2012,Won the Bradford West by-election and returned to Parliament.,V4EXP_NEWDEV2_066_STATUS_NEG_2010,2010,Lost the Poplar and Limehouse parliamentary election.,CONFIRMED_PUBLIC_SOURCE_RESEARCH_2026-08-16,CONFIRMED_PREVIOUS_V4_REVIEW,https://www.parliament.uk/business/news/news-by-year/2012/march/george-galloway-new-mp-for-bradford-west/,The Guardian election coverage,election_win,election_loss,True,58,56,False,2,0.0,0.0,3,0.3333333333333333,True,True,False,0.0
V4EXP_PAIR_049,V4_TARGET_EXPANSION_2026-08-16,NEW_DEV_2_CONSUMED,NEWDEV2_089,Robert Byrd,STATUS,V4EXP_NEWDEV2_089_STATUS_POS_1989,1989,Became President pro tempore of the U.S. Senate.,V4EXP_NEWDEV2_089_STATUS_NEG_1988,1988,Lost the Democratic Senate leadership contest to George Mitchell.,CONFIRMED_PUBLIC_SOURCE_RESEARCH_2026-08-16,CONFIRMED_PREVIOUS_V4_REVIEW,https://www.senate.gov/about/officers-staff/president-pro-tempore/presidents-pro-tempore.htm,U.S. Senate Historical Office / LA Times,appointment_gain,leadership_loss,True,72,71,False,1,0.0,0.0,2,0.5,True,True,False,0.0
V4EXP_PAIR_050,V4_TARGET_EXPANSION_2026-08-16,V2_NEW_DEV,MLV2_DEV_032,Jon Huntsman,STATUS,V4EXP_MLV2_DEV_032_STATUS_POS_2017,2017,Was appointed U.S. Ambassador to Russia.,V4EXP_MLV2_DEV_032_STATUS_NEG_2012,2012,Ended his presidential campaign after a disappointing New Hampshire result and insufficient support to continue.,CONFIRMED_PUBLIC_SOURCE_RESEARCH_2026-08-16,CONFIRMED_PUBLIC_SOURCE_RESEARCH_2026-08-16,https://history.state.gov/departmenthistory/people/huntsman-jon-m,https://www.gq.com/story/huntsmans-out-why-now,appointment_gain,election_campaign_loss,True,57,52,False,5,0.0,0.0,1,1.0,True,True,False,0.0
V4EXP_PAIR_051,V4_TARGET_EXPANSION_2026-08-16,NEW_DEV_2_CONSUMED,NEWDEV2_066,George Galloway,STATUS,V4EXP_NEWDEV2_066_STATUS_POS_2024,2024,Won the Rochdale by-election and returned to Parliament.,V4EXP_NEWDEV2_066_STATUS_NEG_2015,2015,Lost his parliamentary seat in the 2015 general election.,CONFIRMED_PUBLIC_SOURCE_RESEARCH_2026-08-16,CONFIRMED_PUBLIC_SOURCE_RESEARCH_2026-08-16,https://apnews.com/article/britain-gaza-israel-george-galloway-election-rochdale-d81f0a1674b342e71a228b5d76d35563,https://apnews.com/article/britain-gaza-israel-george-galloway-election-rochdale-d81f0a1674b342e71a228b5d76d35563,election_win,election_loss,True,70,61,False,9,0.0,0.0,3,0.3333333333333333,True,True,False,0.0
